Record_ID,Title,Authors,Year,Venue,DOI,DOI_URL,TA_Decision,Provisional_Task,Retrieval_Status,Retrieval_Resolution,Retrieval_Outcome,FT_Decision,Decision_Rationale,Author_Decision,Author_Notes,Date_Checked,Current_Inclusion_Status,Human_Verification,Evidence_Role,Claim_Boundary,Charting_Basis,Author_Charting_Verification
R00128,A case study of the 2018 Camp Fire event using HYSPLIT-based emission inverse modeling system with GOES Advanced Baseline Imager (ABI) observations and other measurements for wildfire smoke forecasts,T. Chai; Hyun Cheol Kim; A. Stein; D. Tong; Yunyao Li; S. Kondragunta,2020,,10.5194/egusphere-egu2020-12525,https://doi.org/10.5194/egusphere-egu2020-12525,Include for full text,Forecasting / simulation; Concentration mapping / monitoring; Emissions / source-term estimation,Not retrieved — inaccessible after documented attempts,No complete report accessible after Zotero-assisted and manual access attempts,Not retrieved,Not retrieved,Report not retrieved after documented access attempts; eligibility remains unknown and no findings are inferred.,Approve,Author approved all simplified full-text decisions on 2026-08-24.,2026-08-24,Not retrieved — inaccessible after documented attempts,Author approved retrieval outcome — 2026-08-24,"Primary candidate — direct fire-specific operational, plume, source/perimeter, exposure/action, or decision-interface evidence; full text required",No substantive claim because the complete report was unavailable.,Retrieval-only audit; no report-level coding or findings inferred,Not applicable — report unavailable
R00166,"A comprehensive review on post-wildfire impacts in California: environmental exposure, health risks, and resilience strategies.","Hossain, Mosharef; Talukder, Tasnia Tasnim",2025,Journal of Environmental Science and Health - Part A Toxic/Hazardous Substances and Environmental Engineering,10.1080/10934529.2025.2604445,https://doi.org/10.1080/10934529.2025.2604445,Include for full text,Evidence synthesis; Exposure / health-risk estimation; Intervention / decision support; Governance / equity,Retrieved,Author-supplied report validated and assessed,Retrieved,Include,"Retain as Fire-specific evidence synthesis. PRISMA-guided review of 47 California studies linking post-wildfire environmental exposure, health risk, resilience, monitoring, environmental justice, and policy responses.",Approve,Author approved title/decision/rationale review.,2026-08-23,Include,Author verified — approved 23 Aug 2026,Fire-specific evidence synthesis,"Supports California-specific scope, health, resilience, equity, and monitoring-context statements; it is not independent evidence that any autonomous system is operationally effective.",Full report text extracted and AI-assisted detailed charting proposal; no independent author verification of detailed fields claimed,Eligibility author-approved; detailed coding not independently author-verified; see data/coding_completeness.csv
R00168,"A comprehensive survey of research towards AI-enabled unmanned aerial systems in pre-, active-, and post-wildfire management",Sayed Pedram Haeri Boroujeni; Abolfazl Razi; Sahand Khoshdel; Fatemeh Afghah; J. Coen; Leo ONeill; P. Fulé; Adam C. Watts; Nick-Marios T. Kokolakis; K. Vamvoudakis,2024,Information Fusion,10.1016/j.inffus.2024.102369,https://doi.org/10.1016/j.inffus.2024.102369,Include for full text,Evidence synthesis; Intervention / decision planning,Retrieved,Public full-text candidate located,Retrieved,Include,Retain as Fire-specific evidence synthesis. The report synthesizes fire-specific evidence relevant to at least one review question and will be used with synthesis-level claim boundaries.,Approve,Author approved title/decision/rationale review.,2026-08-23,Include,Author verified — approved 23 Aug 2026,Fire-specific evidence synthesis,Used for scope comparison or evidence synthesis; it cannot substitute for primary comparative or deployment evidence.,AI-assisted extraction from validated full-report text; existing nonblank charting preserved; no independent author verification of detailed fields claimed,Eligibility author-approved; detailed coding not independently author-verified; see data/coding_completeness.csv
R00177,A Control-Theoretic Spatio-Temporal Model for Wildfire Smoke Propagation Using UAV-Based Air Pollutant Measurements,Prabhash Ragbir; A. Kaduwela; Xiaodong Lan; Adam C. Watts; Zhaodan Kong,2024,Drones,10.3390/drones8050169,https://doi.org/10.3390/drones8050169,Include for full text,Forecasting / simulation; Concentration mapping / monitoring,Retrieved,Public full-text candidate located,Retrieved,Include,"Retain as Direct fire-specific evidence. Retrieved report describes an eligible fire-specific sensing, modelling, exposure, intervention, governance, review, or material source/perimeter-input contribution.",Approve,Author approved title/decision/rationale review.,2026-08-23,Include,Author verified — approved 23 Aug 2026,Direct fire-specific evidence,"Supports the stated sensing or measurement task only; operational readiness depends on setting, validation, and deployment maturity.",AI-assisted extraction from validated full-report text; existing nonblank charting preserved; no independent author verification of detailed fields claimed,Eligibility author-approved; detailed coding not independently author-verified; see data/coding_completeness.csv
R00181,A COUPLED FOREST FIRE EMISSION AND ATMOSPHERIC DISPERSION MODEL: An Application to the Savannah River Site (SRS),P. Georgopoulos,2001,,,,Include for full text,Forecasting / simulation; Emissions / source-term estimation,Retrieved; report identity and minimum detail validated,Adequate matching report retrieved and validated,Retrieved,Include,"Retain as Direct fire-specific evidence. The full report evaluates fire-specific ambient pollution, smoke/plume behaviour, monitoring, forecasting, exposure, intervention, or a directly related evidence synthesis.",Approve,Author approved title/decision/rationale review.,2026-08-23,Include,Author verified — approved 23 Aug 2026,Direct fire-specific evidence,"Supports only the fire-specific task and evaluation setting described in the report; it does not by itself establish operational readiness, universal superiority, or cross-incident generalisation.",AI-assisted extraction from validated full-report text; existing nonblank charting preserved; no independent author verification of detailed fields claimed,Eligibility author-approved; detailed coding not independently author-verified; see data/coding_completeness.csv
R00182,A Coupled Wildfire-Emission and Dispersion Framework for Probabilistic PM2.5 Estimation,D. Melecio-Vázquez; C. Lautenberger; Ho-Chun Hsieh; Mike F. Amodeo; J. Porter; B. Wilson; Mariah Pope; Evelyn G. Shu; Valentin Waeselynck; E. Kearns,2023,Fire,10.3390/fire6060220,https://doi.org/10.3390/fire6060220,Include for full text,Forecasting / simulation; Concentration mapping / monitoring; Emissions / source-term estimation,Retrieved,Public full-text candidate located,Retrieved,Include,"Retain as Direct fire-specific evidence. Retrieved report describes an eligible fire-specific sensing, modelling, exposure, intervention, governance, review, or material source/perimeter-input contribution.",Approve,Author approved title/decision/rationale review.,2026-08-23,Include,Author verified — approved 23 Aug 2026,Direct fire-specific evidence,Supports the reported model/simulation task and validation setting; does not by itself establish real-time deployment or superior performance across incidents.,AI-assisted extraction from validated full-report text; existing nonblank charting preserved; no independent author verification of detailed fields claimed,Eligibility author-approved; detailed coding not independently author-verified; see data/coding_completeness.csv
R00195,A data - Model fusion methodology for mapping bushfire fuels for smoke emissions forecasting in forested landscapes of south-eastern Australia.,"Volkova, Liubov; Meyer, C P Mick; Haverd, Vanessa; Weston, Christopher J",2018,Journal of environmental management,10.1016/j.jenvman.2018.05.060,https://doi.org/10.1016/j.jenvman.2018.05.060,Include for full text,Forecasting / simulation; Concentration mapping / monitoring; Emissions / source-term estimation,Retrieved,Author-supplied full report retrieved,Retrieved,Include,"Retain as Direct fire-specific evidence. The full report evaluates fire-specific smoke, plume, air-quality, or exposure forecasting/simulation.",Approve,Author approved title/decision/rationale review.,2026-08-23,Include,Author verified — approved 23 Aug 2026,Direct fire-specific evidence,Supports the reported model or simulation task and validation setting; it does not establish universal superiority or real-time deployment.,"Full report was previously assessed, but report text is unavailable in the current archive; detailed charting remains incomplete",Eligibility author-approved; detailed coding not independently author-verified; see data/coding_completeness.csv
R00200,A Decentralized Importance-based Multi-UAV Path Planning Algorithm for Wildfire Monitoring,Towhidul Islam; Xiaolin Hu,2023,"IEEE International Conference on Systems, Man and Cybernetics",10.1109/smc53992.2023.10394301,https://doi.org/10.1109/smc53992.2023.10394301,Include for full text,Concentration mapping / monitoring; Source localisation / boundary tracking,Retrieved,Complete report retrieved and assessed during documented recovery audit,Retrieved,Include,"Retain as Conditional fire-source/perimeter input. Retrieved complete report contributes eligible fire-specific observation, source-state, forecasting, exposure/intervention, governance, or decision-interface evidence.",Approve,Author approved all simplified full-text decisions on 2026-08-24.,2026-08-24,Include,Author approved full-text eligibility — 2026-08-24,Conditional fire-source/perimeter input,"Supports simulated source-state monitoring and decentralised path planning; does not establish plume concentration, health, or field-deployment performance.",Retrieved full report assessed 24 Aug 2026; minimum coding prepared from report text and with no independent author verification of detailed fields claimed.,Eligibility author-approved; detailed coding not independently author-verified; see data/coding_completeness.csv
R00215,A distributed control framework for a team of unmanned aerial vehicles for dynamic wildfire tracking,H. Pham; H. La; David Feil-Seifer; M. Deans,2017,IEEE/RJS International Conference on Intelligent RObots and Systems,10.1109/iros.2017.8206579,https://doi.org/10.1109/iros.2017.8206579,Include for full text,Source localisation / boundary tracking,Retrieved,Public full-text candidate located,Retrieved,Exclude,"2017 IROS conference report has nearly identical title, authors and abstract to R00216 (2018 TSMC journal). Check whether the journal article materially extends it; if not, retain the final/extended report only.",Approve,Superseded conference version; reconciled to fuller journal report R00216.,2026-08-23,Exclude,Author verified — approved 23 Aug 2026,Not included — superseded report,,AI-assisted extraction from validated full-report text; existing nonblank charting preserved; no independent author verification of detailed fields claimed,Not applicable — excluded report
R00216,A Distributed Control Framework of Multiple Unmanned Aerial Vehicles for Dynamic Wildfire Tracking,H. Pham; H. La; David Feil-Seifer; M. Deans,2018,"IEEE Transactions on Systems, Man & Cybernetics. Systems",10.1109/tsmc.2018.2815988,https://doi.org/10.1109/tsmc.2018.2815988,Include for full text,Source localisation / boundary tracking,Retrieved,Public full-text candidate located,Retrieved,Include,"2018 TSMC journal report has nearly identical title, authors and abstract to R00215. Check whether both should count as distinct reports or the conference version should be merged/superseded.",Approve,Retained as the representative fuller journal report for the multi-UAV wildfire-tracking framework.,2026-08-23,Include,Author verified — approved 23 Aug 2026,Conditional fire-source/perimeter input,Supplies a possible source/perimeter input; it is not direct evidence of pollutant concentration mapping or health protection.,AI-assisted extraction from validated full-report text; existing nonblank charting preserved; no independent author verification of detailed fields claimed,Eligibility author-approved; detailed coding not independently author-verified; see data/coding_completeness.csv
R00217,A Distributed Deep Learning Approach for A Team of Unmanned Aerial Vehicles for Wildfire Tracking and Coverage,Kripash Shrestha; Hung M. La; Hyung-Jin Yoon,2022,International Conference on Robotic Computing,10.1109/irc55401.2022.00061,https://doi.org/10.1109/irc55401.2022.00061,Include for full text,Source localisation / boundary tracking,Retrieved,Complete report retrieved and assessed during documented recovery audit,Retrieved,Include,"Retain as Conditional fire-source/perimeter input. Retrieved complete report contributes eligible fire-specific observation, source-state, forecasting, exposure/intervention, governance, or decision-interface evidence.",Approve,Author approved all simplified full-text decisions on 2026-08-24.,2026-08-24,Include,Author approved full-text eligibility — 2026-08-24,Conditional fire-source/perimeter input,Supports simulated UAV coverage of a changing fire state; no smoke concentration or operational deployment evidence.,Retrieved full report assessed 24 Aug 2026; minimum coding prepared from report text and with no independent author verification of detailed fields claimed.,Eligibility author-approved; detailed coding not independently author-verified; see data/coding_completeness.csv
R00248,A Forest Fire Smoke Monitoring System Based on a Lightweight Neural Network for Edge Devices,Jingwen Huang; Huizhou Yang; Yunfei Liu; Han Liu,2024,Forests,10.3390/f15071092,https://doi.org/10.3390/f15071092,Include for full text,Concentration mapping / monitoring,Retrieved,Public full-text candidate located,Retrieved,Exclude,"Flame/smoke visual detection only. Camera-based early fire detection; no ambient concentration, plume mapping, or response output.",Approve,Author approved title/decision/rationale review.,2026-08-23,Exclude,Author verified — approved 23 Aug 2026,Not included,,,Not applicable — excluded report
R00329,A look at the evolution of methods for forecasting wildfire and prescribed burn impacts on air quality,M. Talat Odman; Yongtao Hu; F. Garcia‐Menendez; Aika Y. Davis; Michael E. Chang; A. Russell,2013,,,,Include for full text,Forecasting / simulation; Concentration mapping / monitoring,Not retrieved — inaccessible after documented attempts,No complete report accessible after Zotero-assisted and manual access attempts,Not retrieved,Not retrieved,Report not retrieved after documented access attempts; eligibility remains unknown and no findings are inferred.,Approve,Author approved all simplified full-text decisions on 2026-08-24.,2026-08-24,Not retrieved — inaccessible after documented attempts,Author approved retrieval outcome — 2026-08-24,"Primary candidate — direct fire-specific operational, plume, source/perimeter, exposure/action, or decision-interface evidence; full text required",No substantive claim because the complete report was unavailable.,Retrieval-only audit; no report-level coding or findings inferred,Not applicable — report unavailable
R00331,A low-cost particulate matter (PM 2.5 ) monitor for wildland fire smoke,Scott Kelleher; C. Quinn; Daniel Miller-Lionberg; J. Volckens,2018,Atmospheric Measurement Techniques,10.5194/amt-11-1087-2018,https://doi.org/10.5194/amt-11-1087-2018,Include for full text,Concentration mapping / monitoring,Retrieved,Public full-text candidate located,Retrieved,Include,"Retain as Direct fire-specific evidence. Retrieved report describes an eligible fire-specific sensing, modelling, exposure, intervention, governance, review, or material source/perimeter-input contribution.",Approve,Author approved title/decision/rationale review.,2026-08-23,Include,Author verified — approved 23 Aug 2026,Direct fire-specific evidence,"Supports the stated sensing or measurement task only; operational readiness depends on setting, validation, and deployment maturity.",AI-assisted extraction from validated full-report text; existing nonblank charting preserved; no independent author verification of detailed fields claimed,Eligibility author-approved; detailed coding not independently author-verified; see data/coding_completeness.csv
R00332,A low-cost PM 2.5 monitor for wildland fire smoke,Scott Kelleher; C. Quinn; Daniel Miller-Lionberg; J. Volckens,2017,Atmospheric Measurement Techniques Discussions,10.5194/amt-2017-358,https://doi.org/10.5194/amt-2017-358,Include for full text,Concentration mapping / monitoring,Retrieved; report identity and minimum detail validated,Adequate matching report retrieved and validated,Retrieved,Exclude,Superseded publication version: 2017 AMT Discussions report has the same study/title/authors as the 2018 final AMT article R00331.,Approve,Superseded publication version; reconciled to R00331.,2026-08-23,Exclude,Author verified — approved 23 Aug 2026,Not included — superseded report,,AI-assisted extraction from validated full-report text; existing nonblank charting preserved; no independent author verification of detailed fields claimed,Not applicable — excluded report
R00357,A model for rapid PM2.5 exposure estimates in wildfire conditions using routinely available data: rapidfire v0.1.3.,"Raffuse, Sean; O'Neill, Susan; Schmidt, Rebecca",2024,Geoscientific model development,10.5194/gmd-17-381-2024,https://doi.org/10.5194/gmd-17-381-2024,Include for full text,Exposure / health-risk estimation; Forecasting / simulation; Concentration mapping / monitoring,Retrieved,Public full-text candidate located,Retrieved,Include,"Retain as Direct fire-specific evidence. Retrieved report describes an eligible fire-specific sensing, modelling, exposure, intervention, governance, review, or material source/perimeter-input contribution.",Approve,Author approved title/decision/rationale review.,2026-08-23,Include,Author verified — approved 23 Aug 2026,Direct fire-specific evidence,"Operational relevance is supported by the retrieved report, but task coding is retained conservatively and is not claimed as independently author-verified.",AI-assisted extraction from validated full-report text; existing nonblank charting preserved; no independent author verification of detailed fields claimed,Eligibility author-approved; detailed coding not independently author-verified; see data/coding_completeness.csv
R00358,A Model of the Emission and Dispersion of Pollutants From a Prescribed Forest Fire in a Typical Eastern Oak Forest,P. Rajput,2010,,,,Include for full text,Forecasting / simulation; Emissions / source-term estimation,Not retrieved — inaccessible after documented attempts,No complete report accessible after Zotero-assisted and manual access attempts,Not retrieved,Not retrieved,Report not retrieved after documented access attempts; eligibility remains unknown and no findings are inferred.,Approve,Author approved all simplified full-text decisions on 2026-08-24.,2026-08-24,Not retrieved — inaccessible after documented attempts,Author approved retrieval outcome — 2026-08-24,"Primary candidate — direct fire-specific operational, plume, source/perimeter, exposure/action, or decision-interface evidence; full text required",No substantive claim because the complete report was unavailable.,Retrieval-only audit; no report-level coding or findings inferred,Not applicable — report unavailable
R00360,A modeling approach for aerosol optical depth analysis during forest fire events,Aubé M.; O'Neill N.T.; Royer A.; Lavoué D.,2004,Proceedings of SPIE - The International Society for Optical Engineering,10.1117/12.558715,https://doi.org/10.1117/12.558715,Include for full text,Forecasting / simulation; Concentration mapping / monitoring,Retrieved,Complete report retrieved and assessed during documented recovery audit,Retrieved,Include,"Retain as Direct fire-specific evidence. Retrieved complete report contributes eligible fire-specific observation, source-state, forecasting, exposure/intervention, governance, or decision-interface evidence.",Approve,Author approved all simplified full-text decisions on 2026-08-24.,2026-08-24,Include,Author approved full-text eligibility — 2026-08-24,Direct fire-specific evidence,Supports AOD assimilation and smoke-event mapping under the evaluated event; does not establish general real-time operational performance.,Retrieved full report assessed 24 Aug 2026; minimum coding prepared from report text and with no independent author verification of detailed fields claimed.,Eligibility author-approved; detailed coding not independently author-verified; see data/coding_completeness.csv
R00391,A national crowdsourced network of low-cost fine particulate matter and aerosol optical depth monitors: Results from the 2021 wildfire season in the United States,Eric A. Wendt; B. Ford; M. Cheeseman; Zoey Rosen; Jeffrey R Pierce; S. Jathar; C. L'orange; C. Quinn; M. Long; J. Mehaffy; Daniel Miller-Lionberg; D. Hagan; J. Volckens,2023,Environmental Science: Atmospheres,10.1039/d3ea00086a,https://doi.org/10.1039/d3ea00086a,Include for full text,Concentration mapping / monitoring,Retrieved,Complete report retrieved and assessed during documented recovery audit,Retrieved,Include,"Retain as Direct fire-specific evidence. Retrieved complete report contributes eligible fire-specific observation, source-state, forecasting, exposure/intervention, governance, or decision-interface evidence.",Approve,Author approved all simplified full-text decisions on 2026-08-24.,2026-08-24,Include,Author approved full-text eligibility — 2026-08-24,Direct fire-specific evidence,Supports feasibility and limitations of paired low-cost PM2.5/AOD field monitoring; not a validated incident-response network.,Retrieved full report assessed 24 Aug 2026; minimum coding prepared from report text and with no independent author verification of detailed fields claimed.,Eligibility author-approved; detailed coding not independently author-verified; see data/coding_completeness.csv
R00396,A Neural Network based Path Planning Algorithm for Extinguishing Forest Fires,M.P.Sivaram Kumar; S.Rajasekaran,2012,,,,Include for full text,Source localisation / boundary tracking,Retrieved; report identity and minimum detail validated,Adequate matching report retrieved and validated,Retrieved,Exclude,"No demonstrated ambient-pollution interface. The report addresses fire spread, suppression, routing, or evacuation without evaluating a plume, emissions, concentration, exposure, or health-decision interface.",Approve,Author approved title/decision/rationale review.,2026-08-23,Exclude,Author verified — approved 23 Aug 2026,Contextual fire-response evidence,,,Not applicable — excluded report
R00415,A new predictive framework for Amazon forest fire smoke dispersion over South America,Vara-Vela A.L.; Herdies D.L.; Alvim D.S.; Vendrasco É.P.; Figueroa S.N.; Pendharkar J.; Fernandez J.P.R.,2021,Bulletin of The American Meteorological Society - (BAMS),10.1175/bams-d-21-0018.1,https://doi.org/10.1175/bams-d-21-0018.1,Include for full text,Forecasting / simulation,Retrieved,Public full-text candidate located,Retrieved,Include,"Retain as Direct fire-specific evidence. Retrieved report describes an eligible fire-specific sensing, modelling, exposure, intervention, governance, review, or material source/perimeter-input contribution.",Approve,Author approved title/decision/rationale review.,2026-08-23,Include,Author verified — approved 23 Aug 2026,Direct fire-specific evidence,Supports the reported model/simulation task and validation setting; does not by itself establish real-time deployment or superior performance across incidents.,"Full report was previously assessed, but report text is unavailable in the current archive; detailed charting remains incomplete",Eligibility author-approved; detailed coding not independently author-verified; see data/coding_completeness.csv
R00420,A newly developed Lagrangian chemical transport scheme: Part 1. Simulation of a boreal forest fire plume.,"Liu, Yayong; Huang, Yufei; Liggio, John; Hayden, Katherine; Mihele, Cris; Wentzell, Jeremy; Wheeler, Michael; Leithead, Amy; Moussa, Samar; Xie, Conghui; Yang, Yanrong; Zhang, Yuheng; Han, Tianran; Li, Shao-Meng",2023,The Science of the total environment,10.1016/j.scitotenv.2023.163232,https://doi.org/10.1016/j.scitotenv.2023.163232,Include for full text,Forecasting / simulation,Retrieved,Complete report retrieved and assessed during documented recovery audit,Retrieved,Include,"Retain as Direct fire-specific evidence. Retrieved complete report contributes eligible fire-specific observation, source-state, forecasting, exposure/intervention, governance, or decision-interface evidence.",Approve,Author approved all simplified full-text decisions on 2026-08-24.,2026-08-24,Include,Author approved full-text eligibility — 2026-08-24,Direct fire-specific evidence,Supports retrospective chemical evolution modelling for sampled boreal plumes; not general operational smoke forecasting.,Retrieved full report assessed 24 Aug 2026; minimum coding prepared from report text and with no independent author verification of detailed fields claimed.,Eligibility author-approved; detailed coding not independently author-verified; see data/coding_completeness.csv
R00429,A Novel Drone Design Based on a Reconfigurable Unmanned Aerial Vehicle for Wildfire Management,Dimitris Perikleous; George Koustas; Spyros Velanas; Katerina Margariti; Pantelis Velanas; Diego González‐Aguilera,2024,Drones,10.3390/drones8050203,https://doi.org/10.3390/drones8050203,Uncertain,Background / enabling method,Retrieved,Public full-text candidate located,Retrieved,Exclude,No evaluated fire-plume task. General reconfigurable UAV design and payload discussion without a fire-plume sensing or response evaluation.,Approve,Author approved title/decision/rationale review.,2026-08-23,Exclude,Author verified — approved 23 Aug 2026,Not included,,,Not applicable — excluded report
R00431,A novel fixed-time control scheme for multi-UAV wildfire tracking with dynamic reconfiguration and fault tolerance,Joewell T. Mawanza; Musa Manganda; Owoicho E. Ijiga,2025,Systems Science & Control Engineering,10.1080/21642583.2025.2587840,https://doi.org/10.1080/21642583.2025.2587840,Include for full text,Source localisation / boundary tracking,Retrieved,Complete report retrieved and assessed during documented recovery audit,Retrieved,Include,"Retain as Conditional fire-source/perimeter input. Retrieved complete report contributes eligible fire-specific observation, source-state, forecasting, exposure/intervention, governance, or decision-interface evidence.",Approve,Author approved all simplified full-text decisions on 2026-08-24.,2026-08-24,Include,Author approved full-text eligibility — 2026-08-24,Conditional fire-source/perimeter input,Supports simulated resilient UAV tracking of a fire state; no ambient-pollution or field-deployment validation.,Retrieved full report assessed 24 Aug 2026; minimum coding prepared from report text and with no independent author verification of detailed fields claimed.,Eligibility author-approved; detailed coding not independently author-verified; see data/coding_completeness.csv
R00432,A novel framework for assessing regional wildfires contributions to biomass burning aerosol optical depth,M. Broda; O. Zawadzka‐Manko; K. Markowicz; Peng Xian; E. Hyer,2025,Atmospheric Chemistry and Physics,10.5194/acp-25-14015-2025,https://doi.org/10.5194/acp-25-14015-2025,Include for full text,Concentration mapping / monitoring,Retrieved,Public full-text candidate located,Retrieved,Include,"Retain as Direct fire-specific evidence. Retrieved report describes an eligible fire-specific sensing, modelling, exposure, intervention, governance, review, or material source/perimeter-input contribution.",Approve,Author approved title/decision/rationale review.,2026-08-23,Include,Author verified — approved 23 Aug 2026,Direct fire-specific evidence,"Supports the stated sensing or measurement task only; operational readiness depends on setting, validation, and deployment maturity.",AI-assisted extraction from validated full-report text; existing nonblank charting preserved; no independent author verification of detailed fields claimed,Eligibility author-approved; detailed coding not independently author-verified; see data/coding_completeness.csv
R00484,A Regression Model for Smoke Plume Rise of Prescribed Fires Using Meteorological Conditions,Yongqiang Liu,2014,Journal of Applied Meteorology and Climatology,10.1175/jamc-d-13-0114.1,https://doi.org/10.1175/jamc-d-13-0114.1,Include for full text,Forecasting / simulation,Retrieved,Author-supplied report validated and assessed,Retrieved,Include,Retain as Direct fire-specific evidence. Develops and cross-validates a practical smoke-plume-rise regression using observations from 20 prescribed fires.,Approve,Author approved title/decision/rationale review.,2026-08-23,Include,Author verified — approved 23 Aug 2026,Direct fire-specific evidence,Supports prescribed-fire plume-rise estimation under the sampled southeastern U.S. conditions; it does not establish wildfire generalization or operational end-to-end deployment.,Full report text extracted and AI-assisted detailed charting proposal; no independent author verification of detailed fields claimed,Eligibility author-approved; detailed coding not independently author-verified; see data/coding_completeness.csv
R00485,A Reinforcement Learning Approach for Wildfire Tracking With UAV Swarms,Carles Díaz-Vilor; A. Lozano; Hamid Jafarkhani,2024,IEEE Transactions on Wireless Communications,10.1109/twc.2024.3524324,https://doi.org/10.1109/twc.2024.3524324,Include for full text,Source localisation / boundary tracking,Retrieved,Public full-text candidate located,Retrieved,Include,"Retain as Conditional fire-source/perimeter input. Retrieved report describes an eligible fire-specific sensing, modelling, exposure, intervention, governance, review, or material source/perimeter-input contribution.",Approve,Author approved title/decision/rationale review.,2026-08-23,Include,Author verified — approved 23 Aug 2026,Conditional fire-source/perimeter input,Supplies a possible source/perimeter input; it is not direct evidence of pollutant concentration mapping or health protection.,AI-assisted extraction from validated full-report text; existing nonblank charting preserved; no independent author verification of detailed fields claimed,Eligibility author-approved; detailed coding not independently author-verified; see data/coding_completeness.csv
R00494,A review of approaches to estimate wildfire plume injection height within large-scale atmospheric chemical transport models,R. Paugam; M. Wooster; S. Freitas; Maria Val Martin,2015,Atmospheric Chemistry and Physics,10.5194/acp-16-907-2016,https://doi.org/10.5194/acp-16-907-2016,Include for full text,Evidence synthesis; Forecasting / simulation,Retrieved,Public full-text candidate located,Retrieved,Include,"Retain as Fire-specific evidence synthesis. Retrieved report describes an eligible fire-specific sensing, modelling, exposure, intervention, governance, review, or material source/perimeter-input contribution.",Approve,Author approved title/decision/rationale review.,2026-08-23,Include,Author verified — approved 23 Aug 2026,Fire-specific evidence synthesis,Used for scope comparison or evidence synthesis; primary-study claims are checked against underlying evidence where material.,AI-assisted extraction from validated full-report text; existing nonblank charting preserved; no independent author verification of detailed fields claimed,Eligibility author-approved; detailed coding not independently author-verified; see data/coding_completeness.csv
R00499,A Review of Community Smoke Exposure from Wildfire Compared to Prescribed Fire in the United States,Kathleen M Navarro; Donald W. Schweizer; J. Balmes; Ricardo Cisneros,2018,Atmosphere,10.3390/atmos9050185,https://doi.org/10.3390/atmos9050185,Include for full text,Evidence synthesis; Exposure / health-risk estimation,Retrieved,Public full-text candidate located,Retrieved,Include,"Retain as Fire-specific evidence synthesis. Retrieved report describes an eligible fire-specific sensing, modelling, exposure, intervention, governance, review, or material source/perimeter-input contribution.",Approve,Author approved title/decision/rationale review.,2026-08-23,Include,Author verified — approved 23 Aug 2026,Fire-specific evidence synthesis,Used for scope comparison or evidence synthesis; primary-study claims are checked against underlying evidence where material.,AI-assisted extraction from validated full-report text; existing nonblank charting preserved; no independent author verification of detailed fields claimed,Eligibility author-approved; detailed coding not independently author-verified; see data/coding_completeness.csv
R00530,A Review of Wildland Fire and Air Quality Management,D. Fox; A. Riebau,2013,,10.1007/978-3-642-32530-4_5,https://doi.org/10.1007/978-3-642-32530-4_5,Include for full text,Evidence synthesis; Concentration mapping / monitoring,Not retrieved — inaccessible after documented attempts,No complete report accessible after Zotero-assisted and manual access attempts,Not retrieved,Not retrieved,Report not retrieved after documented access attempts; eligibility remains unknown and no findings are inferred.,Approve,Author approved all simplified full-text decisions on 2026-08-24.,2026-08-24,Not retrieved — inaccessible after documented attempts,Author approved retrieval outcome — 2026-08-24,Eligible full-text candidate; evidence not used because the complete report was unavailable,No substantive claim because the complete report was unavailable.,Retrieval-only audit; no report-level coding or findings inferred,Not applicable — report unavailable
R00540,A review on early wildfire detection from unmanned aerial vehicles using deep learning-based computer vision algorithms,Abdelmalek Bouguettaya; Hafed Zarzour; Amine Mohammed Taberkit; A. Kechida,2021,Signal Processing,10.1016/j.sigpro.2021.108309,https://doi.org/10.1016/j.sigpro.2021.108309,Include for full text,Early detection; smoke/flame recognition; review / positioning,Retrieved — adequate report,Complete report validated and assessed,Retrieved — adequate report,Include,"Retain as Closest-review positioning and fire-specific detection synthesis. Complete report assessed 22 Aug 2026; Synthesises UAV-based deep-learning methods for early wildfire flame and smoke detection, including accuracy-speed and onboard-compute trade-offs.",Approve,Author approved title/decision/rationale review.,2026-08-23,Include,Author verified — approved 23 Aug 2026,Closest-review positioning and fire-specific detection synthesis,"Useful for positioning and identifying fire-detection design constraints. It does not establish that one model family is generally superior, that UAV detection is operationally robust, or that detection alone supports plume or health response.","Complete report assessed 22 Aug 2026; Synthesises UAV-based deep-learning methods for early wildfire flame and smoke detection, including accuracy-speed and onboard-compute trade-offs.",Eligibility author-approved; detailed coding not independently author-verified; see data/coding_completeness.csv
R00556,"A scoping review of wildfire smoke risk communications: issues, gaps, and recommendations.","Vien, Morgan H; Ivey, Susan L; Boyden, Hollynd; Holm, Stephanie; Neuhauser, Linda",2024,BMC public health,10.1186/s12889-024-17681-0,https://doi.org/10.1186/s12889-024-17681-0,Include for full text,Evidence synthesis; Intervention / decision planning,Retrieved,Public full-text candidate located,Retrieved,Include,"Retain as Fire-specific evidence synthesis. Retrieved report describes an eligible fire-specific sensing, modelling, exposure, intervention, governance, review, or material source/perimeter-input contribution.",Approve,Author approved title/decision/rationale review.,2026-08-23,Include,Author verified — approved 23 Aug 2026,Fire-specific evidence synthesis,Used for scope comparison or evidence synthesis; primary-study claims are checked against underlying evidence where material.,AI-assisted extraction from validated full-report text; existing nonblank charting preserved; no independent author verification of detailed fields claimed,Eligibility author-approved; detailed coding not independently author-verified; see data/coding_completeness.csv
R00593,"A State of the Science Review of Wildfire-Specific Fine Particulate Matter Data Sources, Methods, and Models.","Orr, Ava; Adam, Claire E; Graham, Jon; Holden, Zachary A; Hu, Lu; Jaffar, Zeina; Leary, Cindy; Migliaccio, Christopher T; Mullan, Katrina; Noonan, Curtis; Semmens, Erin O; Urbanski, Shawn; Walker, Ethan; Landguth, Erin L",2025,Environmental health perspectives,10.1289/ehp15672,https://doi.org/10.1289/ehp15672,Include for full text,Evidence synthesis; Forecasting / simulation; Concentration mapping / monitoring,Retrieved,Public full-text candidate located,Retrieved,Include,"Retain as Fire-specific evidence synthesis. Retrieved report describes an eligible fire-specific sensing, modelling, exposure, intervention, governance, review, or material source/perimeter-input contribution.",Approve,Author approved title/decision/rationale review.,2026-08-23,Include,Author verified — approved 23 Aug 2026,Fire-specific evidence synthesis,Used for scope comparison or evidence synthesis; primary-study claims are checked against underlying evidence where material.,"Full report was previously assessed, but report text is unavailable in the current archive; detailed charting remains incomplete",Eligibility author-approved; detailed coding not independently author-verified; see data/coding_completeness.csv
R00596,A statistical model for determining impact of wildland fires on Particulate Matter (PM₂.₅) in Central California aided by satellite imagery of smoke.,"Preisler, Haiganoush K; Schweizer, Donald; Cisneros, Ricardo; Procter, Trent; Ruminski, Mark; Tarnay, Leland",2015,"Environmental pollution (Barking, Essex : 1987)",10.1016/j.envpol.2015.06.018,https://doi.org/10.1016/j.envpol.2015.06.018,Include for full text,Forecasting / simulation; Concentration mapping / monitoring,Retrieved,Complete report retrieved and assessed during documented recovery audit,Retrieved,Include,"Retain as Direct fire-specific evidence. Retrieved complete report contributes eligible fire-specific observation, source-state, forecasting, exposure/intervention, governance, or decision-interface evidence.",Approve,Author approved all simplified full-text decisions on 2026-08-24.,2026-08-24,Include,Author approved full-text eligibility — 2026-08-24,Direct fire-specific evidence,Supports retrospective estimation of wildfire-related PM2.5 under the evaluated setting; not autonomous incident response.,Retrieved full report assessed 24 Aug 2026; minimum coding prepared from report text and with no independent author verification of detailed fields claimed.,Eligibility author-approved; detailed coding not independently author-verified; see data/coding_completeness.csv
R00598,A Statistical Model for Multisource Remote-Sensing Data Streams of Wildfire Aerosol Optical Depth,Guan Wei; V. Krishnan; Yu Xie; M. Sengupta; Yingchen Zhang; Haitao Liao; Xiao Liu,2024,INFORMS Journal on Data Science,10.1287/ijds.2021.0058,https://doi.org/10.1287/ijds.2021.0058,Include for full text,Forecasting / simulation; Concentration mapping / monitoring,Retrieved; report identity and minimum detail validated,Adequate matching report retrieved and validated,Retrieved,Include,"Retain as Direct fire-specific evidence. The full report evaluates fire-specific ambient pollution, smoke/plume behaviour, monitoring, forecasting, exposure, intervention, or a directly related evidence synthesis.",Approve,Author approved title/decision/rationale review.,2026-08-23,Include,Author verified — approved 23 Aug 2026,Direct fire-specific evidence,"Supports only the fire-specific task and evaluation setting described in the report; it does not by itself establish operational readiness, universal superiority, or cross-incident generalisation.",AI-assisted extraction from validated full-report text; existing nonblank charting preserved; no independent author verification of detailed fields claimed,Eligibility author-approved; detailed coding not independently author-verified; see data/coding_completeness.csv
R00658,A systematic review of human behavioral response to wildfire smoke,Caroline Beckman; Isabela Miñana Lovelace; Francisca N. Santana; Megan Czerwinski; S. Bell; A. P. Fischer,2025,Environmental Research Letters,10.1088/1748-9326/ae20ae,https://doi.org/10.1088/1748-9326/ae20ae,Include for full text,Evidence synthesis,Retrieved; report identity and minimum detail validated,Adequate matching report retrieved and validated,Retrieved,Include,Retain as Fire-specific evidence synthesis. The report synthesizes fire-specific evidence relevant to an observation-to-action review question.,Approve,Author approved title/decision/rationale review.,2026-08-23,Include,Author verified — approved 23 Aug 2026,Fire-specific evidence synthesis,Supports statements about the scope and reported findings of the reviewed literature; it is not independent deployment evidence and cannot establish algorithmic superiority.,AI-assisted extraction from validated full-report text; existing nonblank charting preserved; no independent author verification of detailed fields claimed,Eligibility author-approved; detailed coding not independently author-verified; see data/coding_completeness.csv
R00662,A systematic review of the health impacts of occupational exposure to wildland fires.,"Groot, Emily; Caturay, Alexa; Khan, Yasmin; Copes, Ray",2019,International journal of occupational medicine and environmental health,10.13075/ijomeh.1896.01326,https://doi.org/10.13075/ijomeh.1896.01326,Include for full text,Evidence synthesis; Exposure / health-risk estimation,Retrieved; report identity and minimum detail validated,Adequate matching report retrieved and validated,Retrieved,Include,Retain as Fire-specific evidence synthesis. The report synthesizes fire-specific evidence relevant to an observation-to-action review question.,Approve,Author approved title/decision/rationale review.,2026-08-23,Include,Author verified — approved 23 Aug 2026,Fire-specific evidence synthesis,Supports statements about the scope and reported findings of the reviewed literature; it is not independent deployment evidence and cannot establish algorithmic superiority.,AI-assisted extraction from validated full-report text; existing nonblank charting preserved; no independent author verification of detailed fields claimed,Eligibility author-approved; detailed coding not independently author-verified; see data/coding_completeness.csv
R00664,A systematic review of the physical health impacts from non-occupational exposure to wildfire smoke.,"Liu, Jia C; Pereira, Gavin; Uhl, Sarah A; Bravo, Mercedes A; Bell, Michelle L",2015,Environmental research,10.1016/j.envres.2014.10.015,https://doi.org/10.1016/j.envres.2014.10.015,Include for full text,Evidence synthesis; Exposure / health-risk estimation,Retrieved,Public full-text candidate located,Retrieved,Include,"Retain as Fire-specific evidence synthesis. Retrieved report describes an eligible fire-specific sensing, modelling, exposure, intervention, governance, review, or material source/perimeter-input contribution.",Approve,Author approved title/decision/rationale review.,2026-08-23,Include,Author verified — approved 23 Aug 2026,Fire-specific evidence synthesis,Used for scope comparison or evidence synthesis; primary-study claims are checked against underlying evidence where material.,"Full report was previously assessed, but report text is unavailable in the current archive; detailed charting remains incomplete",Eligibility author-approved; detailed coding not independently author-verified; see data/coding_completeness.csv
R00666,A Systematic Review of UAV Structure and Monitoring Models for Forest Fire Detection,Jiajun Hu; Dongxu Lin; Qiushan Liu,2025,Highlights in Science Engineering and Technology,10.54097/tdbyh330,https://doi.org/10.54097/tdbyh330,Include for full text,Evidence synthesis; Forecasting / simulation; Concentration mapping / monitoring; Detection,Retrieved,Public full-text candidate located,Retrieved,Include,Retain as Fire-specific evidence synthesis. The report synthesizes fire-specific evidence relevant to at least one review question and will be used with synthesis-level claim boundaries.,Approve,Author approved title/decision/rationale review.,2026-08-23,Include,Author verified — approved 23 Aug 2026,Fire-specific evidence synthesis,Used for scope comparison or evidence synthesis; it cannot substitute for primary comparative or deployment evidence.,AI-assisted extraction from validated full-report text; existing nonblank charting preserved; no independent author verification of detailed fields claimed,Eligibility author-approved; detailed coding not independently author-verified; see data/coding_completeness.csv
R00675,"A two-year indoor-outdoor monitoring study of household clean air interventions during ambient and wildfire smoke periods in King County, Washington.","Teigen, Katharine A; Cortes Espinosa, Mariana; McKinley, Hannah; Reed, Anna; Berrang, Elizabeth; Ramos-Vazquez, Julio; Houston, C Addison; Busch Isaksen, Tania",2026,Environmental research communications,10.1088/2515-7620/ae69a6,https://doi.org/10.1088/2515-7620/ae69a6,Include for full text,Intervention / decision planning; Concentration mapping / monitoring,Retrieved,Public full-text candidate located,Retrieved,Include,"Retain as Direct fire-specific evidence. Retrieved report describes an eligible fire-specific sensing, modelling, exposure, intervention, governance, review, or material source/perimeter-input contribution.",Approve,Author approved title/decision/rationale review.,2026-08-23,Include,Author verified — approved 23 Aug 2026,Direct fire-specific evidence,"Supports the stated sensing or measurement task only; operational readiness depends on setting, validation, and deployment maturity.",AI-assisted extraction from validated full-report text; existing nonblank charting preserved; no independent author verification of detailed fields claimed,Eligibility author-approved; detailed coding not independently author-verified; see data/coding_completeness.csv
R00676,A UAV-Based Forest Fire Patrol Path Planning Strategy,Yiqing Xu; Jiaming Li; Fuquan Zhang,2022,Forests,10.3390/f13111952,https://doi.org/10.3390/f13111952,Include for full text,Source localisation / boundary tracking,Retrieved,Public full-text candidate located,Retrieved,Exclude,No material plume-response output. Patrol routing for forest-fire surveillance without an evaluated pollution or plume output.,Approve,Author approved title/decision/rationale review.,2026-08-23,Exclude,Author verified — approved 23 Aug 2026,Not included,,,Not applicable — excluded report
R00682,A UAV–Satellite Hybrid Pipeline for Wildfire Detection and Dynamic Perimeter Prediction,Hossein Keshmiri; Khan A. Wahid,2026,Drones,10.3390/drones10040263,https://doi.org/10.3390/drones10040263,Include for full text,Forecasting / simulation; Source localisation / boundary tracking; Detection,Retrieved,Public full-text candidate located,Retrieved,Include,"Retain as Conditional fire-source/perimeter input. Retrieved report describes an eligible fire-specific sensing, modelling, exposure, intervention, governance, review, or material source/perimeter-input contribution.",Approve,Author approved title/decision/rationale review.,2026-08-23,Include,Author verified — approved 23 Aug 2026,Conditional fire-source/perimeter input,Supplies a possible source/perimeter input; it is not direct evidence of pollutant concentration mapping or health protection.,AI-assisted extraction from validated full-report text; existing nonblank charting preserved; no independent author verification of detailed fields claimed,Eligibility author-approved; detailed coding not independently author-verified; see data/coding_completeness.csv
R00692,A Weather Driven Wildfire Emission Forecasting System and Its Impacts on Air Quality Prediction,Vikram Ravi,2017,,,,Include for full text,Forecasting / simulation; Concentration mapping / monitoring; Emissions / source-term estimation,Not retrieved — inaccessible after documented attempts,No complete report accessible after Zotero-assisted and manual access attempts,Not retrieved,Not retrieved,Report not retrieved after documented access attempts; eligibility remains unknown and no findings are inferred.,Approve,Author approved all simplified full-text decisions on 2026-08-24.,2026-08-24,Not retrieved — inaccessible after documented attempts,Author approved retrieval outcome — 2026-08-24,"Primary candidate — direct fire-specific operational, plume, source/perimeter, exposure/action, or decision-interface evidence; full text required",No substantive claim because the complete report was unavailable.,Retrieval-only audit; no report-level coding or findings inferred,Not applicable — report unavailable
R00738,Accessing the Life in Smoke: A New Application of Unmanned Aircraft Systems (UAS) to Sample Wildland Fire Bioaerosol Emissions and Their Environment,L. Kobziar; Melissa R. A. Pingree; A. Watts; Kellen N Nelson; T. Dreaden; M. Ridout,2019,Fire,10.3390/fire2040056,https://doi.org/10.3390/fire2040056,Include for full text,Concentration mapping / monitoring; Emissions / source-term estimation,Retrieved,Public full-text candidate located,Retrieved,Include,"Retain as Direct fire-specific evidence. Retrieved report describes an eligible fire-specific sensing, modelling, exposure, intervention, governance, review, or material source/perimeter-input contribution.",Approve,Author approved title/decision/rationale review.,2026-08-23,Include,Author verified — approved 23 Aug 2026,Direct fire-specific evidence,"Supports the stated sensing or measurement task only; operational readiness depends on setting, validation, and deployment maturity.",AI-assisted extraction from validated full-report text; existing nonblank charting preserved; no independent author verification of detailed fields claimed,Eligibility author-approved; detailed coding not independently author-verified; see data/coding_completeness.csv
R00820,Advanced Deep Learning Framework for Improved Wildfire Detection and Aerosol Identification Using Active Satellite Imagery,Srija Venkata Sai Ravali Kothapalli; Cristina Hava Muntean; Abid Yaqoob,2024,"20th International Wireless Communications and Mobile Computing Conference, IWCMC 2024",10.1109/iwcmc61514.2024.10592416,https://doi.org/10.1109/iwcmc61514.2024.10592416,Include for full text,Concentration mapping / monitoring; Detection,Retrieved,Complete report retrieved and assessed during documented recovery audit,Retrieved,Include,"Retain as Direct fire-specific evidence. Retrieved complete report contributes eligible fire-specific observation, source-state, forecasting, exposure/intervention, governance, or decision-interface evidence.",Approve,Author approved all simplified full-text decisions on 2026-08-24.,2026-08-24,Include,Author approved full-text eligibility — 2026-08-24,Direct fire-specific evidence,Supports offline wildfire/aerosol identification from the evaluated imagery; does not establish ambient concentration mapping or operational deployment.,Retrieved full report assessed 24 Aug 2026; minimum coding prepared from report text and with no independent author verification of detailed fields claimed.,Eligibility author-approved; detailed coding not independently author-verified; see data/coding_completeness.csv
R00841,Advances in Satellite Data for Wildfire Smoke Forecasting,S. O'Neill; S. Raffuse,2021,Eos,10.1029/2021eo155076,https://doi.org/10.1029/2021eo155076,Include for full text,Forecasting / simulation; Concentration mapping / monitoring,Not retrieved — inaccessible after documented attempts,No complete report accessible after Zotero-assisted and manual access attempts,Not retrieved,Not retrieved,Report not retrieved after documented access attempts; eligibility remains unknown and no findings are inferred.,Approve,Author approved all simplified full-text decisions on 2026-08-24.,2026-08-24,Not retrieved — inaccessible after documented attempts,Author approved retrieval outcome — 2026-08-24,"Primary candidate — direct fire-specific operational, plume, source/perimeter, exposure/action, or decision-interface evidence; full text required",No substantive claim because the complete report was unavailable.,Retrieval-only audit; no report-level coding or findings inferred,Not applicable — report unavailable
R00861,Advancing Real-Time Aerial Wildfire Detection Through Plume Recognition and Knowledge Distillation,Vincenzo Calantropio; Di Pietra; M. Maté‐González; Pirunthan Keerthinathan; Juan Sandino; Sutharsan Mahendren; Anuraj Uthayasooriyan; Julián Galvez; Grant Hamilton; Felipe Gonzalez,2025,Drones,10.3390/drones9120827,https://doi.org/10.3390/drones9120827,Include for full text,Detection,Retrieved,Public full-text candidate located,Retrieved,Exclude,"Flame/smoke visual detection only. Uses aerial-image plume recognition for early wildfire detection but does not evaluate concentration, plume mapping, source estimation, or pollution-response output.",Approve,Author approved title/decision/rationale review.,2026-08-23,Exclude,Author verified — approved 23 Aug 2026,Not included,,,Not applicable — excluded report
R00864,Advancing the community health vulnerability index for wildland fire smoke exposure.,"Jung, Jihoon; Wilkins, Joseph L; Schollaert, Claire L; Masuda, Yuta J; Flunker, John C; Connolly, Rachel E; D'Evelyn, Savannah M; Bonillia, Eimy; Rappold, Ana G; Haugo, Ryan D; Marlier, Miriam E; Spector, June T",2024,The Science of the total environment,10.1016/j.scitotenv.2023.167834,https://doi.org/10.1016/j.scitotenv.2023.167834,Include for full text,Exposure / health-risk estimation,Retrieved,Public full-text candidate located,Retrieved,Include,"Retain as Direct fire-specific evidence. Retrieved report describes an eligible fire-specific sensing, modelling, exposure, intervention, governance, review, or material source/perimeter-input contribution.",Approve,Author approved title/decision/rationale review.,2026-08-23,Include,Author verified — approved 23 Aug 2026,Direct fire-specific evidence,Supports the reported exposure/risk estimation task; it does not establish personalized or prospective clinical decision support unless explicitly evaluated.,"Full report was previously assessed, but report text is unavailable in the current archive; detailed charting remains incomplete",Eligibility author-approved; detailed coding not independently author-verified; see data/coding_completeness.csv
R00890,Aerial Vehicle Path Planning for Monitoring Wildfire Frontiers,Ryan Skeele; Geoffrey A. Hollinger,2015,International Symposium on Field and Service Robotics,10.1007/978-3-319-27702-8_30,https://doi.org/10.1007/978-3-319-27702-8_30,Include for full text,Concentration mapping / monitoring; Source localisation / boundary tracking,Retrieved,Complete report retrieved and assessed during documented recovery audit,Retrieved,Include,"Retain as Conditional fire-source/perimeter input. Retrieved complete report contributes eligible fire-specific observation, source-state, forecasting, exposure/intervention, governance, or decision-interface evidence.",Approve,Author approved all simplified full-text decisions on 2026-08-24.,2026-08-24,Include,Author approved full-text eligibility — 2026-08-24,Conditional fire-source/perimeter input,Supports hotspot-monitoring path planning and limited UAV feasibility; not plume concentration or operational incident validation.,Retrieved full report assessed 24 Aug 2026; minimum coding prepared from report text and with no independent author verification of detailed fields claimed.,Eligibility author-approved; detailed coding not independently author-verified; see data/coding_completeness.csv
R00908,"Aerosol Distribution Due to Wildfire in Sumatra, Indonesia Considered from Model Simulation",M. Nakata; S. Mukai,2025,Remote Sensing,10.3390/rs17101657,https://doi.org/10.3390/rs17101657,Include for full text,Forecasting / simulation; Concentration mapping / monitoring,Retrieved,Public full-text candidate located,Retrieved,Include,"Retain as Direct fire-specific evidence. Retrieved report describes an eligible fire-specific sensing, modelling, exposure, intervention, governance, review, or material source/perimeter-input contribution.",Approve,Author approved title/decision/rationale review.,2026-08-23,Include,Author verified — approved 23 Aug 2026,Direct fire-specific evidence,Supports the reported model/simulation task and validation setting; does not by itself establish real-time deployment or superior performance across incidents.,AI-assisted extraction from validated full-report text; existing nonblank charting preserved; no independent author verification of detailed fields claimed,Eligibility author-approved; detailed coding not independently author-verified; see data/coding_completeness.csv
R00938,"Aerosol Remote Sensing -- Application to Wildfire Smoke, Volcanic Plumes, Desert Dust and Pollution Particles",R. Kahn,2019,,,,Include for full text,Concentration mapping / monitoring,Retrieved,Complete report retrieved and assessed during documented recovery audit,Retrieved,Exclude,Ineligible report type. The retrieved item is a presentation slide deck rather than a complete independent research report; it is not used as an evidence-bearing study.,Approve,Author approved all simplified full-text decisions on 2026-08-24.,2026-08-24,Exclude,Author approved full-text eligibility — 2026-08-24,Excluded - ineligible report type,,Complete report assessed during the documented recovery audit; eligibility decision author-approved 24 Aug 2026,Not applicable — excluded report
R01028,"Air pollution and cardiovascular disease: a systematic review of the effects of air pollution, including bushfire smoke, on cardiovascular disease.","Islam, Fariha; Nukala, Sai Keerthana; Shrestha, Pallavi; Badgery-Parker, Tim; Foo, Fiona",2025,American heart journal plus : cardiology research and practice,10.1016/j.ahjo.2025.100546,https://doi.org/10.1016/j.ahjo.2025.100546,Include for full text,Evidence synthesis; Exposure / health-risk estimation; Concentration mapping / monitoring,Retrieved,Public full-text candidate located,Retrieved,Exclude,Fire evidence is incidental to a broader scope. General air-pollution and cardiovascular review in which bushfire smoke is not the primary review context.,Approve,Author approved title/decision/rationale review.,2026-08-23,Exclude,Author verified — approved 23 Aug 2026,Not included,,,Not applicable — excluded report
R01042,Air pollution and suicide in rural and urban America: Evidence from wildfire smoke.,"Molitor, David; Mullins, Jamie T; White, Corey",2023,Proceedings of the National Academy of Sciences of the United States of America,10.1073/pnas.2221621120,https://doi.org/10.1073/pnas.2221621120,Uncertain,Concentration mapping / monitoring,Retrieved,Public full-text candidate located,Retrieved,Exclude,Health effects only—no operational model or action interface. Epidemiological association study; it establishes harm but does not evaluate an observation-to-action component.,Approve,Author approved title/decision/rationale review.,2026-08-23,Exclude,Author verified — approved 23 Aug 2026,Not included,,,Not applicable — excluded report
R01067,Air quality and health impacts of the 2020 wildfires in California,M. Carreras-Sospedra; Shupeng Zhu; Michael MacKinnon; W. Lassman; J. Mirocha; M. Barbato; D. Dabdub,2024,Fire Ecology,10.1186/s42408-023-00234-y,https://doi.org/10.1186/s42408-023-00234-y,Include for full text,Exposure / health-risk estimation; Concentration mapping / monitoring,Retrieved,Public full-text candidate located,Retrieved,Include,Retain as Direct fire-specific evidence. The full report contains an eligible fire-specific observation-to-action contribution.,Approve,Author approved title/decision/rationale review.,2026-08-23,Include,Author verified — approved 23 Aug 2026,Direct fire-specific evidence,Supports an operationally relevant fire-specific task; detailed task and maturity coding has completeness reported in the field-level audit.,AI-assisted extraction from validated full-report text; existing nonblank charting preserved; no independent author verification of detailed fields claimed,Eligibility author-approved; detailed coding not independently author-verified; see data/coding_completeness.csv
R01080,Air Quality Forecasting During Summer 2006: Forest Fires as One of Major Pollution Sources in Europe,M. Sofiev; P. Siljamo; A. Karppinen; J. Kukkonen,2008,NATO Science for Peace and Security Series C: Environmental Security,10.1007/978-1-4020-8453-9_33,https://doi.org/10.1007/978-1-4020-8453-9_33,Include for full text,Forecasting / simulation; Concentration mapping / monitoring,Not retrieved — inaccessible after documented attempts,No complete report accessible after Zotero-assisted and manual access attempts,Not retrieved,Not retrieved,Report not retrieved after documented access attempts; eligibility remains unknown and no findings are inferred.,Approve,Author approved all simplified full-text decisions on 2026-08-24.,2026-08-24,Not retrieved — inaccessible after documented attempts,Author approved retrieval outcome — 2026-08-24,"Primary candidate — direct fire-specific operational, plume, source/perimeter, exposure/action, or decision-interface evidence; full text required",No substantive claim because the complete report was unavailable.,Retrieval-only audit; no report-level coding or findings inferred,Not applicable — report unavailable
R01101,Air Quality Monitoring and the Safety of Farmworkers in Wildfire Mandatory Evacuation Zones.,"Chunga Pizarro, Carlo A; Buchholz, Rebecca R; Hornbrook, Rebecca S; Christensen, Kevin; Méndez, Michael",2024,GeoHealth,10.1029/2024gh001033,https://doi.org/10.1029/2024gh001033,Include for full text,Intervention / decision planning; Concentration mapping / monitoring,Retrieved,Public full-text candidate located,Retrieved,Include,"Retain as Direct fire-specific evidence. Retrieved report describes an eligible fire-specific sensing, modelling, exposure, intervention, governance, review, or material source/perimeter-input contribution.",Approve,Author approved title/decision/rationale review.,2026-08-23,Include,Author verified — approved 23 Aug 2026,Direct fire-specific evidence,"Supports the stated sensing or measurement task only; operational readiness depends on setting, validation, and deployment maturity.",AI-assisted extraction from validated full-report text; existing nonblank charting preserved; no independent author verification of detailed fields claimed,Eligibility author-approved; detailed coding not independently author-verified; see data/coding_completeness.csv
R01103,Air quality policy and fire management responses addressing smoke from wildland fires in the United States and Australia,Hyde J.C.; Yedinak K.M.; Talhelm A.F.; Smith A.M.S.; Bowman D.M.J.S.; Johnston F.H.; Lahm P.; Fitch M.; Tinkham W.T.,2017,International Journal of Wildland Fire,10.1071/wf16154,https://doi.org/10.1071/wf16154,Include for full text,Governance / policy; Concentration mapping / monitoring,Retrieved,Complete report retrieved and assessed during documented recovery audit,Retrieved,Include,"Retain as Fire-specific evidence synthesis. Retrieved complete report contributes eligible fire-specific observation, source-state, forecasting, exposure/intervention, governance, or decision-interface evidence.",Approve,Author approved all simplified full-text decisions on 2026-08-24.,2026-08-24,Include,Author approved full-text eligibility — 2026-08-24,Fire-specific evidence synthesis,Supports governance and policy-interface claims at synthesis level; not evidence of a deployed AI governance system.,Retrieved full report assessed 24 Aug 2026; minimum coding prepared from report text and with no independent author verification of detailed fields claimed.,Eligibility author-approved; detailed coding not independently author-verified; see data/coding_completeness.csv
R01105,Air quality simulations of wildfires in the Pacific Northwest evaluated with surface and satellite observations during the summers of 2007 and 2008,Herron-Thorpe F.L.; Mount G.H.; Emmons L.K.; Lamb B.K.; Jaffe D.A.; Wigder N.L.; Chung S.H.; Zhang R.; Woelfle M.D.; Vaughan J.K.,2014,Atmospheric Chemistry and Physics,10.5194/acp-14-12533-2014,https://doi.org/10.5194/acp-14-12533-2014,Include for full text,Forecasting / simulation; Concentration mapping / monitoring,Retrieved,Public full-text candidate located,Retrieved,Include,"Retain as Direct fire-specific evidence. Retrieved report describes an eligible fire-specific sensing, modelling, exposure, intervention, governance, review, or material source/perimeter-input contribution.",Approve,Author approved title/decision/rationale review.,2026-08-23,Include,Author verified — approved 23 Aug 2026,Direct fire-specific evidence,"Supports the stated sensing or measurement task only; operational readiness depends on setting, validation, and deployment maturity.",AI-assisted extraction from validated full-report text; existing nonblank charting preserved; no independent author verification of detailed fields claimed,Eligibility author-approved; detailed coding not independently author-verified; see data/coding_completeness.csv
R01116,Airborne Emission Rate Measurements Validate Remote Sensing Observations and Emission Inventories of Western U.S. Wildfires.,"Stockwell, Chelsea E; Bela, Megan M; Coggon, Matthew M; Gkatzelis, Georgios I; Wiggins, Elizabeth; Gargulinski, Emily M; Shingler, Taylor; Fenn, Marta; Griffin, Debora; Holmes, Christopher D; Ye, Xinxin; Saide, Pablo E; Bourgeois, Ilann; Peischl, Jeff; Womack, Caroline C; Washenfelder, Rebecca A; Veres, Patrick R; Neuman, J Andrew; Gilman, Jessica B; Lamplugh, Aaron; Schwantes, Rebecca H; McKeen, Stuart A; Wisthaler, Armin; Piel, Felix; Guo, Hongyu; Campuzano-Jost, Pedro; Jimenez, Jose L; Fried, Alan; Hanisco, Thomas F; Huey, Lewis Gregory; Perring, Anne; Katich, Joseph M; Diskin, Glenn S; Nowak, John B; Bui, T Paul; Halliday, Hannah S; DiGangi, Joshua P; Pereira, Gabriel; James, Eric P; Ahmadov, Ravan; McLinden, Chris A; Soja, Amber J; Moore, Richard H; Hair, Johnathan W; Warneke, Carsten",2022,Environmental Science and Technology,10.1021/acs.est.1c07121,https://doi.org/10.1021/acs.est.1c07121,Include for full text,Concentration mapping / monitoring; Emissions / source-term estimation,Not retrieved — inaccessible after documented attempts,No complete report accessible after Zotero-assisted and manual access attempts,Not retrieved,Not retrieved,Report not retrieved after documented access attempts; eligibility remains unknown and no findings are inferred.,Approve,Author approved all simplified full-text decisions on 2026-08-24.,2026-08-24,Not retrieved — inaccessible after documented attempts,Author approved retrieval outcome — 2026-08-24,Eligible full-text candidate; evidence not used because the complete report was unavailable,No substantive claim because the complete report was unavailable.,Retrieval-only audit; no report-level coding or findings inferred,Not applicable — report unavailable
R01130,Airborne Monitoring And Smoke Characterization Of Prescribed Fires On Forest Lands In Western Washin,L. Radke,1983,,10.2737/pnw-gtr-251,https://doi.org/10.2737/pnw-gtr-251,Include for full text,Concentration mapping / monitoring,Retrieved; report identity and minimum detail validated,Adequate matching report retrieved and validated,Retrieved,Include,Retain as Direct fire-specific evidence. Complete USDA field report with airborne measurements from seven prescribed-fire smoke plumes.,Approve,Author approved title/decision/rationale review.,2026-08-23,Include,Author verified — approved 23 Aug 2026,Direct fire-specific evidence,"Supports only the fire-specific task and evaluation setting described in the report; it does not by itself establish operational readiness, universal superiority, or cross-incident generalisation.",AI-assisted extraction from validated full-report text; existing nonblank charting preserved; no independent author verification of detailed fields claimed,Eligibility author-approved; detailed coding not independently author-verified; see data/coding_completeness.csv
R01197,An algorithm of the wildfire classification by its acoustic emission spectrum using Wireless Sensor Networks,Khamukhin A.A.; Demin A.Y.; Sonkin D.M.; Bertoldo S.; Perona G.; Kretova V.,2017,Journal of Physics: Conference Series,10.1088/1742-6596/803/1/012067,https://doi.org/10.1088/1742-6596/803/1/012067,Include for full text,Concentration mapping / monitoring; Emissions / source-term estimation; Detection,Retrieved; report identity and minimum detail validated,Adequate matching report retrieved and validated,Retrieved,Exclude,"Acoustic fire classification only—no material plume or pollution-response output. Evaluates acoustic wildfire classification on wireless sensor nodes but does not produce a source estimate, perimeter, smoke/plume map, ambient concentration, or decision output.",Approve,Author approved title/decision/rationale review.,2026-08-23,Exclude,Author verified — approved 23 Aug 2026,Contextual fire-detection evidence,,,Not applicable — excluded report
R01248,An emission model for the use of satellite data to the forest fire evaluation,Zhao Feng-jun,2006,Applied Mechanics and Materials,,,Include for full text,Forecasting / simulation; Concentration mapping / monitoring; Emissions / source-term estimation,Not retrieved — inaccessible after documented attempts,No complete report accessible after Zotero-assisted and manual access attempts,Not retrieved,Not retrieved,Report not retrieved after documented access attempts; eligibility remains unknown and no findings are inferred.,Approve,Author approved all simplified full-text decisions on 2026-08-24.,2026-08-24,Not retrieved — inaccessible after documented attempts,Author approved retrieval outcome — 2026-08-24,"Primary candidate — direct fire-specific operational, plume, source/perimeter, exposure/action, or decision-interface evidence; full text required",No substantive claim because the complete report was unavailable.,Retrieval-only audit; no report-level coding or findings inferred,Not applicable — report unavailable
R01249,"An empirical model to estimate daily forest fire smoke exposure over a large geographic area using air quality, meteorological, and remote sensing data.","Yao, Jiayun; Henderson, Sarah B",2014,Journal of Exposure Science and Environmental Epidemiology,10.1038/jes.2013.87,https://doi.org/10.1038/jes.2013.87,Include for full text,Exposure / health-risk estimation; Forecasting / simulation; Concentration mapping / monitoring,Retrieved,Public full-text candidate located,Retrieved,Include,"Retain as Direct fire-specific evidence. Retrieved report describes an eligible fire-specific sensing, modelling, exposure, intervention, governance, review, or material source/perimeter-input contribution.",Approve,Author approved title/decision/rationale review.,2026-08-23,Include,Author verified — approved 23 Aug 2026,Direct fire-specific evidence,"Supports the stated sensing or measurement task only; operational readiness depends on setting, validation, and deployment maturity.",AI-assisted extraction from validated full-report text; existing nonblank charting preserved; no independent author verification of detailed fields claimed,Eligibility author-approved; detailed coding not independently author-verified; see data/coding_completeness.csv
R01254,An estimate of excess mortality resulting from air pollution caused by wildfires in the eastern and central Mediterranean basin in 2021,Bin Zhou; C. Knote,2023,,,,Include for full text,Exposure / health-risk estimation; Concentration mapping / monitoring,Retrieved; report identity and minimum detail validated,Adequate matching report retrieved and validated,Retrieved,Include,"Retain as Direct fire-specific evidence. The full report evaluates fire-specific ambient pollution, smoke/plume behaviour, monitoring, forecasting, exposure, intervention, or a directly related evidence synthesis.",Approve,Author approved title/decision/rationale review.,2026-08-23,Include,Author verified — approved 23 Aug 2026,Direct fire-specific evidence,"Supports only the fire-specific task and evaluation setting described in the report; it does not by itself establish operational readiness, universal superiority, or cross-incident generalisation.",AI-assisted extraction from validated full-report text; existing nonblank charting preserved; no independent author verification of detailed fields claimed,Eligibility author-approved; detailed coding not independently author-verified; see data/coding_completeness.csv
R01261,An Evaluation of the British Columbia Asthma Monitoring System (BCAMS) and PM2.5 Exposure Metrics during the 2014 Forest Fire Season.,"McLean, Kathleen E; Yao, Jiayun; Henderson, Sarah B",2015,International journal of environmental research and public health,10.3390/ijerph120606710,https://doi.org/10.3390/ijerph120606710,Include for full text,Exposure / health-risk estimation; Concentration mapping / monitoring,Retrieved,Public full-text candidate located,Retrieved,Include,"Retain as Direct fire-specific evidence. Retrieved report describes an eligible fire-specific sensing, modelling, exposure, intervention, governance, review, or material source/perimeter-input contribution.",Approve,Author approved title/decision/rationale review.,2026-08-23,Include,Author verified — approved 23 Aug 2026,Direct fire-specific evidence,"Supports the stated sensing or measurement task only; operational readiness depends on setting, validation, and deployment maturity.",AI-assisted extraction from validated full-report text; existing nonblank charting preserved; no independent author verification of detailed fields claimed,Eligibility author-approved; detailed coding not independently author-verified; see data/coding_completeness.csv
R01305,"An integrated approach for early forest fire detection and verification using optical smoke, gas and microwave sensors",N. V. Wahl; S. Heinen; H. Essen; W. Kruell; Robert Tobera; I. Willms,2010,WIT Transactions on Ecology and the Environment,10.2495/fiva100091,https://doi.org/10.2495/fiva100091,Include for full text,Detection,Retrieved,Public full-text candidate located,Retrieved,Include,Retain as Direct fire-specific evidence. The full report contains an eligible fire-specific observation-to-action contribution.,Approve,Author approved title/decision/rationale review.,2026-08-23,Include,Author verified — approved 23 Aug 2026,Direct fire-specific evidence,Supports an operationally relevant fire-specific task; detailed task and maturity coding has completeness reported in the field-level audit.,AI-assisted extraction from validated full-report text; existing nonblank charting preserved; no independent author verification of detailed fields claimed,Eligibility author-approved; detailed coding not independently author-verified; see data/coding_completeness.csv
R01317,"An integrated mathematical framework for wind dynamics, wildfire spread, and smoke dispersion: Insights from a case study",M. I. Asensio; J. M. Iglesias; J. Cascón; L. Herrero,2026,Communications in Nonlinear Science and Numerical Simulation,10.1016/j.cnsns.2026.109870,https://doi.org/10.1016/j.cnsns.2026.109870,Include for full text,Forecasting / simulation,Retrieved,Complete report retrieved and assessed during documented recovery audit,Retrieved,Include,"Retain as Direct fire-specific evidence. Retrieved complete report contributes eligible fire-specific observation, source-state, forecasting, exposure/intervention, governance, or decision-interface evidence.",Approve,Author approved all simplified full-text decisions on 2026-08-24.,2026-08-24,Include,Author approved full-text eligibility — 2026-08-24,Direct fire-specific evidence,Supports computational feasibility for the evaluated coupled case; does not establish general operational smoke-forecast accuracy.,Retrieved full report assessed 24 Aug 2026; minimum coding prepared from report text and with no independent author verification of detailed fields claimed.,Eligibility author-approved; detailed coding not independently author-verified; see data/coding_completeness.csv
R01334,"An Interactive Data-Driven HPC System for Forecasting Weather, Wildland Fire, and Smoke",J. Mandel; M. Vejmelka; A. Kochanski; Angel Farguell; J. Haley; D. Mallia; K. Hilburn,2019,"Proceedings of UrgentHPC 2019: 1st International Workshop on HPC for Urgent Decision Making - Held in conjunction with SC 2019: The International Conference for High Performance Computing, Networking, Storage and Analysis",10.1109/urgenthpc49580.2019.00010,https://doi.org/10.1109/urgenthpc49580.2019.00010,Include for full text,Forecasting / simulation,Retrieved,Complete report retrieved and assessed during documented recovery audit,Retrieved,Include,"Retain as Direct fire-specific evidence. Retrieved complete report contributes eligible fire-specific observation, source-state, forecasting, exposure/intervention, governance, or decision-interface evidence.",Approve,Author approved all simplified full-text decisions on 2026-08-24.,2026-08-24,Include,Author approved full-text eligibility — 2026-08-24,Direct fire-specific evidence,Supports an integrated forecasting-workflow prototype; does not establish routine operational accuracy across incidents.,Retrieved full report assessed 24 Aug 2026; minimum coding prepared from report text and with no independent author verification of detailed fields claimed.,Eligibility author-approved; detailed coding not independently author-verified; see data/coding_completeness.csv
R01339,"An investigation of the impact of Canadian wildfires on US air quality using model, satellite, and ground measurements",Zhixin Xue; Nair Udaysankar; Sundar A. Christopher,2025,Atmospheric Chemistry and Physics,10.5194/acp-25-5497-2025,https://doi.org/10.5194/acp-25-5497-2025,Include for full text,Forecasting / simulation; Concentration mapping / monitoring,Retrieved,Public full-text candidate located,Retrieved,Include,"Retain as Direct fire-specific evidence. Retrieved report describes an eligible fire-specific sensing, modelling, exposure, intervention, governance, review, or material source/perimeter-input contribution.",Approve,Author approved title/decision/rationale review.,2026-08-23,Include,Author verified — approved 23 Aug 2026,Direct fire-specific evidence,"Supports the stated sensing or measurement task only; operational readiness depends on setting, validation, and deployment maturity.",AI-assisted extraction from validated full-report text; existing nonblank charting preserved; no independent author verification of detailed fields claimed,Eligibility author-approved; detailed coding not independently author-verified; see data/coding_completeness.csv
R01417,Analysis of impact of ventilation and air cleaning strategies on classroom PM2.5 and CO2 under normal and wildfire conditions – A CONTAM simulation study,Youngbo Won; Wenhao Chen; Zhong-Min Wang; Jeff Wagner; Kazukiyo Kumagai,2026,Indoor Environments,10.1016/j.indenv.2026.100158,https://doi.org/10.1016/j.indenv.2026.100158,Include for full text,Forecasting / simulation; Concentration mapping / monitoring,Retrieved,Complete report retrieved and assessed during documented recovery audit,Retrieved,Include,"Retain as Direct fire-specific evidence. Retrieved complete report contributes eligible fire-specific observation, source-state, forecasting, exposure/intervention, governance, or decision-interface evidence.",Approve,Author approved all simplified full-text decisions on 2026-08-24.,2026-08-24,Include,Author approved full-text eligibility — 2026-08-24,Direct fire-specific evidence,Supports comparative classroom ventilation/air-cleaning scenarios under specified conditions; not a clinical health-outcome study.,Retrieved full report assessed 24 Aug 2026; minimum coding prepared from report text and with no independent author verification of detailed fields claimed.,Eligibility author-approved; detailed coding not independently author-verified; see data/coding_completeness.csv
R01432,Analysis of Smoke Transport Over the Northeast US Caused by Wildfires in Canada During June 2023—Leveraging the HRRR‐Smoke Model Predictions and Remote Sensing Observations,Y. Pichugina; E. Strobach; A. Brewer; R. Ahmadov; P. S. Bhattacharjee; E. James; A. J. Schnell; B. Carroll; S. Baidar; S. Sandberg; DC NearRoad,2026,Journal of Geophysical Research - Atmospheres,10.1029/2025jd044799,https://doi.org/10.1029/2025jd044799,Include for full text,Pollutant / plume monitoring; Forecasting / simulation,Retrieved,Author-supplied report validated and assessed,Retrieved,Include,Retain as Direct fire-specific evidence. Evaluates operational HRRR-Smoke forecasts against multiple observations during the June 2023 Canada-to-Washington smoke episode.,Approve,Author approved title/decision/rationale review.,2026-08-23,Include,Author verified — approved 23 Aug 2026,Direct fire-specific evidence,Supports event-specific HRRR-Smoke transport and wind-performance statements; one episode and four Washington PM2.5 sites do not establish universal forecast robustness.,Full report text extracted and AI-assisted detailed charting proposal; no independent author verification of detailed fields claimed,Eligibility author-approved; detailed coding not independently author-verified; see data/coding_completeness.csv
R01440,"Analysis of the impact of the forest fires in August 2007 on air quality of Athens using multi-sensor aerosol remote sensing data, meteorology and surface observations",Yang Liu; Ralph A. Kahn; A. Chaloulakou; P. Koutrakis,2009,Atmospheric Environment,10.1016/j.atmosenv.2009.04.010,https://doi.org/10.1016/j.atmosenv.2009.04.010,Include for full text,Concentration mapping / monitoring,Retrieved,Complete report retrieved and assessed during documented recovery audit,Retrieved,Include,"Retain as Direct fire-specific evidence. Retrieved complete report contributes eligible fire-specific observation, source-state, forecasting, exposure/intervention, governance, or decision-interface evidence.",Approve,Author approved all simplified full-text decisions on 2026-08-24.,2026-08-24,Include,Author approved full-text eligibility — 2026-08-24,Direct fire-specific evidence,Supports retrospective multi-sensor attribution for the evaluated event; not real-time operational response.,Retrieved full report assessed 24 Aug 2026; minimum coding prepared from report text and with no independent author verification of detailed fields claimed.,Eligibility author-approved; detailed coding not independently author-verified; see data/coding_completeness.csv
R01444,Analysis of the meteorological situation during period of forest fires and smoke-blanketing monitoring in Siberia in 2019,O. A. Dubrovskaya; Computational Technologies; A. A. Kostornaya; I. Solovyeva; I. Martynova; I. V. Rublev; A. Voronova,2020,Sovremennye Problemy Distantsionnogo Zondirovaniya Zemli iz Kosmosa,10.21046/2070-7401-2020-17-6-25-29,https://doi.org/10.21046/2070-7401-2020-17-6-25-29,Include for full text,Concentration mapping / monitoring,Retrieved,Public full-text candidate located,Retrieved,Include,"Retain as Direct fire-specific evidence. The full report evaluates fire-specific smoke, aerosol, pollutant, plume, or concentration observation/estimation.",Approve,Author approved title/decision/rationale review.,2026-08-23,Include,Author verified — approved 23 Aug 2026,Direct fire-specific evidence,"Supports the reported sensing or measurement task only; operational readiness depends on setting, validation, and deployment maturity.",AI-assisted extraction from validated full-report text; existing nonblank charting preserved; no independent author verification of detailed fields claimed,Eligibility author-approved; detailed coding not independently author-verified; see data/coding_completeness.csv
R01449,Analysis of urban wind conditions and wildfire smoke dispersion for downtown Montréal using computational fluid dynamics,Quinn Dyer-Hawes; D. Romanic; Yi Huang; John R. Gyakum; Peter M. J. Douglas,2024,Building and Environment,10.1016/j.buildenv.2024.112103,https://doi.org/10.1016/j.buildenv.2024.112103,Include for full text,Forecasting / simulation,Retrieved,Complete report retrieved and assessed during documented recovery audit,Retrieved,Include,"Retain as Direct fire-specific evidence. Retrieved complete report contributes eligible fire-specific observation, source-state, forecasting, exposure/intervention, governance, or decision-interface evidence.",Approve,Author approved all simplified full-text decisions on 2026-08-24.,2026-08-24,Include,Author approved full-text eligibility — 2026-08-24,Direct fire-specific evidence,Supports urban-scale CFD insight for the evaluated scenarios; qualitative transfer to incidents requires validation.,Retrieved full report assessed 24 Aug 2026; minimum coding prepared from report text and with no independent author verification of detailed fields claimed.,Eligibility author-approved; detailed coding not independently author-verified; see data/coding_completeness.csv
R01480,ANOVA Analysis of Particulate Sensors from the Environmental Protection Agency's Wildfire Sensor Challenge,L. D. Paz; Maximillian F. Francis; A. S. Glassman; Tayler A. Zajeski; Grace L. Baldwin Kan-uge; C. Stwalley; R. Stwalley,2024,"2024 Anaheim, California July 28-31, 2024",10.13031/aim.20202400065,https://doi.org/10.13031/aim.20202400065,Include for full text,Intervention / decision planning; Concentration mapping / monitoring,Not retrieved — inaccessible after documented attempts,No complete report accessible after Zotero-assisted and manual access attempts,Not retrieved,Not retrieved,Report not retrieved after documented access attempts; eligibility remains unknown and no findings are inferred.,Approve,Author approved all simplified full-text decisions on 2026-08-24.,2026-08-24,Not retrieved — inaccessible after documented attempts,Author approved retrieval outcome — 2026-08-24,"Primary candidate — direct fire-specific operational, plume, source/perimeter, exposure/action, or decision-interface evidence; full text required",No substantive claim because the complete report was unavailable.,Retrieval-only audit; no report-level coding or findings inferred,Not applicable — report unavailable
R01521,Application of Deep Learning in Forest Fire Smoke Identification Monitoring System,Guochen Zhang; Pei Yu; Changle Wang,2022,Academic Journal of Environment & Earth Science,10.25236/ajee.2022.040204,https://doi.org/10.25236/ajee.2022.040204,Include for full text,Concentration mapping / monitoring,Retrieved,Public full-text candidate located,Retrieved,Exclude,Flame/smoke visual detection only. Evaluates YOLO-based fire/smoke image recognition for early fire detection without an ambient concentration or material plume-response endpoint.,Approve,Author approved title/decision/rationale review.,2026-08-23,Exclude,Author verified — approved 23 Aug 2026,Not included,,,Not applicable — excluded report
R01525,Application of FRP (Fire Radiative Power) to estimate the emission of radionuclides into the atmosphere due to forest fires in the Exclusion Zone in April 2020,M. Таlerko,2020,Nuclear Power and the Environment,10.31717/2311-8253.20.4.8,https://doi.org/10.31717/2311-8253.20.4.8,Include for full text,Emissions / source-term estimation,Retrieved,Public full-text candidate located,Retrieved,Include,Retain as Direct fire-specific evidence. The full report contains an eligible fire-specific observation-to-action contribution.,Approve,Author approved title/decision/rationale review.,2026-08-23,Include,Author verified — approved 23 Aug 2026,Direct fire-specific evidence,Supports an operationally relevant fire-specific task; detailed task and maturity coding has completeness reported in the field-level audit.,"Full report was previously assessed, but report text is unavailable in the current archive; detailed charting remains incomplete",Eligibility author-approved; detailed coding not independently author-verified; see data/coding_completeness.csv
R01528,Application of geostationary satellite and high-resolution meteorology data in estimating hourly PM2.5 levels during the Camp Fire episode in California.,"Vu, Bryan N; Bi, Jianzhao; Wang, Wenhao; Huff, Amy; Kondragunta, Shobha; Liu, Yang",2022,Remote sensing of environment,10.1016/j.rse.2022.112890,https://doi.org/10.1016/j.rse.2022.112890,Include for full text,Concentration mapping / monitoring,Retrieved,Public full-text candidate located,Retrieved,Include,"Retain as Direct fire-specific evidence. Retrieved report describes an eligible fire-specific sensing, modelling, exposure, intervention, governance, review, or material source/perimeter-input contribution.",Approve,Author approved title/decision/rationale review.,2026-08-23,Include,Author verified — approved 23 Aug 2026,Direct fire-specific evidence,"Supports the stated sensing or measurement task only; operational readiness depends on setting, validation, and deployment maturity.","Full report was previously assessed, but report text is unavailable in the current archive; detailed charting remains incomplete",Eligibility author-approved; detailed coding not independently author-verified; see data/coding_completeness.csv
R01547,Application of Recent Advances in Forward Modeling of Emissions from Boreal and Temperate Wildfires to Real-time Forecasting of Aerosol and Trace Gas Concentrations,E. Hyer; J. Reid; E. Kasischke; D. Allen,2005,,,,Include for full text,Forecasting / simulation; Concentration mapping / monitoring; Emissions / source-term estimation,Not retrieved — inaccessible after documented attempts,No complete report accessible after Zotero-assisted and manual access attempts,Not retrieved,Not retrieved,Report not retrieved after documented access attempts; eligibility remains unknown and no findings are inferred.,Approve,Author approved all simplified full-text decisions on 2026-08-24.,2026-08-24,Not retrieved — inaccessible after documented attempts,Author approved retrieval outcome — 2026-08-24,"Primary candidate — direct fire-specific operational, plume, source/perimeter, exposure/action, or decision-interface evidence; full text required",No substantive claim because the complete report was unavailable.,Retrieval-only audit; no report-level coding or findings inferred,Not applicable — report unavailable
R01589,Apportioning prescribed fire impacts on PM2.5 among individual fires through dispersion modeling,Ran Huang; Momei Qin; Yongtao Hu; A. Russell; M. Odman,2020,Atmospheric Environment,10.1016/j.atmosenv.2020.117260,https://doi.org/10.1016/j.atmosenv.2020.117260,Include for full text,Forecasting / simulation; Concentration mapping / monitoring,Retrieved,Complete report retrieved and assessed during documented recovery audit,Retrieved,Include,"Retain as Direct fire-specific evidence. Retrieved complete report contributes eligible fire-specific observation, source-state, forecasting, exposure/intervention, governance, or decision-interface evidence.",Approve,Author approved all simplified full-text decisions on 2026-08-24.,2026-08-24,Include,Author approved full-text eligibility — 2026-08-24,Direct fire-specific evidence,Supports retrospective attribution among prescribed fires; not general autonomous forecasting.,Retrieved full report assessed 24 Aug 2026; minimum coding prepared from report text and with no independent author verification of detailed fields claimed.,Eligibility author-approved; detailed coding not independently author-verified; see data/coding_completeness.csv
R01686,"Assessing the 2023 Canadian wildfire smoke impact in Northeastern US: Air quality, exposure and environmental justice.","Yu, Manzhu; Zhang, Shiyan; Ning, Huan; Li, Zhenlong; Zhang, Kai",2024,The Science of the total environment,10.1016/j.scitotenv.2024.171853,https://doi.org/10.1016/j.scitotenv.2024.171853,Include for full text,Concentration mapping / monitoring; exposure estimation; governance / equity,Retrieved and assessed,Author supplied; complete report validated,Retrieved and assessed,Include,"Retain as Direct fire-specific model-evaluation and exposure evidence. Directly evaluates wildfire-smoke PM2.5 mapping, exposure estimation, and environmental-justice patterning using fused model and monitoring data.",Approve,Author approved title/decision/rationale review.,2026-08-23,Include,Author verified — approved 23 Aug 2026,Direct fire-specific model-evaluation and exposure evidence,"Supports improved mapping and exposure estimation for the studied June 2023 episodes. It does not establish prospective operational performance, causal environmental-justice effects, health outcomes, or generalisation to other fires and regions.","Complete 13-page report supplied by author; identity, opening/closing pages, references, extractability and completeness validated; SHA256 b653812d916ed1c21e14e4190bd4799556914f203b20bf22c471dcf1e362bd5a",Eligibility author-approved; detailed coding not independently author-verified; see data/coding_completeness.csv
R01712,"Assessing the Impact of Wildfire Smoke Transport Through Chemical Transport Modeling, Satellite Retrievals, and Ground-Based Observations of Ozone in Rural Nevada.","Ji, Yi; Zhang, Xiaodan; Lawal, Abiola S; Holmes, Heather A; Ivey, Cesunica E",2025,ACS ES&T air,10.1021/acsestair.5c00037,https://doi.org/10.1021/acsestair.5c00037,Include for full text,Forecasting / simulation; Concentration mapping / monitoring,Retrieved,Public full-text candidate located,Retrieved,Include,"Retain as Direct fire-specific evidence. Retrieved report describes an eligible fire-specific sensing, modelling, exposure, intervention, governance, review, or material source/perimeter-input contribution.",Approve,Author approved title/decision/rationale review.,2026-08-23,Include,Author verified — approved 23 Aug 2026,Direct fire-specific evidence,"Supports the stated sensing or measurement task only; operational readiness depends on setting, validation, and deployment maturity.","Full report was previously assessed, but report text is unavailable in the current archive; detailed charting remains incomplete",Eligibility author-approved; detailed coding not independently author-verified; see data/coding_completeness.csv
R01724,Assessing the Risk of Respiratory-Related Healthcare Visits Associated with Wildfire Smoke Exposure in Children 0-18 Years Old: A Systematic Review.,"Henry, Shelby; Ospina, Maria B; Dennett, Liz; Hicks, Anne",2021,International journal of environmental research and public health,10.3390/ijerph18168799,https://doi.org/10.3390/ijerph18168799,Include for full text,Evidence synthesis; Exposure / health-risk estimation,Retrieved,Public full-text candidate located,Retrieved,Include,"Retain as Fire-specific evidence synthesis. Retrieved report describes an eligible fire-specific sensing, modelling, exposure, intervention, governance, review, or material source/perimeter-input contribution.",Approve,Author approved title/decision/rationale review.,2026-08-23,Include,Author verified — approved 23 Aug 2026,Fire-specific evidence synthesis,Used for scope comparison or evidence synthesis; primary-study claims are checked against underlying evidence where material.,AI-assisted extraction from validated full-report text; existing nonblank charting preserved; no independent author verification of detailed fields claimed,Eligibility author-approved; detailed coding not independently author-verified; see data/coding_completeness.csv
R01733,Assessing Vertical Allocation of Wildfire Smoke Emissions Using Observational Constraints From Airborne Lidar in the Western U.S.,"Ye, Xinxin; Saide, Pablo E; Hair, Johnathan; Fenn, Marta; Shingler, Taylor; Soja, Amber; Gargulinski, Emily; Wiggins, Elizabeth",2022,Journal of geophysical research. Atmospheres : JGR,10.1029/2022jd036808,https://doi.org/10.1029/2022jd036808,Include for full text,Concentration mapping / monitoring; Emissions / source-term estimation,Retrieved,Public full-text candidate located,Retrieved,Include,"Retain as Direct fire-specific evidence. Retrieved report describes an eligible fire-specific sensing, modelling, exposure, intervention, governance, review, or material source/perimeter-input contribution.",Approve,Author approved title/decision/rationale review.,2026-08-23,Include,Author verified — approved 23 Aug 2026,Direct fire-specific evidence,"Supports the stated sensing or measurement task only; operational readiness depends on setting, validation, and deployment maturity.","Full report was previously assessed, but report text is unavailable in the current archive; detailed charting remains incomplete",Eligibility author-approved; detailed coding not independently author-verified; see data/coding_completeness.csv
R01785,Assessment of smoke plume height products derived from multisource satellite observations for wildfire in the western US,Jingting Huang; S. Loría‐Salazar; Min Deng; Jaehwa Lee; Heather A. Holmes,2023,,,,Include for full text,Concentration mapping / monitoring,Retrieved; report identity and minimum detail validated,Adequate matching report retrieved and validated,Retrieved,Exclude,Likely earlier version of the 2024 final ACP article R01786: same authors and near-identical title; keep only one canonical report if confirmed.,Approve,Earlier/prepublication version reconciled to R01786.,2026-08-23,Exclude,Author verified — approved 23 Aug 2026,Not included — superseded report,,AI-assisted extraction from validated full-report text; existing nonblank charting preserved; no independent author verification of detailed fields claimed,Not applicable — excluded report
R01786,Assessment of smoke plume height products derived from multisource satellite observations using lidar-derived height metrics for wildfires in the western US,Jingting Huang; S. Loría‐Salazar; Min Deng; Jaehwa Lee; Heather A. Holmes,2024,Atmospheric Chemistry and Physics,10.5194/acp-24-3673-2024,https://doi.org/10.5194/acp-24-3673-2024,Include for full text,Concentration mapping / monitoring,Retrieved,Public full-text candidate located,Retrieved,Include,"Retain as Direct fire-specific evidence. Retrieved report describes an eligible fire-specific sensing, modelling, exposure, intervention, governance, review, or material source/perimeter-input contribution.",Approve,Author approved title/decision/rationale review.,2026-08-23,Include,Author verified — approved 23 Aug 2026,Direct fire-specific evidence,"Supports the stated sensing or measurement task only; operational readiness depends on setting, validation, and deployment maturity.",AI-assisted extraction from validated full-report text; existing nonblank charting preserved; no independent author verification of detailed fields claimed,Eligibility author-approved; detailed coding not independently author-verified; see data/coding_completeness.csv
R01787,Assessment of Smoke Pollution Caused by Wildfires in the Baikal Region (Russia),Efimova N.V.; Rukavishnikov V.S.,2021,Atmosphere,10.3390/atmos12121542,https://doi.org/10.3390/atmos12121542,Uncertain,Background / enabling method,Retrieved,Public full-text candidate located,Retrieved,Include,"Retain as Direct fire-specific evidence. Retrieved report describes an eligible fire-specific sensing, modelling, exposure, intervention, governance, review, or material source/perimeter-input contribution.",Approve,Author approved title/decision/rationale review.,2026-08-23,Include,Author verified — approved 23 Aug 2026,Direct fire-specific evidence,Included provisionally on fire-specific operational relevance; detailed coding has completeness reported in the field-level audit.,AI-assisted extraction from validated full-report text; existing nonblank charting preserved; no independent author verification of detailed fields claimed,Eligibility author-approved; detailed coding not independently author-verified; see data/coding_completeness.csv
R01791,Assessment of the association between predictions from a wildfire smoke forecasting system and respiratory health indicators,Jiayun Yao; M. Brauer; Sarah B. Henderson,2013,,10.1289/isee.2013.o-2-10-01,https://doi.org/10.1289/isee.2013.o-2-10-01,Include for full text,Exposure / health-risk estimation; Forecasting / simulation,Not retrieved — inaccessible after documented attempts,No complete report accessible after Zotero-assisted and manual access attempts,Not retrieved,Not retrieved,Report not retrieved after documented access attempts; eligibility remains unknown and no findings are inferred.,Approve,Author approved all simplified full-text decisions on 2026-08-24.,2026-08-24,Not retrieved — inaccessible after documented attempts,Author approved retrieval outcome — 2026-08-24,"Primary candidate — direct fire-specific operational, plume, source/perimeter, exposure/action, or decision-interface evidence; full text required",No substantive claim because the complete report was unavailable.,Retrieval-only audit; no report-level coding or findings inferred,Not applicable — report unavailable
R01813,Assessment of WRF/Chem Simulated Vertical Distributions of Particulate Matter from the 2009 Minto Flats South Wildfire in Interior Alaska by CALIPSO Total Backscatter and Depolarization Measurements,J. M. Madden; N. Mölders; K. Sassen,2015,,10.4236/ojap.2015.43012,https://doi.org/10.4236/ojap.2015.43012,Include for full text,Forecasting / simulation; Concentration mapping / monitoring,Retrieved; report identity and minimum detail validated,Adequate matching report retrieved and validated,Retrieved,Include,"Retain as Direct fire-specific evidence. The full report evaluates fire-specific ambient pollution, smoke/plume behaviour, monitoring, forecasting, exposure, intervention, or a directly related evidence synthesis.",Approve,Author approved title/decision/rationale review.,2026-08-23,Include,Author verified — approved 23 Aug 2026,Direct fire-specific evidence,"Supports only the fire-specific task and evaluation setting described in the report; it does not by itself establish operational readiness, universal superiority, or cross-incident generalisation.",AI-assisted extraction from validated full-report text; existing nonblank charting preserved; no independent author verification of detailed fields claimed,Eligibility author-approved; detailed coding not independently author-verified; see data/coding_completeness.csv
R01816,Assimilation and Forecasting Experiment for Heavy Siberian Wildfire Smoke in May 2016 with Himawari-8 Aerosol Optical Thickness,Yumimoto K.; Tanaka T.Y.; Yoshida M.; Kikuchi M.; Nagao T.M.; Murakami H.; Maki T.,2018,Journal of the Meteorological Society of Japan,10.2151/jmsj.2018-035,https://doi.org/10.2151/jmsj.2018-035,Include for full text,Forecasting / simulation; Concentration mapping / monitoring,Retrieved,Public full-text candidate located,Retrieved,Include,"Retain as Direct fire-specific evidence. The full report evaluates fire-specific smoke, aerosol, pollutant, plume, or concentration observation/estimation.",Approve,Author approved title/decision/rationale review.,2026-08-23,Include,Author verified — approved 23 Aug 2026,Direct fire-specific evidence,"Supports the reported sensing or measurement task only; operational readiness depends on setting, validation, and deployment maturity.",AI-assisted extraction from validated full-report text; existing nonblank charting preserved; no independent author verification of detailed fields claimed,Eligibility author-approved; detailed coding not independently author-verified; see data/coding_completeness.csv
R01850,Associations between short-term exposure to wildfire particulate matter and respiratory outcomes: A systematic review.,"Jiao, Anqi; Headon, Kathryne; Han, Tianmei; Umer, Wajeeha; Wu, Jun",2024,The Science of the total environment,10.1016/j.scitotenv.2023.168134,https://doi.org/10.1016/j.scitotenv.2023.168134,Include for full text,Evidence synthesis; Exposure / health-risk estimation,Retrieved,Author-supplied report validated and assessed,Retrieved,Include,"Retain as Fire-specific evidence synthesis. Systematic review of 35 studies on short-term wildfire-specific particulate exposure and respiratory outcomes, including risk-of-bias assessment and comparison with non-wildfire particulate matter.",Approve,Author approved title/decision/rationale review.,2026-08-23,Include,Author verified — approved 23 Aug 2026,Fire-specific evidence synthesis,Supports statements about short-term respiratory associations and evidence gaps; it is not an operational risk-prediction or deployment study.,Full report text extracted and AI-assisted detailed charting proposal; no independent author verification of detailed fields claimed,Eligibility author-approved; detailed coding not independently author-verified; see data/coding_completeness.csv
R01856,Associations of PM2.5 and PAHs from wildland fires with pregnancy outcomes: evidence based on high-resolution exposure assessment.,"Jiao, Anqi; Zhu, Shupeng; Chen, Xiyao; He, Qingqing; Benmarhnia, Tarik; Wu, Jun",2026,Environmental research,10.1016/j.envres.2026.124195,https://doi.org/10.1016/j.envres.2026.124195,Include for full text,Exposure / health-risk estimation; Concentration mapping / monitoring,Retrieved; report identity and minimum detail validated,Adequate matching report retrieved and validated,Retrieved,Exclude,"Health effects only—no operational model or action interface. Estimates exposure-outcome associations for pregnancy but does not evaluate an actionable risk model, intervention, or decision interface.",Approve,Author approved title/decision/rationale review.,2026-08-23,Exclude,Author verified — approved 23 Aug 2026,Background health evidence,,,Not applicable — excluded report
R01858,"Associations of Wildfire-Derived Particulate Matter with Hospitalization, Emergency Department Visits and Mortality: A Systematic Review and Meta-Analysis.","Wang, Yiyi; Chen, Jie; Huang, Yujia; Wang, Jiaming; Xiong, Yi; Xue, Tao; Yue, Xu; Qian, Fuping; Wang, Meng",2025,Environmental research,10.1016/j.envres.2025.121221,https://doi.org/10.1016/j.envres.2025.121221,Include for full text,Evidence synthesis; Exposure / health-risk estimation,Retrieved,Author-supplied report validated and assessed,Retrieved,Include,"Retain as Fire-specific evidence synthesis. Systematic review and meta-analysis of 45 studies linking wildfire-derived PM2.5/PM10 to hospital admissions, emergency-department visits, and mortality, with GRADE-based appraisal.",Approve,Author approved title/decision/rationale review.,2026-08-23,Include,Author verified — approved 23 Aug 2026,Fire-specific evidence synthesis,Supports pooled population-health association estimates; it is not a real-time health-risk model or evidence of an operational response system.,Full report text extracted and AI-assisted detailed charting proposal; no independent author verification of detailed fields claimed,Eligibility author-approved; detailed coding not independently author-verified; see data/coding_completeness.csv
R01859,Associations of wildfire smoke PM2.5 exposure with cardiorespiratory events in Colorado 2011-2014.,"Stowell, Jennifer D; Geng, Guannan; Saikawa, Eri; Chang, Howard H; Fu, Joshua; Yang, Cheng-En; Zhu, Qingzhao; Liu, Yang; Strickland, Matthew J",2019,Environment international,10.1016/j.envint.2019.105151,https://doi.org/10.1016/j.envint.2019.105151,Include for full text,Exposure / health-risk estimation; Concentration mapping / monitoring,Retrieved,Public full-text candidate located,Retrieved,Exclude,"Health effects only—no operational model or action interface. Epidemiological association study without an operational risk model, intervention, or decision interface.",Approve,Author approved title/decision/rationale review.,2026-08-23,Exclude,Author verified — approved 23 Aug 2026,Not included,,,Not applicable — excluded report
R01866,ASTHMA MEDICATION USAGE AFTER ENVIRONMENTAL EXPOSURE TO WILDFIRE SMOKE: A SYSTEMATIC REVIEW.,"Etherington, Cathy; Rushby, Anne-Marie; Nguyen, Van; Thompson, Vanessa; Lazarevic, Nina; Vardoulakis, Sotiris",2025,Environmental research,10.1016/j.envres.2025.121504,https://doi.org/10.1016/j.envres.2025.121504,Include for full text,Evidence synthesis; Exposure / health-risk estimation,Retrieved; report identity and minimum detail validated,Adequate matching report retrieved and validated,Retrieved,Include,Retain as Fire-specific evidence synthesis. The report synthesizes fire-specific evidence relevant to an observation-to-action review question.,Approve,Author approved title/decision/rationale review.,2026-08-23,Include,Author verified — approved 23 Aug 2026,Fire-specific evidence synthesis,Supports statements about the scope and reported findings of the reviewed literature; it is not independent deployment evidence and cannot establish algorithmic superiority.,AI-assisted extraction from validated full-report text; existing nonblank charting preserved; no independent author verification of detailed fields claimed,Eligibility author-approved; detailed coding not independently author-verified; see data/coding_completeness.csv
R01945,Australian Bushfires (2019–2020): Aerosol Optical Properties and Radiative Forcing,Christina-Anna Papanikolaou; P. Kokkalis; O. Soupiona; S. Solomos; A. Papayannis; M. Mylonaki; Dimitra Anagnou; R. Foskinis; Marilena Gidarakou,2022,Atmosphere,10.3390/atmos13060867,https://doi.org/10.3390/atmos13060867,Include for full text,Concentration mapping / monitoring,Retrieved,Public full-text candidate located,Retrieved,Include,"Retain as Direct fire-specific evidence. Retrieved report describes an eligible fire-specific sensing, modelling, exposure, intervention, governance, review, or material source/perimeter-input contribution.",Approve,Author approved title/decision/rationale review.,2026-08-23,Include,Author verified — approved 23 Aug 2026,Direct fire-specific evidence,"Supports the stated sensing or measurement task only; operational readiness depends on setting, validation, and deployment maturity.",AI-assisted extraction from validated full-report text; existing nonblank charting preserved; no independent author verification of detailed fields claimed,Eligibility author-approved; detailed coding not independently author-verified; see data/coding_completeness.csv
R01974,Automatic Early Detection of Wildfire Smoke With Visible Light Cameras Using Deep Learning and Visual Explanation,A. Fernandes; Andrei Borissovitch Utkin; Paulo Chaves,2022,IEEE Access,10.1109/access.2022.3145911,https://doi.org/10.1109/access.2022.3145911,Include for full text,Exposure / health-risk estimation; Detection,Retrieved,Public full-text candidate located,Retrieved,Exclude,"Flame/smoke visual detection only. Evaluates visible-camera smoke detection and explanation without concentration, plume mapping, source estimation, or pollution-response output.",Approve,Author approved title/decision/rationale review.,2026-08-23,Exclude,Author verified — approved 23 Aug 2026,Not included,,,Not applicable — excluded report
R02005,Autonomous UAV Path Planning for Wildfire Data Collection,J. Bent,2017,,,,Include for full text,Source localisation / boundary tracking,Not retrieved — inaccessible after documented attempts,No complete report accessible after Zotero-assisted and manual access attempts,Not retrieved,Not retrieved,Report not retrieved after documented access attempts; eligibility remains unknown and no findings are inferred.,Approve,Author approved all simplified full-text decisions on 2026-08-24.,2026-08-24,Not retrieved — inaccessible after documented attempts,Author approved retrieval outcome — 2026-08-24,"Primary candidate — direct fire-specific operational, plume, source/perimeter, exposure/action, or decision-interface evidence; full text required",No substantive claim because the complete report was unavailable.,Retrieval-only audit; no report-level coding or findings inferred,Not applicable — report unavailable
R02014,Autonomous Wildland Fire Monitoring through Integrated UAS Path Planning and Sensor Fusion,Bryce Ford; Mrinal Kumar; Artun Sel; Z. Kassas; Xi Yu,2025,American Control Conference,10.23919/acc63710.2025.11107588,https://doi.org/10.23919/acc63710.2025.11107588,Include for full text,Concentration mapping / monitoring; Source localisation / boundary tracking,Retrieved,Complete report retrieved and assessed during documented recovery audit,Retrieved,Include,"Retain as Conditional fire-source/perimeter input. Retrieved complete report contributes eligible fire-specific observation, source-state, forecasting, exposure/intervention, governance, or decision-interface evidence.",Approve,Author approved all simplified full-text decisions on 2026-08-24.,2026-08-24,Include,Author approved full-text eligibility — 2026-08-24,Conditional fire-source/perimeter input,"Supports simulated autonomous fire-state monitoring; does not establish smoke concentration, health, or field performance.",Retrieved full report assessed 24 Aug 2026; minimum coding prepared from report text and with no independent author verification of detailed fields claimed.,Eligibility author-approved; detailed coding not independently author-verified; see data/coding_completeness.csv
R02031,"Back-propagation in the neural network of visibility estimation model based on Himawari_8 Satellite during forest fire smoke periods on Sumatera and Borneo Island, Indonesia",Imanto H.; Hartono; Marfai M.A.,2020,IOP Conference Series: Earth and Environmental Science,10.1088/1755-1315/451/1/012010,https://doi.org/10.1088/1755-1315/451/1/012010,Include for full text,Forecasting / simulation; Concentration mapping / monitoring,Retrieved,Complete report retrieved and assessed during documented recovery audit,Retrieved,Include,"Retain as Direct fire-specific evidence. Retrieved complete report contributes eligible fire-specific observation, source-state, forecasting, exposure/intervention, governance, or decision-interface evidence.",Approve,Author approved all simplified full-text decisions on 2026-08-24.,2026-08-24,Include,Author approved full-text eligibility — 2026-08-24,Direct fire-specific evidence,Supports offline visibility estimation during evaluated smoke periods; visibility is a proxy and not a direct PM concentration estimate.,Retrieved full report assessed 24 Aug 2026; minimum coding prepared from report text and with no independent author verification of detailed fields claimed.,Eligibility author-approved; detailed coding not independently author-verified; see data/coding_completeness.csv
R02082,Beyond PM2.5: Wildfire production and dispersion of toxic metal soil particulates,Scott Fendorf; Alexander S Honeyman; A. Lopez; Claudia Avila; Alireza Namayandeh,2024,Goldschmidt2024 abstracts,10.46427/gold2024.24455,https://doi.org/10.46427/gold2024.24455,Include for full text,Forecasting / simulation; Concentration mapping / monitoring,Retrieved,Public full-text candidate located,Retrieved,Include,"Retain as Direct fire-specific evidence. The full report evaluates fire-specific smoke, plume, air-quality, or exposure forecasting/simulation.",Approve,Author approved title/decision/rationale review.,2026-08-23,Include,Author verified — approved 23 Aug 2026,Direct fire-specific evidence,Supports the reported model or simulation task and validation setting; it does not establish universal superiority or real-time deployment.,"Full report was previously assessed, but report text is unavailable in the current archive; detailed charting remains incomplete",Eligibility author-approved; detailed coding not independently author-verified; see data/coding_completeness.csv
R02178,Blending Model Output with satellite-based and in-situ observations to produce high-resolution estimates of population exposure to wildfire smoke,W. Lassman,2016,Theory of Computing Systems \/ Mathematical Systems Theory,,,Include for full text,Exposure / health-risk estimation; Forecasting / simulation; Concentration mapping / monitoring,Retrieved; report identity and minimum detail validated,Adequate matching report retrieved and validated,Retrieved,Include,"Retain as Direct fire-specific evidence. The full report evaluates fire-specific ambient pollution, smoke/plume behaviour, monitoring, forecasting, exposure, intervention, or a directly related evidence synthesis.",Approve,Author approved title/decision/rationale review.,2026-08-23,Include,Author verified — approved 23 Aug 2026,Direct fire-specific evidence,"Supports only the fire-specific task and evaluation setting described in the report; it does not by itself establish operational readiness, universal superiority, or cross-incident generalisation.",AI-assisted extraction from validated full-report text; existing nonblank charting preserved; no independent author verification of detailed fields claimed,Eligibility author-approved; detailed coding not independently author-verified; see data/coding_completeness.csv
R02234,Building a Practice-Based Research Agenda for Wildfire Smoke and Health: A Report of the 2018 Washington Wildfire Smoke Risk Communication Stakeholder Synthesis Symposium.,"Errett, Nicole A; Roop, Heidi A; Pendergrast, Claire; Kramer, C Bradley; Doubleday, Annie; Tran, Kim Anh; Busch Isaksen, Tania M",2019,International journal of environmental research and public health,10.3390/ijerph16132398,https://doi.org/10.3390/ijerph16132398,Include for full text,Exposure / health-risk estimation; Intervention / decision planning,Retrieved,Public full-text candidate located,Retrieved,Include,"Retain as Direct fire-specific evidence. Retrieved report describes an eligible fire-specific sensing, modelling, exposure, intervention, governance, review, or material source/perimeter-input contribution.",Approve,Author approved title/decision/rationale review.,2026-08-23,Include,Author verified — approved 23 Aug 2026,Direct fire-specific evidence,Supports the evaluated intervention or communication setting only; transfer to emergency operations requires workflow validation.,AI-assisted extraction from validated full-report text; existing nonblank charting preserved; no independent author verification of detailed fields claimed,Eligibility author-approved; detailed coding not independently author-verified; see data/coding_completeness.csv
R02268,Bushfire Smoke and Children's Health-Exploring a Communication Gap.,"Walsh, Erin I; Sargent, Ginny; Cevik-Compiegne, Burcu; Roberts, Michelle; Palfrey, Nicola; Gooyers-Bourke, Laura; Vardoulakis, Sotiris; Laachir, Karima",2022,International journal of environmental research and public health,10.3390/ijerph191912436,https://doi.org/10.3390/ijerph191912436,Include for full text,Exposure / health-risk estimation; Intervention / decision planning,Retrieved,Public full-text candidate located,Retrieved,Include,"Retain as Direct fire-specific evidence. Retrieved report describes an eligible fire-specific sensing, modelling, exposure, intervention, governance, review, or material source/perimeter-input contribution.",Approve,Author approved title/decision/rationale review.,2026-08-23,Include,Author verified — approved 23 Aug 2026,Direct fire-specific evidence,Supports the evaluated intervention or communication setting only; transfer to emergency operations requires workflow validation.,AI-assisted extraction from validated full-report text; existing nonblank charting preserved; no independent author verification of detailed fields claimed,Eligibility author-approved; detailed coding not independently author-verified; see data/coding_completeness.csv
R02326,"Canadian and Alaskan wildfire smoke particle properties, their evolution, and controlling factors, from satellite observations",Katherine T. Junghenn Noyes; R. Kahn; J. Limbacher; Zhanqing Li,2021,Atmospheric Chemistry and Physics,10.5194/acp-22-10267-2022,https://doi.org/10.5194/acp-22-10267-2022,Include for full text,Concentration mapping / monitoring,Retrieved,Public full-text candidate located,Retrieved,Include,"Retain as Direct fire-specific evidence. The full report evaluates fire-specific smoke, aerosol, pollutant, plume, or concentration observation/estimation.",Approve,Author approved title/decision/rationale review.,2026-08-23,Include,Author verified — approved 23 Aug 2026,Direct fire-specific evidence,"Supports the reported sensing or measurement task only; operational readiness depends on setting, validation, and deployment maturity.","Full report was previously assessed, but report text is unavailable in the current archive; detailed charting remains incomplete",Eligibility author-approved; detailed coding not independently author-verified; see data/coding_completeness.csv
R02336,"Canadian Wildfire Smoke Episode over Europe in October 2023: Lidar, Sun-Photometer, and Model Characterization of Smoke Layers Observed Above Sofia, Bulgaria",Tsvetina Evgenieva; S. Dosev; L. Gurdev; L. Vulkova; Z. Peshev; E. Toncheva; Lyubomir Popov; O. Vankov; Tanja Dreischuh,2025,Remote Sensing,10.3390/rs17162899,https://doi.org/10.3390/rs17162899,Include for full text,Forecasting / simulation; Concentration mapping / monitoring,Retrieved,Public full-text candidate located,Retrieved,Include,"Retain as Direct fire-specific evidence. Retrieved report describes an eligible fire-specific sensing, modelling, exposure, intervention, governance, review, or material source/perimeter-input contribution.",Approve,Author approved title/decision/rationale review.,2026-08-23,Include,Author verified — approved 23 Aug 2026,Direct fire-specific evidence,"Supports the stated sensing or measurement task only; operational readiness depends on setting, validation, and deployment maturity.","Full report was previously assessed, but report text is unavailable in the current archive; detailed charting remains incomplete",Eligibility author-approved; detailed coding not independently author-verified; see data/coding_completeness.csv
R02391,Cardiopulmonary toxicity of peat wildfire particulate matter and the predictive utility of precision cut lung slices.,"Kim, Yong Ho; Tong, Haiyan; Daniels, Mary; Boykin, Elizabeth; Krantz, Q Todd; McGee, John; Hays, Michael; Kovalcik, Kasey; Dye, Janice A; Gilmour, M Ian",2014,Particle and fibre toxicology,10.1186/1743-8977-11-29,https://doi.org/10.1186/1743-8977-11-29,Include for full text,Forecasting / simulation; Concentration mapping / monitoring,Retrieved,Public full-text candidate located,Retrieved,Exclude,Toxicology only—no operational model or action interface. Animal/toxicology study; predictive utility concerns biological assays rather than an incident-response risk model.,Approve,Author approved title/decision/rationale review.,2026-08-23,Exclude,Author verified — approved 23 Aug 2026,Not included,,,Not applicable — excluded report
R02400,"Cascading Impacts of Wildfire Emissions on Air Quality, Human Health, and Climate Change Based on Literature Review",E. Hadiwijoyo; H. Rijal; Norhayati Abdullah,2025,Fire,10.3390/fire8120471,https://doi.org/10.3390/fire8120471,Include for full text,Evidence synthesis; Exposure / health-risk estimation; Concentration mapping / monitoring; Emissions / source-term estimation,Retrieved,Public full-text candidate located,Retrieved,Include,"Retain as Fire-specific evidence synthesis. Retrieved report describes an eligible fire-specific sensing, modelling, exposure, intervention, governance, review, or material source/perimeter-input contribution.",Approve,Author approved title/decision/rationale review.,2026-08-23,Include,Author verified — approved 23 Aug 2026,Fire-specific evidence synthesis,Used for scope comparison or evidence synthesis; primary-study claims are checked against underlying evidence where material.,"Full report was previously assessed, but report text is unavailable in the current archive; detailed charting remains incomplete",Eligibility author-approved; detailed coding not independently author-verified; see data/coding_completeness.csv
R02465,Chapter 13 Remote Sensing Applications of Wildland Fire and Air Quality in China,J. Qu; X. Hao; Yongqiang Liu; A. Riebau; Hao-ruo Yi; X. Qin,2008,Developments in environmental science,10.1016/s1474-8177(08)00013-2,https://doi.org/10.1016/s1474-8177(08)00013-2,Include for full text,Concentration mapping / monitoring,Retrieved,Complete report retrieved and assessed during documented recovery audit,Retrieved,Include,"Retain as Fire-specific evidence synthesis. Retrieved complete report contributes eligible fire-specific observation, source-state, forecasting, exposure/intervention, governance, or decision-interface evidence.",Approve,Author approved all simplified full-text decisions on 2026-08-24.,2026-08-24,Include,Author approved full-text eligibility — 2026-08-24,Fire-specific evidence synthesis,Supports historical and contextual remote-sensing synthesis; does not establish comparative operational performance.,Retrieved full report assessed 24 Aug 2026; minimum coding prepared from report text and with no independent author verification of detailed fields claimed.,Eligibility author-approved; detailed coding not independently author-verified; see data/coding_completeness.csv
R02524,"Characterization of forest fire smoke event near Washington, DC in summer 2013 with multi-wavelength lidar",Veselovskii I.; N Whiteman D.; Korenskiy M.; Suvorina A.; Kolgotin A.; Lyapustin A.; Wang Y.; Chin M.; Bian H.; Kucsera T.L.; Pérez-Ramírez D.; Holben B.,2014,Atmospheric Chemistry and Physics,10.5194/acp-15-1647-2015,https://doi.org/10.5194/acp-15-1647-2015,Include for full text,Concentration mapping / monitoring,Retrieved; report identity and minimum detail validated,Adequate matching report retrieved and validated,Retrieved,Include,"Retain as Direct fire-specific evidence. The full report evaluates fire-specific ambient pollution, smoke/plume behaviour, monitoring, forecasting, exposure, intervention, or a directly related evidence synthesis.",Approve,Author approved title/decision/rationale review.,2026-08-23,Include,Author verified — approved 23 Aug 2026,Direct fire-specific evidence,"Supports only the fire-specific task and evaluation setting described in the report; it does not by itself establish operational readiness, universal superiority, or cross-incident generalisation.",AI-assisted extraction from validated full-report text; existing nonblank charting preserved; no independent author verification of detailed fields claimed,Eligibility author-approved; detailed coding not independently author-verified; see data/coding_completeness.csv
R02540,"Characterization of Wildfire Smoke over Complex Terrain Using Satellite Observations, Ground-Based Observations, and Meteorological Models",M. Nakata; I. Sano; S. Mukai; A. Kokhanovsky,2022,Remote Sensing,10.3390/rs14102344,https://doi.org/10.3390/rs14102344,Include for full text,Forecasting / simulation; Concentration mapping / monitoring,Retrieved,Public full-text candidate located,Retrieved,Include,"Retain as Direct fire-specific evidence. Retrieved report describes an eligible fire-specific sensing, modelling, exposure, intervention, governance, review, or material source/perimeter-input contribution.",Approve,Author approved title/decision/rationale review.,2026-08-23,Include,Author verified — approved 23 Aug 2026,Direct fire-specific evidence,"Supports the stated sensing or measurement task only; operational readiness depends on setting, validation, and deployment maturity.","Full report was previously assessed, but report text is unavailable in the current archive; detailed charting remains incomplete",Eligibility author-approved; detailed coding not independently author-verified; see data/coding_completeness.csv
R02544,Characterizing and Monitoring Hazardous Air Pollution Caused by Wildfire in Interior Alaska in Summer 2005 Using MODIS Imagery,Stan Z. Li; P. Cobb; K. Sassen; K. Engle,2005,,,,Include for full text,Concentration mapping / monitoring,Not retrieved — inaccessible after documented attempts,No complete report accessible after Zotero-assisted and manual access attempts,Not retrieved,Not retrieved,Report not retrieved after documented access attempts; eligibility remains unknown and no findings are inferred.,Approve,Author approved all simplified full-text decisions on 2026-08-24.,2026-08-24,Not retrieved — inaccessible after documented attempts,Author approved retrieval outcome — 2026-08-24,"Primary candidate — direct fire-specific operational, plume, source/perimeter, exposure/action, or decision-interface evidence; full text required",No substantive claim because the complete report was unavailable.,Retrieval-only audit; no report-level coding or findings inferred,Not applicable — report unavailable
R02545,Characterizing Emissions from Prescribed Fires and Assessing Impacts to Air Quality in the Lake Tahoe Basin Using Dispersion Modeling,Tom M. Malamakal,2013,,,,Include for full text,Forecasting / simulation; Concentration mapping / monitoring; Emissions / source-term estimation,Retrieved,Complete report retrieved and assessed during documented recovery audit,Retrieved,Include,"Retain as Direct fire-specific evidence. Retrieved complete report contributes eligible fire-specific observation, source-state, forecasting, exposure/intervention, governance, or decision-interface evidence.",Approve,Author approved all simplified full-text decisions on 2026-08-24.,2026-08-24,Include,Author approved full-text eligibility — 2026-08-24,Direct fire-specific evidence,Supports prescribed-burn emission/dispersion assessment in the study setting; not routine operational validation.,Retrieved full report assessed 24 Aug 2026; minimum coding prepared from report text and with no independent author verification of detailed fields claimed.,Eligibility author-approved; detailed coding not independently author-verified; see data/coding_completeness.csv
R02589,Chemical Tomography in a Fresh Wildland Fire Plume: A Large Eddy Simulation (LES) Study,Wang S.; Coggon M.M.; Gkatzelis G.I.; Warneke C.; Bourgeois I.; Ryerson T.; Peischl J.; Veres P.R.; Neuman J.A.; Hair J.; Shingler T.; Fenn M.; Diskin G.; Huey L.G.; Lee Y.R.; Apel E.C.; Hornbrook R.S.; Hills A.J.; Hall S.R.; Ullmann K.; Bela M.M.; Trainer M.K.; Kumar R.; Orlando J.J.; Flocke F.M.; Emmons L.K.,2021,Journal of Geophysical Research - Atmospheres,10.1029/2021jd035203,https://doi.org/10.1029/2021jd035203,Include for full text,Forecasting / simulation,Retrieved; report identity and minimum detail validated,Adequate matching report retrieved and validated,Retrieved,Include,"Retain as Direct fire-specific evidence. The full report evaluates fire-specific ambient pollution, smoke/plume behaviour, monitoring, forecasting, exposure, intervention, or a directly related evidence synthesis.",Approve,Author approved title/decision/rationale review.,2026-08-23,Include,Author verified — approved 23 Aug 2026,Direct fire-specific evidence,"Supports only the fire-specific task and evaluation setting described in the report; it does not by itself establish operational readiness, universal superiority, or cross-incident generalisation.",AI-assisted extraction from validated full-report text; existing nonblank charting preserved; no independent author verification of detailed fields claimed,Eligibility author-approved; detailed coding not independently author-verified; see data/coding_completeness.csv
R02611,Citizens' behaviours related to smoke in bushfires and their implications for computational models of evacuation,J. Dugdale; V. Lemiale,2021,Proceedings of the Annual Hawaii International Conference on System Sciences,10.24251/hicss.2021.273,https://doi.org/10.24251/hicss.2021.273,Include for full text,Intervention / decision planning; Forecasting / simulation,Retrieved,Public full-text candidate located,Retrieved,Include,"Retain as Direct fire-specific evidence. The report evaluates a fire-smoke intervention, warning, communication, protection, or decision-support contribution.",Approve,Author approved title/decision/rationale review.,2026-08-23,Include,Author verified — approved 23 Aug 2026,Direct fire-specific evidence,"Supports the evaluated intervention, communication, or decision setting only; transfer to emergency operations requires workflow validation.","Full report was previously assessed, but report text is unavailable in the current archive; detailed charting remains incomplete",Eligibility author-approved; detailed coding not independently author-verified; see data/coding_completeness.csv
R02739,Climate Data for Power Systems Applications: Lessons in Reusing Wildfire Smoke Data for Solar PV Studies,Arleth Salinas; Irtaza Sohail; Valerio Pascucci; Pantelis Stefanakis; Saud Amjad; A. Panta; Roland Schigas; Timothy Chui; Nicolas Duboc; M. Farrokhabadi; R. Stull,2025,Hawaii International Conference on System Sciences,10.48550/arxiv.2509.09888,https://doi.org/10.48550/arxiv.2509.09888,Include for full text,Task requires full-report confirmation,Retrieved,Public full-text candidate located,Retrieved,Exclude,Outcome outside review scope. Reuses wildfire-smoke data for solar-photovoltaic analysis rather than fire-pollution monitoring or public-health action.,Approve,Author approved title/decision/rationale review.,2026-08-23,Exclude,Author verified — approved 23 Aug 2026,Not included,,,Not applicable — excluded report
R02818,Combined Retrievals of Boreal Forest Fire Aerosol Properties with a Polarimeter and Lidar,K. Knobelspiesse; B. Cairns; M. Ottaviani; R. Ferrare; J. Hair; C. Hostetler; M. Obland; R. Rogers; J. Redemann; Y. Shinozuka; A. Clarke; S. Freitag; S. Howell; V. Kapustin; C. McNaughton,2011,Atmospheric Chemistry and Physics,10.5194/acp-11-7045-2011,https://doi.org/10.5194/acp-11-7045-2011,Include for full text,Concentration mapping / monitoring,Retrieved,Public full-text candidate located,Retrieved,Include,"Retain as Direct fire-specific evidence. The full report evaluates fire-specific smoke, aerosol, pollutant, plume, or concentration observation/estimation.",Approve,Author approved title/decision/rationale review.,2026-08-23,Include,Author verified — approved 23 Aug 2026,Direct fire-specific evidence,"Supports the reported sensing or measurement task only; operational readiness depends on setting, validation, and deployment maturity.","Full report was previously assessed, but report text is unavailable in the current archive; detailed charting remains incomplete",Eligibility author-approved; detailed coding not independently author-verified; see data/coding_completeness.csv
R02823,Combining Regulatory Instruments and Low-Cost Sensors to Quantify the Effects of 2020 California Wildfires on PM2.5 in San Joaquin Valley,Faraz Enayati Ahangar; Jeanette Cobian-Iñiguez; Ricardo Cisneros,2022,Fire,10.3390/fire5030064,https://doi.org/10.3390/fire5030064,Include for full text,Governance / policy; Concentration mapping / monitoring,Retrieved,Public full-text candidate located,Retrieved,Include,"Retain as Direct fire-specific evidence. Retrieved report describes an eligible fire-specific sensing, modelling, exposure, intervention, governance, review, or material source/perimeter-input contribution.",Approve,Author approved title/decision/rationale review.,2026-08-23,Include,Author verified — approved 23 Aug 2026,Direct fire-specific evidence,"Operational relevance is supported by the retrieved report, but task coding is retained conservatively and is not claimed as independently author-verified.","Full report was previously assessed, but report text is unavailable in the current archive; detailed charting remains incomplete",Eligibility author-approved; detailed coding not independently author-verified; see data/coding_completeness.csv
R02854,Community-based low-cost air monitoring for wildfire smoke resilience: an implementation science evaluation in rural Alaska,Mariana Cortes Espinosa; Micah Hahn; A. Reed; Cat Hartwell; N. Errett; Tania M Busch Isaksen,2026,Environmental Research: Health,10.1088/2752-5309/ae6aca,https://doi.org/10.1088/2752-5309/ae6aca,Include for full text,Concentration mapping / monitoring; risk communication / decision support,Retrieved and assessed,Author supplied; complete publisher report validated,Retrieved and assessed,Include,"Retain as Direct fire-specific field/implementation evidence. Evaluates how deployed community PM2.5 sensors for wildfire-smoke exposure were installed, maintained, accessed and used in local decisions, with explicit operational and equity constraints.",Approve,Author approved title/decision/rationale review.,2026-08-23,Include,Author verified — approved 23 Aug 2026,Direct fire-specific field/implementation evidence,"Supports implementation barriers/facilitators and the observation-to-action gap in the sampled rural Alaska networks. It does not establish sensor accuracy, causal health protection, automated decision effectiveness or transferability to all rural settings.",Complete 14-page publisher PDF supplied by author; DOI/title/references and text extraction validated; SHA256 9a394025b97993adb0462103252da49ff4ad3f30fd22186794dfa83a0915a8c3,Eligibility author-approved; detailed coding not independently author-verified; see data/coding_completeness.csv
R02858,Community Health and Resilience Under Rising Wildfire Smoke Exposure: A Review of Social Vulnerability and Adaptive Capacity,Shahrin Shahab; Sorowar Chowdhury; Md Rafique Ahasan Chawdhery,2026,Sustainability (Switzerland),10.3390/su18115380,https://doi.org/10.3390/su18115380,Include for full text,Evidence synthesis; Exposure / health-risk estimation,Retrieved,Public full-text candidate located,Retrieved,Include,Retain as Fire-specific evidence synthesis. The report synthesizes fire-specific evidence relevant to at least one review question and will be used with synthesis-level claim boundaries.,Approve,Author approved title/decision/rationale review.,2026-08-23,Include,Author verified — approved 23 Aug 2026,Fire-specific evidence synthesis,Used for scope comparison or evidence synthesis; it cannot substitute for primary comparative or deployment evidence.,"Full report was previously assessed, but report text is unavailable in the current archive; detailed charting remains incomplete",Eligibility author-approved; detailed coding not independently author-verified; see data/coding_completeness.csv
R02874,"Comparative Mask Protection against Inhaling Wildfire Smoke, Allergenic Bioaerosols, and Infectious Particles.","Wagner, Jeff; Macher, Janet M; Chen, Wenhao; Kumagai, Kazukiyo",2022,International journal of environmental research and public health,10.3390/ijerph192315555,https://doi.org/10.3390/ijerph192315555,Include for full text,Intervention / decision planning; Concentration mapping / monitoring,Retrieved,Public full-text candidate located,Retrieved,Include,"Retain as Direct fire-specific evidence. Retrieved report describes an eligible fire-specific sensing, modelling, exposure, intervention, governance, review, or material source/perimeter-input contribution.",Approve,Author approved title/decision/rationale review.,2026-08-23,Include,Author verified — approved 23 Aug 2026,Direct fire-specific evidence,Supports the evaluated intervention or communication setting only; transfer to emergency operations requires workflow validation.,"Full report was previously assessed, but report text is unavailable in the current archive; detailed charting remains incomplete",Eligibility author-approved; detailed coding not independently author-verified; see data/coding_completeness.csv
R02880,Comparing Air Pollution Modelling and Monitoring for Bushfire Smoke Health Impact Assessment in Australia,Joshua A Horsley; M. Cope; A. Rappold; R. Broome; B. Reich; F. Johnston; G. Morgan,2018,ISEE Conference Abstracts,10.1289/isesisee.2018.p01.1010,https://doi.org/10.1289/isesisee.2018.p01.1010,Include for full text,Exposure / health-risk estimation; Forecasting / simulation; Concentration mapping / monitoring,Not retrieved — inaccessible after documented attempts,No complete report accessible after Zotero-assisted and manual access attempts,Not retrieved,Not retrieved,Report not retrieved after documented access attempts; eligibility remains unknown and no findings are inferred.,Approve,Author approved all simplified full-text decisions on 2026-08-24.,2026-08-24,Not retrieved — inaccessible after documented attempts,Author approved retrieval outcome — 2026-08-24,"Primary candidate — direct fire-specific operational, plume, source/perimeter, exposure/action, or decision-interface evidence; full text required",No substantive claim because the complete report was unavailable.,Retrieval-only audit; no report-level coding or findings inferred,Not applicable — report unavailable
R02896,"Comparing Wildfire GOES-based Stereo-Plume Heights, Winds, and Aerosol Property from 3D-Wind and MAGARA Algorithms to CMAQ simulations: A 2018 Camp Fire Study",M. Friberg; Y. Zou; J. Limbacher; Dong L. Wu; J. Carr; S. O'Neill,2020,,10.5194/egusphere-egu2020-11097,https://doi.org/10.5194/egusphere-egu2020-11097,Include for full text,Forecasting / simulation; Concentration mapping / monitoring,Not retrieved — inaccessible after documented attempts,No complete report accessible after Zotero-assisted and manual access attempts,Not retrieved,Not retrieved,Report not retrieved after documented access attempts; eligibility remains unknown and no findings are inferred.,Approve,Author approved all simplified full-text decisions on 2026-08-24.,2026-08-24,Not retrieved — inaccessible after documented attempts,Author approved retrieval outcome — 2026-08-24,"Primary candidate — direct fire-specific operational, plume, source/perimeter, exposure/action, or decision-interface evidence; full text required",No substantive claim because the complete report was unavailable.,Retrieval-only audit; no report-level coding or findings inferred,Not applicable — report unavailable
R02902,Comparison between wildfire emissions in the Pacific Northwest calculated using the BLUESKY air quality framework and calculated using MODIS fire energy satellite data,F. Leung; A. Rengel; J. Vaughan,2012,,,,Include for full text,Concentration mapping / monitoring; Emissions / source-term estimation,Not retrieved — inaccessible after documented attempts,No complete report accessible after Zotero-assisted and manual access attempts,Not retrieved,Not retrieved,Report not retrieved after documented access attempts; eligibility remains unknown and no findings are inferred.,Approve,Author approved all simplified full-text decisions on 2026-08-24.,2026-08-24,Not retrieved — inaccessible after documented attempts,Author approved retrieval outcome — 2026-08-24,"Primary candidate — direct fire-specific operational, plume, source/perimeter, exposure/action, or decision-interface evidence; full text required",No substantive claim because the complete report was unavailable.,Retrieval-only audit; no report-level coding or findings inferred,Not applicable — report unavailable
R02927,Comparison of Path Planning Algorithms for Extinguishing Forest Fires with A* Algorithm,M. P.SivaramKumar; S. Rajasekaran,2012,International Journal of Computer Applications,10.5120/9606-4236,https://doi.org/10.5120/9606-4236,Include for full text,Source localisation / boundary tracking,Retrieved,Public full-text candidate located,Retrieved,Exclude,"Suppression-only path planning for extinguishing forest fires; no material plume, source/perimeter observation, concentration, or pollution-response output is evident.",Approve,"Suppression-only path planning; no material plume, pollution, source-state or eligible decision-interface output.",2026-08-23,Exclude,Author verified — approved 23 Aug 2026,Not included,,"Full report was previously assessed, but report text is unavailable in the current archive; detailed charting remains incomplete",Not applicable — excluded report
R02945,Comparison of WoFS-Smoke with WRF-SFIRE Smoke Forecasts,Fangjiao Ma; Thomas Jones,2026,Fire,10.3390/fire9050197,https://doi.org/10.3390/fire9050197,Uncertain,Forecasting / simulation,Retrieved,Public full-text candidate located,Retrieved,Include,"Retain as Direct fire-specific evidence. Retrieved report describes an eligible fire-specific sensing, modelling, exposure, intervention, governance, review, or material source/perimeter-input contribution.",Approve,Author approved title/decision/rationale review.,2026-08-23,Include,Author verified — approved 23 Aug 2026,Direct fire-specific evidence,Included provisionally on fire-specific operational relevance; detailed coding has completeness reported in the field-level audit.,Existing charting retained; current full-report archive incomplete; no independent author verification of detailed fields claimed,Eligibility author-approved; detailed coding not independently author-verified; see data/coding_completeness.csv
R02957,"Compound Risk of Air Pollution and Heat Days and the Influence of Wildfire by SES across California, 2018-2020: Implications for Environmental Justice in the Context of Climate Change.","Masri, Shahir; Jin, Yufang; Wu, Jun",2022,"Climate (Basel, Switzerland)",10.3390/cli10100145,https://doi.org/10.3390/cli10100145,Include for full text,Governance / policy; Concentration mapping / monitoring,Retrieved,Public full-text candidate located,Retrieved,Include,"Retain as Direct fire-specific evidence. Retrieved report describes an eligible fire-specific sensing, modelling, exposure, intervention, governance, review, or material source/perimeter-input contribution.",Approve,Author approved title/decision/rationale review.,2026-08-23,Include,Author verified — approved 23 Aug 2026,Direct fire-specific evidence,"Supports the stated policy, equity, or implementation finding; it is not algorithm-performance evidence.","Full report was previously assessed, but report text is unavailable in the current archive; detailed charting remains incomplete",Eligibility author-approved; detailed coding not independently author-verified; see data/coding_completeness.csv
R02961,"Comprehensive Assessment of Air Quality Dynamics Around Yosemite National Park Using Remote Sensing, GIS, and Computational Analysis During Wildfire Events",Ambreena Javaid; S. H. Abbas,2024,International Journal of Innovative Science & Technology,10.33411/ijist/20246313131327,https://doi.org/10.33411/ijist/20246313131327,Include for full text,Concentration mapping / monitoring,Retrieved; report identity and minimum detail validated,Adequate matching report retrieved and validated,Retrieved,Include,"Retain as Direct fire-specific evidence. The full report evaluates fire-specific ambient pollution, smoke/plume behaviour, monitoring, forecasting, exposure, intervention, or a directly related evidence synthesis.",Approve,Author approved title/decision/rationale review.,2026-08-23,Include,Author verified — approved 23 Aug 2026,Direct fire-specific evidence,"Supports only the fire-specific task and evaluation setting described in the report; it does not by itself establish operational readiness, universal superiority, or cross-incident generalisation.",AI-assisted extraction from validated full-report text; existing nonblank charting preserved; no independent author verification of detailed fields claimed,Eligibility author-approved; detailed coding not independently author-verified; see data/coding_completeness.csv
R03003,Constraining NOx Emissions with Satellite NO2 Data to Improve Modeling of 2023 Wildfire Air Quality,Joshua Kumm; Z. Qu,2026,Atmospheric Environment,10.1016/j.atmosenv.2026.121985,https://doi.org/10.1016/j.atmosenv.2026.121985,Include for full text,Forecasting / simulation; Concentration mapping / monitoring; Emissions / source-term estimation,Retrieved,Complete report retrieved and assessed during documented recovery audit,Retrieved,Include,"Retain as Direct fire-specific evidence. Retrieved complete report contributes eligible fire-specific observation, source-state, forecasting, exposure/intervention, governance, or decision-interface evidence.",Approve,Author approved all simplified full-text decisions on 2026-08-24.,2026-08-24,Include,Author approved full-text eligibility — 2026-08-24,Direct fire-specific evidence,Supports retrospective satellite constraint of NOx emissions and ozone modelling for 2023; not real-time operational validation.,Retrieved full report assessed 24 Aug 2026; minimum coding prepared from report text and with no independent author verification of detailed fields claimed.,Eligibility author-approved; detailed coding not independently author-verified; see data/coding_completeness.csv
R03005,Constraints on the modeled vertical distribution of smoke during the 2020 western US wildfires from satellite data.,"Arnold, Mackenzie M; Saide, Pablo E; Miyazaki, Kazuyuki; Bowman, Kevin W; Schnell, Jordan L; Ahmadov, Ravan; Chen, Xi; Wang, Jun; Neyra-Nazarrett, Oscar A",2025,NPJ clean air,10.1038/s44407-025-00036-3,https://doi.org/10.1038/s44407-025-00036-3,Include for full text,Forecasting / simulation; Concentration mapping / monitoring,Retrieved,Public full-text candidate located,Retrieved,Include,"Retain as Direct fire-specific evidence. Retrieved report describes an eligible fire-specific sensing, modelling, exposure, intervention, governance, review, or material source/perimeter-input contribution.",Approve,Author approved title/decision/rationale review.,2026-08-23,Include,Author verified — approved 23 Aug 2026,Direct fire-specific evidence,"Supports the stated sensing or measurement task only; operational readiness depends on setting, validation, and deployment maturity.","Full report was previously assessed, but report text is unavailable in the current archive; detailed charting remains incomplete",Eligibility author-approved; detailed coding not independently author-verified; see data/coding_completeness.csv
R03043,Contribution of landfill fires to air pollution - An assessment methodology.,"Bihałowicz, Jan Stefan; Rogula-Kozłowska, Wioletta; Krasuski, Adam",2021,"Waste management (New York, N.Y.)",10.1016/j.wasman.2021.02.046,https://doi.org/10.1016/j.wasman.2021.02.046,Uncertain,Exposure / health-risk estimation; Forecasting / simulation,Retrieved,Author-supplied report validated and assessed,Retrieved,Include,"Retain as Direct fire-specific evidence. Combines statistics from 79 large landfill fires with emissions estimation, uncertainty propagation, HYSPLIT dispersion, and exposed-population assessment.",Approve,Author approved title/decision/rationale review.,2026-08-23,Include,Author verified — approved 23 Aug 2026,Direct fire-specific evidence,Supports retrospective landfill-fire emissions and potential exposure estimates; it is not a real-time monitoring or validated incident-response system.,Full report text extracted and AI-assisted detailed charting proposal; no independent author verification of detailed fields claimed,Eligibility author-approved; detailed coding not independently author-verified; see data/coding_completeness.csv
R03058,Control of wildfire-sourced PM2.5 in an office setting using a commercially available portable air cleaner.,"Stauffer, Dylan A; Autenrieth, Daniel A; Hart, Julie F; Capoccia, Stella",2020,Journal of occupational and environmental hygiene,10.1080/15459624.2020.1722314,https://doi.org/10.1080/15459624.2020.1722314,Include for full text,Intervention / decision planning; Concentration mapping / monitoring,Retrieved,Complete report retrieved and assessed during documented recovery audit,Retrieved,Include,"Retain as Direct fire-specific evidence. Retrieved complete report contributes eligible fire-specific observation, source-state, forecasting, exposure/intervention, governance, or decision-interface evidence.",Approve,Author approved all simplified full-text decisions on 2026-08-24.,2026-08-24,Include,Author approved full-text eligibility — 2026-08-24,Direct fire-specific evidence,Supports portable-cleaner effectiveness in the evaluated offices; does not establish population health outcomes.,Retrieved full report assessed 24 Aug 2026; minimum coding prepared from report text and with no independent author verification of detailed fields claimed.,Eligibility author-approved; detailed coding not independently author-verified; see data/coding_completeness.csv
R03100,Correction: Use of IoT sensing and occupant surveys for determining the resilience of buildings to forest fire generated PM2.5,Jovan Pantelic; Megan Dawe; Dusan Licina,2019,PLoS ONE,10.1371/journal.pone.0225492,https://doi.org/10.1371/journal.pone.0225492,Include for full text,Concentration mapping / monitoring,Retrieved,Public full-text candidate located,Retrieved,Exclude,Correction notice—no independent evidence contribution. Correction to the IoT wildfire-PM2.5 study retained as R11295; the notice is linked but not counted as a separate evidentiary report.,Approve,Author approved title/decision/rationale review.,2026-08-23,Exclude,Author verified — approved 23 Aug 2026,Not included,,,Not applicable — excluded report
R03137,Creating Clean Air Spaces During Wildland Fire Smoke Episodes: Web Summit Summary.,"Davison, Gilliane; Barkjohn, Karoline K; Hagler, Gayle S W; Holder, Amara L; Coefield, Sarah; Noonan, Curtis; Hassett-Sipple, Beth",2021,Frontiers in public health,10.3389/fpubh.2021.508971,https://doi.org/10.3389/fpubh.2021.508971,Include for full text,Intervention / decision planning,Retrieved,Public full-text candidate located,Retrieved,Include,"Retain as Direct fire-specific evidence. Retrieved report describes an eligible fire-specific sensing, modelling, exposure, intervention, governance, review, or material source/perimeter-input contribution.",Approve,Author approved title/decision/rationale review.,2026-08-23,Include,Author verified — approved 23 Aug 2026,Direct fire-specific evidence,Supports the evaluated intervention or communication setting only; transfer to emergency operations requires workflow validation.,"Full report was previously assessed, but report text is unavailable in the current archive; detailed charting remains incomplete",Eligibility author-approved; detailed coding not independently author-verified; see data/coding_completeness.csv
R03146,Critical Review of Health Impacts of Wildfire Smoke Exposure.,"Reid, Colleen E; Brauer, Michael; Johnston, Fay H; Jerrett, Michael; Balmes, John R; Elliott, Catherine T",2016,Environmental health perspectives,10.1289/ehp.1409277,https://doi.org/10.1289/ehp.1409277,Include for full text,Evidence synthesis; Exposure / health-risk estimation,Retrieved,Public full-text candidate located,Retrieved,Include,"Retain as Fire-specific evidence synthesis. Retrieved report describes an eligible fire-specific sensing, modelling, exposure, intervention, governance, review, or material source/perimeter-input contribution.",Approve,Author approved title/decision/rationale review.,2026-08-23,Include,Author verified — approved 23 Aug 2026,Fire-specific evidence synthesis,Used for scope comparison or evidence synthesis; primary-study claims are checked against underlying evidence where material.,"Full report was previously assessed, but report text is unavailable in the current archive; detailed charting remains incomplete",Eligibility author-approved; detailed coding not independently author-verified; see data/coding_completeness.csv
R03210,Data-Driven PM2.5 Exposure Prediction in Wildfire-Prone Regions and Respiratory Disease Mortality Risk Assessment,Sadegh Khanmohammadi; M. Arashpour; M. Bazli; Parisa Farzanehfar,2024,Fire,10.3390/fire7080277,https://doi.org/10.3390/fire7080277,Include for full text,Exposure / health-risk estimation; Forecasting / simulation; Concentration mapping / monitoring,Retrieved,Public full-text candidate located,Retrieved,Include,"Retain as Direct fire-specific evidence. Retrieved report describes an eligible fire-specific sensing, modelling, exposure, intervention, governance, review, or material source/perimeter-input contribution.",Approve,Author approved title/decision/rationale review.,2026-08-23,Include,Author verified — approved 23 Aug 2026,Direct fire-specific evidence,Supports the reported model/simulation task and validation setting; does not by itself establish real-time deployment or superior performance across incidents.,Existing charting retained; current full-report archive incomplete; no independent author verification of detailed fields claimed,Eligibility author-approved; detailed coding not independently author-verified; see data/coding_completeness.csv
R03248,Deep Convolution and Correlated Manifold Embedded Distribution Alignment for Forest Fire Smoke Prediction,Yaoli Wang; Xiaohui Liu; Maozhen Li; Wenxia Di; Lipo Wang,2020,Computing and informatics,10.31577/cai_2020_1-2_318,https://doi.org/10.31577/cai_2020_1-2_318,Include for full text,Forecasting / simulation,Retrieved; report identity and minimum detail validated,Adequate matching report retrieved and validated,Retrieved,Exclude,"Smoke-image classification only—no material plume or pollution-response output. Evaluates transfer-learning classification of forest-fire smoke images but does not produce plume geometry, concentration, exposure, or an operational response output.",Approve,Author approved title/decision/rationale review.,2026-08-23,Exclude,Author verified — approved 23 Aug 2026,Contextual visual-detection evidence,,,Not applicable — excluded report
R03305,Dense Forecasting of Wildfire Smoke Particulate Matter Using Sparsity Invariant Convolutional Neural Networks,Renhao Wang; Ashutosh Bhudia; Brandon Dos Remedios; Minnie Teng; R. Ng,2020,arXiv.org,,,Include for full text,Forecasting / simulation; Concentration mapping / monitoring,Retrieved,Public full-text candidate located,Retrieved,Include,"Retain as Direct fire-specific evidence. Retrieved report describes an eligible fire-specific sensing, modelling, exposure, intervention, governance, review, or material source/perimeter-input contribution.",Approve,Author approved title/decision/rationale review.,2026-08-23,Include,Author verified — approved 23 Aug 2026,Direct fire-specific evidence,Supports the reported model/simulation task and validation setting; does not by itself establish real-time deployment or superior performance across incidents.,"Full report was previously assessed, but report text is unavailable in the current archive; detailed charting remains incomplete",Eligibility author-approved; detailed coding not independently author-verified; see data/coding_completeness.csv
R03393,Detecting Wildfire Flame and Smoke through Edge Computing using Transfer Learning Enhanced Deep Learning Models,Giovanny Vazquez; S. Zhai; Mei Yang,2025,arXiv.org,10.48550/arxiv.2501.08639,https://doi.org/10.48550/arxiv.2501.08639,Include for full text,Exposure / health-risk estimation; Forecasting / simulation; Detection,Retrieved,Public full-text candidate located,Retrieved,Exclude,Flame/smoke visual detection only. Image-object detection for early wildfire recognition; no ambient concentration or plume-response endpoint.,Approve,Author approved title/decision/rationale review.,2026-08-23,Exclude,Author verified — approved 23 Aug 2026,Not included,,,Not applicable — excluded report
R03404,Detection and simulation of wildfire smoke impacting a Mediterranean urban atmosphere,B. L. Drooge; M. Sicard; A. Stohl; Marta Fontal; N. Bravo; Álvaro Muñoz; D. Lange; P. Fernández; J. Grimalt,2016,Atmospheric Pollution Research,10.1016/j.apr.2015.12.003,https://doi.org/10.1016/j.apr.2015.12.003,Include for full text,Forecasting / simulation; Detection,Retrieved; report identity and minimum detail validated,Adequate matching report retrieved and validated,Retrieved,Include,"Retain as Direct fire-specific evidence. The full report evaluates fire-specific ambient pollution, smoke/plume behaviour, monitoring, forecasting, exposure, intervention, or a directly related evidence synthesis.",Approve,Author approved title/decision/rationale review.,2026-08-23,Include,Author verified — approved 23 Aug 2026,Direct fire-specific evidence,"Supports only the fire-specific task and evaluation setting described in the report; it does not by itself establish operational readiness, universal superiority, or cross-incident generalisation.",AI-assisted extraction from validated full-report text; existing nonblank charting preserved; no independent author verification of detailed fields claimed,Eligibility author-approved; detailed coding not independently author-verified; see data/coding_completeness.csv
R03408,"Detection, emission estimation and risk prediction of forest fires in China using satellite sensors and simulation models in the past three decades--an overview.","Zhang, Jia-Hua; Yao, Feng-Mei; Liu, Cheng; Yang, Li-Min; Boken, Vijendra K",2011,International journal of environmental research and public health,10.3390/ijerph8083156,https://doi.org/10.3390/ijerph8083156,Include for full text,Forecasting / simulation; Concentration mapping / monitoring; Emissions / source-term estimation; Detection,Retrieved,Public full-text candidate located,Retrieved,Include,"Retain as Direct fire-specific evidence. Retrieved report describes an eligible fire-specific sensing, modelling, exposure, intervention, governance, review, or material source/perimeter-input contribution.",Approve,Author approved title/decision/rationale review.,2026-08-23,Include,Author verified — approved 23 Aug 2026,Direct fire-specific evidence,"Supports the stated sensing or measurement task only; operational readiness depends on setting, validation, and deployment maturity.","Full report was previously assessed, but report text is unavailable in the current archive; detailed charting remains incomplete",Eligibility author-approved; detailed coding not independently author-verified; see data/coding_completeness.csv
R03430,Detection of forest fires and pollutant plume dispersion using IoT air quality sensors.,"Lertsinsrubtavee, Adisorn; Kanabkaew, Thongchai; Raksakietisak, Sunee",2023,"Environmental pollution (Barking, Essex : 1987)",10.1016/j.envpol.2023.122701,https://doi.org/10.1016/j.envpol.2023.122701,Include for full text,Incident detection; concentration monitoring; short-horizon plume prediction,Retrieved — adequate report,Complete report validated and assessed,Retrieved — adequate report,Include,Retain as Direct fire-specific field-pilot evidence. Complete report assessed 22 Aug 2026; Uses a deployed IoT air-quality network to detect forest-fire periods and estimate 15-minute PM2.5 movement in Thailand.,Approve,Author approved title/decision/rationale review.,2026-08-23,Include,Author verified — approved 23 Aug 2026,Direct fire-specific field-pilot evidence,"Supports local field feasibility of low-cost sensing and short-horizon prediction. It does not establish robust cross-region detection, superiority to persistence, or operational response effectiveness.",Complete report assessed 22 Aug 2026; Uses a deployed IoT air-quality network to detect forest-fire periods and estimate 15-minute PM2.5 movement in Thailand.,Eligibility author-approved; detailed coding not independently author-verified; see data/coding_completeness.csv
R03465,Deterministic–Probabilistic Prediction of Forest Fires from Lightning Activity Taking into Account Aerosol Emissions,N. Baranovskiy; V. A. Vyatkina; A. M. Chernyshov,2022,Atmosphere,10.3390/atmos14010029,https://doi.org/10.3390/atmos14010029,Include for full text,Forecasting / simulation; Concentration mapping / monitoring; Emissions / source-term estimation,Retrieved,Public full-text candidate located,Retrieved,Exclude,"Fire occurrence/spread prediction only. Predicts lightning-related forest-fire danger; aerosol formation is a mechanism, not an air-pollution response output.",Approve,Author approved title/decision/rationale review.,2026-08-23,Exclude,Author verified — approved 23 Aug 2026,Not included,,,Not applicable — excluded report
R03472,Developing an Aircraft-Based Angular Distribution Model of Solar Reflection from Wildfire Smoke to Aid Satellite-Based Radiative Flux Estimation,T. Várnai; C. Gatebe; R. Gautam; R. Poudyal; W. Su,2019,Remote Sensing,10.3390/rs11131509,https://doi.org/10.3390/rs11131509,Include for full text,Forecasting / simulation; Concentration mapping / monitoring,Retrieved,Public full-text candidate located,Retrieved,Include,"Retain as Direct fire-specific evidence. Retrieved report describes an eligible fire-specific sensing, modelling, exposure, intervention, governance, review, or material source/perimeter-input contribution.",Approve,Author approved title/decision/rationale review.,2026-08-23,Include,Author verified — approved 23 Aug 2026,Direct fire-specific evidence,"Supports the stated sensing or measurement task only; operational readiness depends on setting, validation, and deployment maturity.","Full report was previously assessed, but report text is unavailable in the current archive; detailed charting remains incomplete",Eligibility author-approved; detailed coding not independently author-verified; see data/coding_completeness.csv
R03495,Development and Evaluation of a North America Ensemble Wildfire Air Quality Forecast: Initial Application to the 2020 Western United States “Gigafire”,Makkaroon P.; Tong D.Q.; Li Y.; Hyer E.J.; Xian P.; Kondragunta S.; Campbell P.C.; Tang Y.; Baker B.D.; Cohen M.D.; Darmenov A.; Lyapustin A.; Saylor R.D.; Wang Y.; Stajner I.,2023,Journal of Geophysical Research - Atmospheres,10.1029/2022jd037298,https://doi.org/10.1029/2022jd037298,Include for full text,Forecasting / simulation; Concentration mapping / monitoring,Retrieved,Public full-text candidate located,Retrieved,Include,"Retain as Direct fire-specific evidence. The full report evaluates fire-specific smoke, plume, air-quality, or exposure forecasting/simulation.",Approve,Author approved title/decision/rationale review.,2026-08-23,Include,Author verified — approved 23 Aug 2026,Direct fire-specific evidence,Supports the reported model or simulation task and validation setting; it does not establish universal superiority or real-time deployment.,"Full report was previously assessed, but report text is unavailable in the current archive; detailed charting remains incomplete",Eligibility author-approved; detailed coding not independently author-verified; see data/coding_completeness.csv
R03503,Development and optimization of a wildfire plume rise model based on remote sensing data inputs – Part 2,R. Paugam; M. Wooster; J. Atherton; S. Freitas; M. Schultz; J. Kaiser,2015,Atmospheric Chemistry and Physics,10.5194/acpd-15-9815-2015,https://doi.org/10.5194/acpd-15-9815-2015,Include for full text,Forecasting / simulation; Concentration mapping / monitoring,Retrieved; report identity and minimum detail validated,Adequate matching report retrieved and validated,Retrieved,Include,"Retain as Direct fire-specific evidence. The full report evaluates fire-specific ambient pollution, smoke/plume behaviour, monitoring, forecasting, exposure, intervention, or a directly related evidence synthesis.",Approve,Author approved title/decision/rationale review.,2026-08-23,Include,Author verified — approved 23 Aug 2026,Direct fire-specific evidence,"Supports only the fire-specific task and evaluation setting described in the report; it does not by itself establish operational readiness, universal superiority, or cross-incident generalisation.",AI-assisted extraction from validated full-report text; existing nonblank charting preserved; no independent author verification of detailed fields claimed,Eligibility author-approved; detailed coding not independently author-verified; see data/coding_completeness.csv
R03518,Development of a low-cost air sensor package and indoor air quality monitoring in a California middle school: Detection of a distant wildfire.,"Kaduwela, Ajith P; Kaduwela, Amal P; Jrade, Ely; Brusseau, Matthew; Morris, Sean; Morris, Jennifer; Risk, Valerie",2019,Journal of the Air & Waste Management Association (1995),10.1080/10962247.2019.1629362,https://doi.org/10.1080/10962247.2019.1629362,Include for full text,Concentration mapping / monitoring; Detection,Retrieved,Complete report retrieved and assessed during documented recovery audit,Retrieved,Include,"Retain as Direct fire-specific evidence. Retrieved complete report contributes eligible fire-specific observation, source-state, forecasting, exposure/intervention, governance, or decision-interface evidence.",Approve,Author approved all simplified full-text decisions on 2026-08-24.,2026-08-24,Include,Author approved full-text eligibility — 2026-08-24,Direct fire-specific evidence,Supports detection of a distant smoke episode with a low-cost classroom package; not a validated warning or intervention system.,Retrieved full report assessed 24 Aug 2026; minimum coding prepared from report text and with no independent author verification of detailed fields claimed.,Eligibility author-approved; detailed coding not independently author-verified; see data/coding_completeness.csv
R03527,Development of a Smoke Dispersion Forecast System for Korean Forest Fires,Boknam Lee; S. Cho; Seung-Kii Lee; C. Woo; Joowon Park,2019,Forests,10.3390/f10030219,https://doi.org/10.3390/f10030219,Include for full text,Forecasting / simulation,Retrieved,Public full-text candidate located,Retrieved,Include,"Retain as Direct fire-specific evidence. Retrieved report describes an eligible fire-specific sensing, modelling, exposure, intervention, governance, review, or material source/perimeter-input contribution.",Approve,Author approved title/decision/rationale review.,2026-08-23,Include,Author verified — approved 23 Aug 2026,Direct fire-specific evidence,Supports the reported model/simulation task and validation setting; does not by itself establish real-time deployment or superior performance across incidents.,"Full report was previously assessed, but report text is unavailable in the current archive; detailed charting remains incomplete",Eligibility author-approved; detailed coding not independently author-verified; see data/coding_completeness.csv
R03536,Development of an emission estimation method with satellite observations for significant forest fires and comparison with global fire emission inventories: Application to catastrophic fires of summer 2021 over the Eastern Mediterranean,E. Bi̇lgi̇ç; Gizem Tuna Tuygun; Orhan Gündüz,2023,Atmospheric Environment,10.1016/j.atmosenv.2023.119871,https://doi.org/10.1016/j.atmosenv.2023.119871,Include for full text,Concentration mapping / monitoring; Emissions / source-term estimation,Retrieved; report identity and minimum detail validated,Adequate matching report retrieved and validated,Retrieved,Include,"Retain as Direct fire-specific evidence. The full report evaluates fire-specific ambient pollution, smoke/plume behaviour, monitoring, forecasting, exposure, intervention, or a directly related evidence synthesis.",Approve,Author approved title/decision/rationale review.,2026-08-23,Include,Author verified — approved 23 Aug 2026,Direct fire-specific evidence,"Supports only the fire-specific task and evaluation setting described in the report; it does not by itself establish operational readiness, universal superiority, or cross-incident generalisation.",AI-assisted extraction from validated full-report text; existing nonblank charting preserved; no independent author verification of detailed fields claimed,Eligibility author-approved; detailed coding not independently author-verified; see data/coding_completeness.csv
R03569,Development of the next-generation air quality prediction system in the Unified Forecast System framework: Enhancing predictability of wildfire air quality impacts,Jianping Huang; I. Stajner; R. Montuoro; Fanglin Yang; Kai Wang; Ho-Chun Huang; Chan‐Hoo Jeon; Brian Curtis; J. Mcqueen; Haixia Liu; B. Baker; Daniel Tong; Youhua Tang; P. Campbell; G. Grell; Gregory J. Frost; Rebecca Schwantes; Siyuan Wang; S. Kondragunta; Fangjun Li; Youngsun Jung,2025,Bulletin of The American Meteorological Society - (BAMS),10.1175/bams-d-23-0053.1,https://doi.org/10.1175/bams-d-23-0053.1,Include for full text,Forecasting / simulation; concentration mapping / monitoring; decision support,Retrieved and assessed,Author supplied; complete report validated,Retrieved and assessed,Include,Retain as Direct fire-specific operational forecasting evidence. Describes and evaluates the next-generation United States operational air-quality forecast system with satellite-updated wildfire emissions during the 2023 Quebec smoke episode.,Approve,Author approved title/decision/rationale review.,2026-08-23,Include,Author verified — approved 23 Aug 2026,Direct fire-specific operational forecasting evidence,"Supports operational implementation and comparative improvement for the evaluated configuration and episode. It does not show universal superiority across fire seasons, regions, or all forecast hazards.","Complete 22-page report supplied by author; identity, opening/closing pages, references, extractability and completeness validated; SHA256 7c3c90f1b5eff9698a92dcfe90518fb0297b55a77b486a42c383cc9585832eda",Eligibility author-approved; detailed coding not independently author-verified; see data/coding_completeness.csv
R03585,Differences in the Estimation of Wildfire-Associated Air Pollution by Satellite Mapping of Smoke Plumes and Ground-Level Monitoring.,"Fadadu, Raj P; Balmes, John R; Holm, Stephanie M",2020,International journal of environmental research and public health,10.3390/ijerph17218164,https://doi.org/10.3390/ijerph17218164,Include for full text,Concentration mapping / monitoring,Retrieved,Public full-text candidate located,Retrieved,Include,"Retain as Direct fire-specific evidence. Retrieved report describes an eligible fire-specific sensing, modelling, exposure, intervention, governance, review, or material source/perimeter-input contribution.",Approve,Author approved title/decision/rationale review.,2026-08-23,Include,Author verified — approved 23 Aug 2026,Direct fire-specific evidence,"Supports the stated sensing or measurement task only; operational readiness depends on setting, validation, and deployment maturity.","Full report was previously assessed, but report text is unavailable in the current archive; detailed charting remains incomplete",Eligibility author-approved; detailed coding not independently author-verified; see data/coding_completeness.csv
R03640,Dispersion and impact of smoke plumes from industrial fires: the case of Lubrizol,L. Rouil; F. Tognet; F. Meleux; A. Colette; G. Leroy; B. Truchot,2021,"Environnement, Risques et Sante",10.1684/ers.2021.1540,https://doi.org/10.1684/ers.2021.1540,Include for full text,Forecasting / simulation,Not retrieved — inaccessible after documented attempts,No complete report accessible after Zotero-assisted and manual access attempts,Not retrieved,Not retrieved,Report not retrieved after documented access attempts; eligibility remains unknown and no findings are inferred.,Approve,Author approved all simplified full-text decisions on 2026-08-24.,2026-08-24,Not retrieved — inaccessible after documented attempts,Author approved retrieval outcome — 2026-08-24,"Primary candidate — direct fire-specific operational, plume, source/perimeter, exposure/action, or decision-interface evidence; full text required",No substantive claim because the complete report was unavailable.,Retrieval-only audit; no report-level coding or findings inferred,Not applicable — report unavailable
R03702,Downwind Fire and Smoke Detection during a Controlled Burn—Analyzing the Feasibility and Robustness of Several Downwind Wildfire Sensing Modalities through Real World Applications,Patrick Chwalek; Hall Chen; Prabal Dutta; Joshua Dimon; Sukhwinder Singh; Constance Chiang; Thomas Azwell,2023,Fire,10.3390/fire6090356,https://doi.org/10.3390/fire6090356,Include for full text,Concentration mapping / monitoring; Detection,Retrieved,Public full-text candidate located,Retrieved,Include,"Retain as Direct fire-specific evidence. Retrieved report describes an eligible fire-specific sensing, modelling, exposure, intervention, governance, review, or material source/perimeter-input contribution.",Approve,Author approved title/decision/rationale review.,2026-08-23,Include,Author verified — approved 23 Aug 2026,Direct fire-specific evidence,"Supports the stated sensing or measurement task only; operational readiness depends on setting, validation, and deployment maturity.","Full report was previously assessed, but report text is unavailable in the current archive; detailed charting remains incomplete",Eligibility author-approved; detailed coding not independently author-verified; see data/coding_completeness.csv
R03719,Drone-Based AI System for Wildfire Monitoring and Risk Prediction,Claudio A. S. Lelis; Julio J. Roncal; Leonardo Silveira; R. D. G. de Aquino; C. A. Marcondes; J. Marques; D. Loubach; F. Verri; V. V. Curtis; Diego G. De Souza,2024,IEEE Access,10.1109/access.2024.3462436,https://doi.org/10.1109/access.2024.3462436,Uncertain,Forecasting / simulation; Concentration mapping / monitoring,Retrieved; report identity and minimum detail validated,Adequate matching report retrieved and validated,Retrieved,Exclude,"Pre-fire risk estimation without a plume or ambient-pollution interface. Drone data support wildfire risk prediction and proactive mission planning, but the evaluated outputs do not monitor an active source, smoke plume, emissions, concentration, exposure, or health response.",Approve,Author approved title/decision/rationale review.,2026-08-23,Exclude,Author verified — approved 23 Aug 2026,Contextual fire-response evidence,,,Not applicable — excluded report
R03725,"DRONE IMAGING APPLICATIONS FOR FIRE ECOLOGY, WILDFIRE HAZARD MITIGATION AND EMERGENCY RESPONSE: A REVIEW OF PAST ACCOMPLISHMENTS AND FUTURE APPLICATIONS",M. Mayes; Arthur Sylvester,2023,Geological Society of America Abstracts with Programs,10.1130/abs/2023cd-387732,https://doi.org/10.1130/abs/2023cd-387732,Include for full text,Evidence synthesis; Intervention / decision planning,Not retrieved — inaccessible after documented attempts,No complete report accessible after Zotero-assisted and manual access attempts,Not retrieved,Not retrieved,Report not retrieved after documented access attempts; eligibility remains unknown and no findings are inferred.,Approve,Author approved all simplified full-text decisions on 2026-08-24.,2026-08-24,Not retrieved — inaccessible after documented attempts,Author approved retrieval outcome — 2026-08-24,"Primary candidate — direct fire-specific operational, plume, source/perimeter, exposure/action, or decision-interface evidence; full text required",No substantive claim because the complete report was unavailable.,Retrieval-only audit; no report-level coding or findings inferred,Not applicable — report unavailable
R03763,Dynamic Mapping of Forest Fire Fronts Using Multiple Unmanned Aerial Vehicles,Connie N. K. K. Phan; Hugh H. T. Liu,2010,,10.2514/6.2010-8317,https://doi.org/10.2514/6.2010-8317,Include for full text,Concentration mapping / monitoring; Source localisation / boundary tracking,Retrieved,Complete report retrieved and assessed during documented recovery audit,Retrieved,Include,"Retain as Conditional fire-source/perimeter input. Retrieved complete report contributes eligible fire-specific observation, source-state, forecasting, exposure/intervention, governance, or decision-interface evidence.",Approve,Author approved all simplified full-text decisions on 2026-08-24.,2026-08-24,Include,Author approved full-text eligibility — 2026-08-24,Conditional fire-source/perimeter input,Supports simulated dynamic fire-front mapping from temperature measurements; no smoke concentration or field validation.,Retrieved full report assessed 24 Aug 2026; minimum coding prepared from report text and with no independent author verification of detailed fields claimed.,Eligibility author-approved; detailed coding not independently author-verified; see data/coding_completeness.csv
R03766,Dynamic Path Planning for Autonomous Robots in Forest Fire Scenarios Using Hybrid Deep Reinforcement Learning and Particle Swarm Optimization,N. Thakre; Divya Nimma; Anil V. Turukmane; A. Singh; Divya Rohatgi; Balakrishna Bangaru,2024,International Journal of Advanced Computer Science and Applications,10.14569/ijacsa.2024.0150950,https://doi.org/10.14569/ijacsa.2024.0150950,Include for full text,Source localisation / boundary tracking,Retrieved,Public full-text candidate located,Retrieved,Exclude,"Generic autonomous-robot navigation in forest-fire scenarios; evaluates route efficiency/adaptability, not a material fire source/perimeter, plume, concentration, or pollution-response output.",Approve,"Generic navigation/routing in a forest-fire scenario without a material plume, pollution or source-state output.",2026-08-23,Exclude,Author verified — approved 23 Aug 2026,Not included,,"Full report was previously assessed, but report text is unavailable in the current archive; detailed charting remains incomplete",Not applicable — excluded report
R03768,Dynamic UAV Path Planning Under Wildfire Scenarios Using PPO Algorithm,Xinlong Cai; Wenjie Tang,2025,"2025 4th International Conference on Robotics, Artificial Intelligence and Intelligent Control (RAIIC)",10.1109/raiic65850.2025.11169796,https://doi.org/10.1109/raiic65850.2025.11169796,Include for full text,Source localisation / boundary tracking,Retrieved,Complete report retrieved and assessed during documented recovery audit,Retrieved,Include,"Retain as Conditional fire-source/perimeter input. Retrieved complete report contributes eligible fire-specific observation, source-state, forecasting, exposure/intervention, governance, or decision-interface evidence.",Approve,Author approved all simplified full-text decisions on 2026-08-24.,2026-08-24,Include,Author approved full-text eligibility — 2026-08-24,Conditional fire-source/perimeter input,"Supports simulated reconnaissance routing in evolving fires; no plume, concentration or operational validation.",Retrieved full report assessed 24 Aug 2026; minimum coding prepared from report text and with no independent author verification of detailed fields claimed.,Eligibility author-approved; detailed coding not independently author-verified; see data/coding_completeness.csv
R03814,Early Wildfire Detection using UAVs Integrated with Air Quality and LiDAR Sensors,Doaa Rjoub; Ahmad Alsharoa; Ala’eddin Masadeh,2022,IEEE Vehicular Technology Conference,10.1109/vtc2022-fall57202.2022.10012938,https://doi.org/10.1109/vtc2022-fall57202.2022.10012938,Include for full text,Concentration mapping / monitoring; Detection,Retrieved,Complete report retrieved and assessed during documented recovery audit,Retrieved,Include,"Retain as Conditional fire-source/perimeter input. Retrieved complete report contributes eligible fire-specific observation, source-state, forecasting, exposure/intervention, governance, or decision-interface evidence.",Approve,Author approved all simplified full-text decisions on 2026-08-24.,2026-08-24,Include,Author approved full-text eligibility — 2026-08-24,Conditional fire-source/perimeter input,Supports simulated energy-aware fire detection using air-quality/LiDAR inputs; does not establish plume mapping or field performance.,Retrieved full report assessed 24 Aug 2026; minimum coding prepared from report text and with no independent author verification of detailed fields claimed.,Eligibility author-approved; detailed coding not independently author-verified; see data/coding_completeness.csv
R03862,Edge-Friendly UAV Wildfire Smoke and Flame Detection Using Transfer Learning-Enhanced Lightweight Deep Learning Models.,"Vazquez, Giovanny; Zhai, Shengjie Patrick; Yang, Mei",2026,"Sensors (Basel, Switzerland)",10.3390/s26103197,https://doi.org/10.3390/s26103197,Include for full text,Forecasting / simulation; Concentration mapping / monitoring; Detection,Retrieved,Public full-text candidate located,Retrieved,Exclude,Flame/smoke visual detection only. Image detection of smoke and flame on UAV hardware without an ambient pollution or plume output.,Approve,Author approved title/decision/rationale review.,2026-08-23,Exclude,Author verified — approved 23 Aug 2026,Not included,,,Not applicable — excluded report
R03881,"Effect modification of the association between fine particulate air pollution during a wildfire event and respiratory health by area-level measures of socio-economic status, race/ethnicity, and smoking prevalence.","Reid, C E; Considine, E M; Watson, G L; Telesca, D; Pfister, G G; Jerrett, M",2023,"Environmental research, health : ERH",10.1088/2752-5309/acc4e1,https://doi.org/10.1088/2752-5309/acc4e1,Include for full text,Exposure / health-risk estimation; Concentration mapping / monitoring,Retrieved,Public full-text candidate located,Retrieved,Include,Include under Amendment 001 as actionable vulnerability and risk stratification using wildfire-specific exposure estimates and subgroup modifiers.,Approve,Retained under Amendment 001 as actionable vulnerability/risk stratification.,2026-08-23,Include,Author verified — approved 23 Aug 2026,Direct fire-specific evidence,Supports differential wildfire-PM risk stratification; it does not establish personalised or prospective clinical decision support.,"Full report was previously assessed, but report text is unavailable in the current archive; detailed charting remains incomplete",Eligibility author-approved; detailed coding not independently author-verified; see data/coding_completeness.csv
R03930,"Effects of fine particulate matter from wildfire and non-wildfire sources on emergency-department visits in people who were housed and unhoused in San Diego County (CA, USA) during 2012-20: a time-stratified case-crossover study.","Schwarz, Lara; Nguyen, Andrew; Schwarz, Emilie; Castillo, Edward M; Brennan, Jesse J; Chan, Theodore C; Aguilera, Rosana; Gershunov, Alexander; Benmarhnia, Tarik",2024,The Lancet. Planetary health,10.1016/s2542-5196(24)00239-0,https://doi.org/10.1016/s2542-5196(24)00239-0,Uncertain,Exposure / health-risk estimation; Concentration mapping / monitoring,Retrieved; report identity and minimum detail validated,Adequate matching report retrieved and validated,Retrieved,Include,Include under Amendment 001 because wildfire-PM2.5 risk stratification by housed/unhoused status provides decision-relevant vulnerability evidence.,Approve,Included consistently under Amendment 001 because housed/unhoused wildfire-PM risk stratification is decision-relevant vulnerability evidence.,2026-08-23,Include,Author verified — approved 23 Aug 2026,Direct fire-specific evidence,Supports wildfire-PM vulnerability/risk stratification by housing status; it does not establish prospective clinical decision support.,,Eligibility author-approved; detailed coding not independently author-verified; see data/coding_completeness.csv
R03936,Effects of Fire Plume Height on the Geophysical Estimation of Surface Fine Particulate Matter from Satellite Aerosol Optical Depth during North American Wildfires.,"Singh, Inderjeet; Martin, Randall V; van Donkelaar, Aaron; Li, Chi; Zhang, Yuanjian; Zhu, Haihui; Zhang, Dandan; Lyapustin, Alexei",2025,ACS ES&T air,10.1021/acsestair.5c00035,https://doi.org/10.1021/acsestair.5c00035,Include for full text,Concentration mapping / monitoring,Not retrieved — inaccessible after documented attempts,No complete report accessible after Zotero-assisted and manual access attempts,Not retrieved,Not retrieved,Report not retrieved after documented access attempts; eligibility remains unknown and no findings are inferred.,Approve,Author approved all simplified full-text decisions on 2026-08-24.,2026-08-24,Not retrieved — inaccessible after documented attempts,Author approved retrieval outcome — 2026-08-24,"Primary candidate — direct fire-specific operational, plume, source/perimeter, exposure/action, or decision-interface evidence; full text required",No substantive claim because the complete report was unavailable.,Retrieval-only audit; no report-level coding or findings inferred,Not applicable — report unavailable
R03981,Efficacy of Communication Techniques and Health Outcomes of Bushfire Smoke Exposure: A Scoping Review.,"Heaney, Emily; Hunter, Laura; Clulow, Angus; Bowles, Devin; Vardoulakis, Sotiris",2021,International journal of environmental research and public health,10.3390/ijerph182010889,https://doi.org/10.3390/ijerph182010889,Include for full text,Evidence synthesis; Exposure / health-risk estimation; Intervention / decision planning,Retrieved,Public full-text candidate located,Retrieved,Include,"Retain as Fire-specific evidence synthesis. Retrieved report describes an eligible fire-specific sensing, modelling, exposure, intervention, governance, review, or material source/perimeter-input contribution.",Approve,Author approved title/decision/rationale review.,2026-08-23,Include,Author verified — approved 23 Aug 2026,Fire-specific evidence synthesis,Used for scope comparison or evidence synthesis; primary-study claims are checked against underlying evidence where material.,"Full report was previously assessed, but report text is unavailable in the current archive; detailed charting remains incomplete",Eligibility author-approved; detailed coding not independently author-verified; see data/coding_completeness.csv
R03990,Efficient Detection of Forest Fire Smoke in UAV Aerial Imagery Based on an Improved Yolov5 Model and Transfer Learning,huan yang; Jun Wang; Jiacun Wang,2023,Remote Sensing,10.3390/rs15235527,https://doi.org/10.3390/rs15235527,Include for full text,Forecasting / simulation; Concentration mapping / monitoring; Detection,Retrieved,Public full-text candidate located,Retrieved,Exclude,Flame/smoke visual detection only. UAV-image smoke detection for early fire recognition without an ambient concentration or plume-response output.,Approve,Author approved title/decision/rationale review.,2026-08-23,Exclude,Author verified — approved 23 Aug 2026,Not included,,,Not applicable — excluded report
R04006,Elevational dependence of global forest fires and associated aerosol optical depth: drivers and decoupling,Qiaomin Pei; Chuanfeng Zhao; Xing Yan; Xingchuan Yang; Annan Chen; Xin Wan,2026,Atmospheric Chemistry and Physics,10.5194/acp-26-5697-2026,https://doi.org/10.5194/acp-26-5697-2026,Include for full text,Concentration mapping / monitoring,Retrieved,Public full-text candidate located,Retrieved,Exclude,"Background fire-aerosol climatology. Global elevation/AOD association study does not evaluate a monitoring, forecasting, health-risk, or response system.",Approve,Author approved title/decision/rationale review.,2026-08-23,Exclude,Author verified — approved 23 Aug 2026,Not included,,,Not applicable — excluded report
R04018,Emergency department visits in California associated with wildfire PM2.5: differing risk across individuals and communities.,"Stowell, Jennifer D; Sue Wing, Ian; Romitti, Yasmin; Kinney, Patrick L; Wellenius, Gregory A",2025,"Environmental research, health : ERH",10.1088/2752-5309/ad976d,https://doi.org/10.1088/2752-5309/ad976d,Include for full text,Exposure / health-risk estimation; Concentration mapping / monitoring,Retrieved,Public full-text candidate located,Retrieved,Include,Include under Amendment 001 because differential wildfire-PM2.5 risk across individuals and communities provides decision-relevant vulnerability stratification.,Approve,Retained under Amendment 001 as actionable individual/community vulnerability and risk stratification.,2026-08-23,Include,Author verified — approved 23 Aug 2026,Direct fire-specific evidence,Supports differential wildfire-PM risk by individual/community characteristics; it does not establish personalised or prospective clinical decision support.,Existing charting retained; current full-report archive incomplete; no independent author verification of detailed fields claimed,Eligibility author-approved; detailed coding not independently author-verified; see data/coding_completeness.csv
R04029,Emerging Trends in AI-Driven Autonomous Unmanned Aerial Vehicle System for Wildfire Surveillance: A Comprehensive Survey,Varsha Poddar; Sukalyan Goswami; Nidhi Sikder; Anirban Mondal; Mrinmay Das,2025,"2025 13th International Conference on Intelligent Embedded, MicroElectronics, Communication and Optical Networks (IEMECON)",10.1109/iemecon69302.2025.11365846,https://doi.org/10.1109/iemecon69302.2025.11365846,Include for full text,Evidence synthesis; Detection; Source/perimeter surveillance,Retrieved,Author-supplied report validated and assessed,Retrieved,Include,"Retain as Fire-specific evidence synthesis - source/detection layer. Narrative survey of AI-enabled UAV approaches for wildfire surveillance, including sensors, swarms, path planning, endurance, communications, and hardware constraints; agricultural material is adjacent rather than fire evidence.",Approve,Author approved title/decision/rationale review.,2026-08-23,Include,Author verified — approved 23 Aug 2026,Fire-specific evidence synthesis - source/detection layer,"Supports qualitative positioning of UAV surveillance and constraints only. It does not provide direct plume-concentration, health-risk, comparative-performance, or deployment evidence; agricultural sections are transferred context.",Full report text extracted and AI-assisted detailed charting proposal; no independent author verification of detailed fields claimed,Eligibility author-approved; detailed coding not independently author-verified; see data/coding_completeness.csv
R04077,Emulating Wildfire Plume Injection Using Machine Learning Trained by Large Eddy Simulation (LES).,"Wang, Siyuan",2024,Environmental Science and Technology,10.1021/acs.est.4c05095,https://doi.org/10.1021/acs.est.4c05095,Include for full text,Forecasting / simulation,Not retrieved — inaccessible after documented attempts,No complete report accessible after Zotero-assisted and manual access attempts,Not retrieved,Not retrieved,Report not retrieved after documented access attempts; eligibility remains unknown and no findings are inferred.,Approve,Author approved all simplified full-text decisions on 2026-08-24.,2026-08-24,Not retrieved — inaccessible after documented attempts,Author approved retrieval outcome — 2026-08-24,"Primary candidate — direct fire-specific operational, plume, source/perimeter, exposure/action, or decision-interface evidence; full text required",No substantive claim because the complete report was unavailable.,Retrieval-only audit; no report-level coding or findings inferred,Not applicable — report unavailable
R04096,Engaging interested parties to optimize wildfire smoke communication in Canada: challenges with initiating change.,"Choy, Amelia; Shellington, Erin M; Rideout, Karen; Roushorne, Meghan; Joshi, Phalgun; Carlsten, Christopher",2023,Frontiers in public health,10.3389/fpubh.2023.1268249,https://doi.org/10.3389/fpubh.2023.1268249,Include for full text,Intervention / decision planning,Retrieved,Public full-text candidate located,Retrieved,Include,"Retain as Direct fire-specific evidence. Retrieved report describes an eligible fire-specific sensing, modelling, exposure, intervention, governance, review, or material source/perimeter-input contribution.",Approve,Author approved title/decision/rationale review.,2026-08-23,Include,Author verified — approved 23 Aug 2026,Direct fire-specific evidence,Supports the evaluated intervention or communication setting only; transfer to emergency operations requires workflow validation.,"Full report was previously assessed, but report text is unavailable in the current archive; detailed charting remains incomplete",Eligibility author-approved; detailed coding not independently author-verified; see data/coding_completeness.csv
R04135,Enhancing Wildfire and Smoke Forecasting by Integrating Fire Observations: A Comparative Analysis of Methods for Integrating Infrared and Satellite Data Into a Coupled Fire‐Atmosphere Model,Kathleen Clough; Angel Farguell; J. Mandel; Kyle Hilburn; A. Kochanski,2025,Journal of Geophysical Research - Atmospheres,10.1029/2024jd042561,https://doi.org/10.1029/2024jd042561,Include for full text,Forecasting / simulation; Concentration mapping / monitoring; Source/perimeter data integration,Retrieved,Author-supplied report validated and assessed,Retrieved,Include,"Retain as Direct fire-specific evidence. Comparative evaluation of three fire-observation integration methods in a coupled fire-atmosphere forecasting system using the 2021 Caldor Fire, surface PM2.5, smoke-height, and fire-growth observations.",Approve,Author approved title/decision/rationale review.,2026-08-23,Include,Author verified — approved 23 Aug 2026,Direct fire-specific evidence,Supports the reported WRFx initialization comparison for one wildfire and its 24-48-hour forecast setting; it does not establish universal superiority or fully operational deployment.,Full report text extracted and AI-assisted detailed charting proposal; no independent author verification of detailed fields claimed,Eligibility author-approved; detailed coding not independently author-verified; see data/coding_completeness.csv
R04143,"Enhancing Wildfire Smoke Exposure Assessment: A Machine Learning Approach to Predict Indoor PM2.5 in British Columbia, Canada",Eric S. Coker; William Ho; Naman Paul; M. J. Lee; James M Dickson; Ophir Greif; Brayden Nilson; S. Cleland; S. Henderson,2024,ACS ES&T Air,10.1021/acsestair.4c00204,https://doi.org/10.1021/acsestair.4c00204,Include for full text,Exposure / health-risk estimation; Concentration mapping / monitoring,Retrieved,Author-supplied report validated and assessed,Retrieved,Include,Retain as Direct fire-specific evidence. Develops and validates tree-based ensemble models for daily indoor and outdoor PM2.5 during two British Columbia wildfire seasons and links exposure estimates to asthma-inhaler dispensing.,Approve,Author approved title/decision/rationale review.,2026-08-23,Include,Author verified — approved 23 Aug 2026,Direct fire-specific evidence,Supports population-scale indoor/outdoor exposure estimation and retrospective health-association analysis in the evaluated British Columbia setting; it is not individual-level causal or clinical decision support.,Full report text extracted and AI-assisted detailed charting proposal; no independent author verification of detailed fields claimed,Eligibility author-approved; detailed coding not independently author-verified; see data/coding_completeness.csv
R04146,Ensemble-based deep learning for estimating PM2.5 over California with multisource big data including wildfire smoke.,"Li, Lianfa; Girguis, Mariam; Lurmann, Frederick; Pavlovic, Nathan; McClure, Crystal; Franklin, Meredith; Wu, Jun; Oman, Luke D; Breton, Carrie; Gilliland, Frank; Habre, Rima",2020,Environment international,10.1016/j.envint.2020.106143,https://doi.org/10.1016/j.envint.2020.106143,Include for full text,Exposure / health-risk estimation; Concentration mapping / monitoring,Retrieved,Public full-text candidate located,Retrieved,Include,"Retain as Direct fire-specific evidence. Retrieved report describes an eligible fire-specific sensing, modelling, exposure, intervention, governance, review, or material source/perimeter-input contribution.",Approve,Author approved title/decision/rationale review.,2026-08-23,Include,Author verified — approved 23 Aug 2026,Direct fire-specific evidence,Supports the reported exposure/risk estimation task; it does not establish personalized or prospective clinical decision support unless explicitly evaluated.,"Full report was previously assessed, but report text is unavailable in the current archive; detailed charting remains incomplete",Eligibility author-approved; detailed coding not independently author-verified; see data/coding_completeness.csv
R04149,Ensemble PM2.5 Forecasting During the 2018 Camp Fire Event Using the HYSPLIT Transport and Dispersion Model,Y. Li; D. Tong; F. Ngan; M. Cohen; Ariel F. Stein; S. Kondragunta; Xiaoyan Zhang; C. Ichoku; E. Hyer; Ralph A. Kahn,2020,Journal of Geophysical Research - Atmospheres,10.1029/2020jd032768,https://doi.org/10.1029/2020jd032768,Include for full text,Forecasting / simulation; Concentration mapping / monitoring,Retrieved,Complete report retrieved and assessed during documented recovery audit,Retrieved,Include,"Retain as Direct fire-specific evidence. Retrieved complete report contributes eligible fire-specific observation, source-state, forecasting, exposure/intervention, governance, or decision-interface evidence.",Approve,Author approved all simplified full-text decisions on 2026-08-24.,2026-08-24,Include,Author approved full-text eligibility — 2026-08-24,Direct fire-specific evidence,Supports retrospective ensemble uncertainty analysis for one major event; not universal model superiority or routine deployment.,Retrieved full report assessed 24 Aug 2026; minimum coding prepared from report text and with no independent author verification of detailed fields claimed.,Eligibility author-approved; detailed coding not independently author-verified; see data/coding_completeness.csv
R04222,"Establishing a Community Air Monitoring Network in a Wildfire Smoke-Prone Rural Community: The Motivations, Experiences, Challenges, and Ideas of Clean Air Methow's Clean Air Ambassadors.","Durkin, Amanda; Gonzalez, Rico; Isaksen, Tania Busch; Walker, Elizabeth; Errett, Nicole A",2020,International journal of environmental research and public health,10.3390/ijerph17228393,https://doi.org/10.3390/ijerph17228393,Include for full text,Concentration mapping / monitoring,Retrieved,Public full-text candidate located,Retrieved,Include,"Retain as Direct fire-specific evidence. Retrieved report describes an eligible fire-specific sensing, modelling, exposure, intervention, governance, review, or material source/perimeter-input contribution.",Approve,Author approved title/decision/rationale review.,2026-08-23,Include,Author verified — approved 23 Aug 2026,Direct fire-specific evidence,"Supports the stated sensing or measurement task only; operational readiness depends on setting, validation, and deployment maturity.","Full report was previously assessed, but report text is unavailable in the current archive; detailed charting remains incomplete",Eligibility author-approved; detailed coding not independently author-verified; see data/coding_completeness.csv
R04228,"Estimate Particulate Matter PM2.5 Concentration Impact of Wildfires Using Machine Learning in Chiang Mai Province, Thailand",Thiwakorn Sena; P. Soytong,2025,Rajamangala University of Technology Tawan-ok Research Journal,10.63271/rmuttorj.v18i2.265288,https://doi.org/10.63271/rmuttorj.v18i2.265288,Include for full text,Exposure / health-risk estimation; Concentration mapping / monitoring,Retrieved,Public full-text candidate located,Retrieved,Include,"Retain as Direct fire-specific evidence. The report develops or evaluates an exposure, risk, vulnerability, health-impact, or public-health forecasting method relevant to fire smoke.",Approve,Author approved title/decision/rationale review.,2026-08-23,Include,Author verified — approved 23 Aug 2026,Direct fire-specific evidence,"Supports the reported exposure, risk, or public-health estimation task; it does not establish prospective clinical decision support unless evaluated.","Full report was previously assessed, but report text is unavailable in the current archive; detailed charting remains incomplete",Eligibility author-approved; detailed coding not independently author-verified; see data/coding_completeness.csv
R04232,Estimated total emissions of trace gases from the Canberra Wildfires of 2003: a new method using satellite measurements of aerosol optical depth & the MOZART chemical transport model,Paton-Walsh C.; Emmons L.K.; Wilson S.R.,2010,Atmospheric Chemistry and Physics,10.5194/acp-10-5739-2010,https://doi.org/10.5194/acp-10-5739-2010,Include for full text,Forecasting / simulation; Concentration mapping / monitoring; Emissions / source-term estimation,Retrieved,Public full-text candidate located,Retrieved,Include,"Retain as Direct fire-specific evidence. Retrieved report describes an eligible fire-specific sensing, modelling, exposure, intervention, governance, review, or material source/perimeter-input contribution.",Approve,Author approved title/decision/rationale review.,2026-08-23,Include,Author verified — approved 23 Aug 2026,Direct fire-specific evidence,"Supports the stated sensing or measurement task only; operational readiness depends on setting, validation, and deployment maturity.","Full report was previously assessed, but report text is unavailable in the current archive; detailed charting remains incomplete",Eligibility author-approved; detailed coding not independently author-verified; see data/coding_completeness.csv
R04241,Estimating annual GHG and particulate matter emissions from rural and forest fires based on an integrated modelling approach.,"Scarpa, Carla; Bacciu, Valentina; Ascoli, Davide; Costa-Saura, Josè Maria; Salis, Michele; Sirca, Costantino; Marchetti, Marco; Spano, Donatella",2024,The Science of the total environment,10.1016/j.scitotenv.2023.167960,https://doi.org/10.1016/j.scitotenv.2023.167960,Include for full text,Forecasting / simulation; Concentration mapping / monitoring; Emissions / source-term estimation,Retrieved,Complete report retrieved and assessed during documented recovery audit,Retrieved,Include,"Retain as Direct fire-specific evidence. Retrieved complete report contributes eligible fire-specific observation, source-state, forecasting, exposure/intervention, governance, or decision-interface evidence.",Approve,Author approved all simplified full-text decisions on 2026-08-24.,2026-08-24,Include,Author approved full-text eligibility — 2026-08-24,Direct fire-specific evidence,Supports retrospective annual emissions estimation for the Italian case; not incident-time concentration forecasting.,Retrieved full report assessed 24 Aug 2026; minimum coding prepared from report text and with no independent author verification of detailed fields claimed.,Eligibility author-approved; detailed coding not independently author-verified; see data/coding_completeness.csv
R04264,"ESTIMATING PM2.5 CONCENTRATIONS IN BRITISH COLUMBIA, CANADA DURING WILDFIRE SEASON USING SATELLITE OPTICAL DATA",S. Fatholahi; Y. Gu; M. Liu; L. Ma; Yongxiong Chen; Jonathan Li,2020,"ISPRS Annals of the Photogrammetry, Remote Sensing and Spatial Information Sciences",10.5194/isprs-annals-v-1-2020-71-2020,https://doi.org/10.5194/isprs-annals-v-1-2020-71-2020,Include for full text,Concentration mapping / monitoring,Retrieved,Public full-text candidate located,Retrieved,Include,"Retain as Direct fire-specific evidence. The full report evaluates fire-specific smoke, aerosol, pollutant, plume, or concentration observation/estimation.",Approve,Author approved title/decision/rationale review.,2026-08-23,Include,Author verified — approved 23 Aug 2026,Direct fire-specific evidence,"Supports the reported sensing or measurement task only; operational readiness depends on setting, validation, and deployment maturity.","Full report was previously assessed, but report text is unavailable in the current archive; detailed charting remains incomplete",Eligibility author-approved; detailed coding not independently author-verified; see data/coding_completeness.csv
R04280,Estimating the impact of the 2004 Alaskan forest fires on episodic particulate matter pollution over the eastern United States through assimilation of satellite‐derived aerosol optical depths in a regional air quality model,R. Mathur,2008,Journal of Geophysical Research Atmospheres,10.1029/2007jd009767,https://doi.org/10.1029/2007jd009767,Include for full text,Forecasting / simulation; Concentration mapping / monitoring,Retrieved,Complete report retrieved and assessed during documented recovery audit,Retrieved,Include,Retain as Direct fire-specific evidence. The verified complete report contributes eligible fire-specific evidence within the frozen review scope.,Approve,Author approved all simplified full-text decisions on 2026-08-24.,2026-08-24,Include,Author approved full-text eligibility — 2026-08-24,Direct fire-specific evidence,Supports retrospective AOD assimilation and PM2.5 attribution for the evaluated long-range smoke event; it does not establish general operational forecast performance.,Retrieved full report assessed 2026-08-24; minimum coding prepared from the complete report and with no independent author verification of detailed fields claimed.,Eligibility author-approved; detailed coding not independently author-verified; see data/coding_completeness.csv
R04288,"Estimating Wildfire Smoke Concentrations during the October 2017 California Fires through BME Space/Time Data Fusion of Observed, Modeled, and Satellite-Derived PM2.5.","Cleland, Stephanie E; West, J Jason; Jia, Yiqin; Reid, Stephen; Raffuse, Sean; O'Neill, Susan; Serre, Marc L",2020,Environmental Science and Technology,10.1021/acs.est.0c03761,https://doi.org/10.1021/acs.est.0c03761,Include for full text,Forecasting / simulation; Concentration mapping / monitoring,Retrieved,Public full-text candidate located,Retrieved,Include,"Retain as Direct fire-specific evidence. Retrieved report describes an eligible fire-specific sensing, modelling, exposure, intervention, governance, review, or material source/perimeter-input contribution.",Approve,Author approved title/decision/rationale review.,2026-08-23,Include,Author verified — approved 23 Aug 2026,Direct fire-specific evidence,"Supports the stated sensing or measurement task only; operational readiness depends on setting, validation, and deployment maturity.","Full report was previously assessed, but report text is unavailable in the current archive; detailed charting remains incomplete",Eligibility author-approved; detailed coding not independently author-verified; see data/coding_completeness.csv
R04314,Estimation of Forest Fire Emission in Thailand by Using Remote Sensing Information,Agapol Junpen; S. Garivait; S. Bonnet; A. Pongpullponsak,2011,"World Academy of Science, Engineering and Technology, International Journal of Environmental, Chemical, Ecological, Geological and Geophysical Engineering",,,Include for full text,Concentration mapping / monitoring; Emissions / source-term estimation,Retrieved; report identity and minimum detail validated,Adequate matching report retrieved and validated,Retrieved,Include,"Retain as Direct fire-specific evidence. The full report evaluates fire-specific ambient pollution, smoke/plume behaviour, monitoring, forecasting, exposure, intervention, or a directly related evidence synthesis.",Approve,Author approved title/decision/rationale review.,2026-08-23,Include,Author verified — approved 23 Aug 2026,Direct fire-specific evidence,"Supports only the fire-specific task and evaluation setting described in the report; it does not by itself establish operational readiness, universal superiority, or cross-incident generalisation.",AI-assisted extraction from validated full-report text; existing nonblank charting preserved; no independent author verification of detailed fields claimed,Eligibility author-approved; detailed coding not independently author-verified; see data/coding_completeness.csv
R04370,Evaluating Chemical Transport and Machine Learning Models for Wildfire Smoke PM2.5: Implications for Assessment of Health Impacts.,"Qiu, Minghao; Kelp, Makoto; Heft-Neal, Sam; Jin, Xiaomeng; Gould, Carlos F; Tong, Daniel Q; Burke, Marshall",2024,Environmental Science and Technology,10.1021/acs.est.4c05922,https://doi.org/10.1021/acs.est.4c05922,Include for full text,Concentration mapping / monitoring; Exposure / health-risk estimation; Forecasting / simulation,Retrieved,Author-supplied report validated and assessed,Retrieved,Include,"Retain as Direct fire-specific evidence. Compares GEOS-Chem, CMAQ, and machine-learning smoke PM2.5 estimates against EPA and PurpleAir measurements, develops an XGBoost calibration model, and demonstrates downstream mortality-estimate sensitivity.",Approve,Author approved title/decision/rationale review.,2026-08-23,Include,Author verified — approved 23 Aug 2026,Direct fire-specific evidence,Supports method-dependent exposure and mortality-estimation findings for the contiguous United States and 2020 smoke conditions; it does not establish one universally superior model or operational health-decision performance.,Full report text extracted and AI-assisted detailed charting proposal; no independent author verification of detailed fields claimed,Eligibility author-approved; detailed coding not independently author-verified; see data/coding_completeness.csv
R04403,Evaluating Wildfire Smoke Transport Within a Coupled Fire‐Atmosphere Model Using a High‐Density Observation Network for an Episodic Smoke Event Along Utah's Wasatch Front,Mallia D.V.; Kochanski A.K.; Kelly K.E.; Whitaker R.; Xing W.; Mitchell L.E.; Jacques A.; Farguell A.; Mandel J.; Gaillardon P.-E.; Becnel T.; Krueger S.K.,2020,Journal of Geophysical Research - Atmospheres,10.1029/2020jd032712,https://doi.org/10.1029/2020jd032712,Include for full text,Concentration mapping / monitoring; forecasting / simulation,Retrieved and assessed,Author supplied; complete report validated,Retrieved and assessed,Include,Retain as Direct fire-specific field-monitoring and coupled-modelling evidence. Combines dense low-cost and mobile PM2.5 observations with coupled fire-atmosphere-chemistry modelling for a documented wildfire-smoke event.,Approve,Author approved title/decision/rationale review.,2026-08-23,Include,Author verified — approved 23 Aug 2026,Direct fire-specific field-monitoring and coupled-modelling evidence,"Supports the value of dense observations and coupled modelling for this Utah event, not general accuracy across terrains, fuels, meteorology, or operational deployments.","Complete 19-page report supplied by author; identity, opening/closing pages, references, extractability and completeness validated; SHA256 55128bf2b25bc9fa8d582361cd38b1260196227e767ed7e646617d062a7a4db3",Eligibility author-approved; detailed coding not independently author-verified; see data/coding_completeness.csv
R04413,Evaluation of a spatially resolved forest fire smoke model for population-based epidemiologic exposure assessment.,"Yao, Jiayun; Eyamie, Jeff; Henderson, Sarah B",2016,Journal of Exposure Science and Environmental Epidemiology,10.1038/jes.2014.67,https://doi.org/10.1038/jes.2014.67,Include for full text,Exposure / health-risk estimation; Forecasting / simulation,Retrieved,Public full-text candidate located,Retrieved,Include,"Retain as Direct fire-specific evidence. Retrieved report describes an eligible fire-specific sensing, modelling, exposure, intervention, governance, review, or material source/perimeter-input contribution.",Approve,Author approved title/decision/rationale review.,2026-08-23,Include,Author verified — approved 23 Aug 2026,Direct fire-specific evidence,Supports the reported exposure/risk estimation task; it does not establish personalized or prospective clinical decision support unless explicitly evaluated.,"Full report was previously assessed, but report text is unavailable in the current archive; detailed charting remains incomplete",Eligibility author-approved; detailed coding not independently author-verified; see data/coding_completeness.csv
R04415,Evaluation of a wildfire smoke forecasting system as a tool for public health protection.,"Yao, Jiayun; Brauer, Michael; Henderson, Sarah B",2013,Environmental health perspectives,10.1289/ehp.1306768,https://doi.org/10.1289/ehp.1306768,Include for full text,Exposure / health-risk estimation; Intervention / decision planning; Forecasting / simulation,Retrieved,Public full-text candidate located,Retrieved,Include,"Retain as Direct fire-specific evidence. Retrieved report describes an eligible fire-specific sensing, modelling, exposure, intervention, governance, review, or material source/perimeter-input contribution.",Approve,Author approved title/decision/rationale review.,2026-08-23,Include,Author verified — approved 23 Aug 2026,Direct fire-specific evidence,Supports the reported model/simulation task and validation setting; does not by itself establish real-time deployment or superior performance across incidents.,Existing charting retained; current full-report archive incomplete; no independent author verification of detailed fields claimed,Eligibility author-approved; detailed coding not independently author-verified; see data/coding_completeness.csv
R04431,Evaluation of Ground-Based Smoke Sensors for Wildfire Detection and Monitoring in Canada,D. K. Thompson; Giovanni Fusina; P. Jackson,2026,Fire,10.3390/fire9040141,https://doi.org/10.3390/fire9040141,Include for full text,Concentration mapping / monitoring; Detection,Retrieved,Public full-text candidate located,Retrieved,Include,"Retain as Direct fire-specific evidence. Retrieved report describes an eligible fire-specific sensing, modelling, exposure, intervention, governance, review, or material source/perimeter-input contribution.",Approve,Author approved title/decision/rationale review.,2026-08-23,Include,Author verified — approved 23 Aug 2026,Direct fire-specific evidence,"Supports the stated sensing or measurement task only; operational readiness depends on setting, validation, and deployment maturity.","Full report was previously assessed, but report text is unavailable in the current archive; detailed charting remains incomplete",Eligibility author-approved; detailed coding not independently author-verified; see data/coding_completeness.csv
R04439,Evaluation of Model-Based PM2.5 Estimates for Exposure Assessment During Wildfire Smoke Episodes in the Western U.S.,"Considine, Ellen M; Hao, Jiayuan; deSouza, Priyanka; Braun, Danielle; Reid, Colleen E; Nethery, Rachel C",2023,Environmental Science and Technology,10.1021/acs.est.2c06288,https://doi.org/10.1021/acs.est.2c06288,Include for full text,Exposure / health-risk estimation; Forecasting / simulation; Concentration mapping / monitoring,Retrieved,Public full-text candidate located,Retrieved,Include,"Retain as Direct fire-specific evidence. Retrieved report describes an eligible fire-specific sensing, modelling, exposure, intervention, governance, review, or material source/perimeter-input contribution.",Approve,Author approved title/decision/rationale review.,2026-08-23,Include,Author verified — approved 23 Aug 2026,Direct fire-specific evidence,Supports the reported exposure/risk estimation task; it does not establish personalized or prospective clinical decision support unless explicitly evaluated.,"Full report was previously assessed, but report text is unavailable in the current archive; detailed charting remains incomplete",Eligibility author-approved; detailed coding not independently author-verified; see data/coding_completeness.csv
R04440,"Evaluation of modeled smoke plumes of wildfires in the Argentinian Patagonia, against satellite observations.","García Ferreyra, María Fernanda; Scavuzzo, Carlos Marcelo; Otero, Lidia Ana; Curci, Gabriele",2025,"Environmental pollution (Barking, Essex : 1987)",10.1016/j.envpol.2025.126540,https://doi.org/10.1016/j.envpol.2025.126540,Include for full text,Forecasting / simulation; Concentration mapping / monitoring,Retrieved,Complete report retrieved and assessed during documented recovery audit,Retrieved,Include,Retain as Direct fire-specific evidence. The verified complete report contributes eligible fire-specific evidence within the frozen review scope.,Approve,Author approved all simplified full-text decisions on 2026-08-24.,2026-08-24,Include,Author approved full-text eligibility — 2026-08-24,Direct fire-specific evidence,Supports model-satellite evaluation and injection-height sensitivity for one regional event; it does not validate routine incident-time forecasting.,Retrieved full report assessed 2026-08-24; minimum coding prepared from the complete report and with no independent author verification of detailed fields claimed.,Eligibility author-approved; detailed coding not independently author-verified; see data/coding_completeness.csv
R04450,Evaluation of Simulated Particulate Matter Spread in 2010 Russian Wildfire Case Using Air Quality Monitoring Data,K. Reis; V. Toll; R. Ots; M. Kaasik; J. Soares; M. Sofiev; M. Prank; A. Männik,2016,Springer Proceedings in Complexity,10.1007/978-3-319-24478-5_88,https://doi.org/10.1007/978-3-319-24478-5_88,Include for full text,Forecasting / simulation; Concentration mapping / monitoring,Not retrieved — inaccessible after documented attempts,No complete report accessible after Zotero-assisted and manual access attempts,Not retrieved,Not retrieved,Report not retrieved after documented access attempts; eligibility remains unknown and no findings are inferred.,Approve,Author approved all simplified full-text decisions on 2026-08-24.,2026-08-24,Not retrieved — inaccessible after documented attempts,Author approved retrieval outcome — 2026-08-24,"Primary candidate — direct fire-specific operational, plume, source/perimeter, exposure/action, or decision-interface evidence; full text required",No substantive claim because the complete report was unavailable.,Retrieval-only audit; no report-level coding or findings inferred,Not applicable — report unavailable
R04451,"Evaluation of small form factor, filter-based PM2.5 samplers for temporary non-regulatory monitoring during wildland fire smoke events.","Krug, Jonathan; Long, Russell; Colón, Maribel; Habel, Andrew; Urbanski, Shawn; Landis, Matthew S",2021,"Atmospheric environment (Oxford, England : 1994)",10.1016/j.atmosenv.2021.118718,https://doi.org/10.1016/j.atmosenv.2021.118718,Include for full text,Governance / policy; Concentration mapping / monitoring,Retrieved,Public full-text candidate located,Retrieved,Include,"Retain as Direct fire-specific evidence. Retrieved report describes an eligible fire-specific sensing, modelling, exposure, intervention, governance, review, or material source/perimeter-input contribution.",Approve,Author approved title/decision/rationale review.,2026-08-23,Include,Author verified — approved 23 Aug 2026,Direct fire-specific evidence,"Supports the stated sensing or measurement task only; operational readiness depends on setting, validation, and deployment maturity.","Full report was previously assessed, but report text is unavailable in the current archive; detailed charting remains incomplete",Eligibility author-approved; detailed coding not independently author-verified; see data/coding_completeness.csv
R04452,Evaluation of smoke dispersion from forest fire plumes using lidar experiments and modelling,A. Lavrov; Andrei Borissovitch Utkin; R. Vilar; A. Fernandes,2006,International Journal of Thermal Sciences,10.1016/j.ijthermalsci.2006.01.003,https://doi.org/10.1016/j.ijthermalsci.2006.01.003,Include for full text,Forecasting / simulation; Concentration mapping / monitoring,Retrieved,Complete report retrieved and assessed during documented recovery audit,Retrieved,Include,Retain as Direct fire-specific evidence. The verified complete report contributes eligible fire-specific evidence within the frozen review scope.,Approve,Author approved all simplified full-text decisions on 2026-08-24.,2026-08-24,Include,Author approved full-text eligibility — 2026-08-24,Direct fire-specific evidence,Supports lidar-assisted plume characterisation and model comparison in the evaluated experiments; operational concentration accuracy is not established.,Retrieved full report assessed 2026-08-24; minimum coding prepared from the complete report and with no independent author verification of detailed fields claimed.,Eligibility author-approved; detailed coding not independently author-verified; see data/coding_completeness.csv
R04465,Evaluation of the Unified Forecast System Air Quality Model (UFS‐AQM) Online Air Quality Prediction System During the 2020 US Wildfire Season,Christopher M. Rozoff; Rajesh Kumar; Wenfu Tang; Paddy McCarthy; Jared A. Lee; Stefano Alessandrini; P. Campbell; David Fillmore; Chan‐Hoo Jeon; Jianping Huang,2025,Journal of Geophysical Research - Atmospheres,10.1029/2025jd044456,https://doi.org/10.1029/2025jd044456,Include for full text,Forecasting / simulation; concentration mapping / monitoring,Retrieved and assessed,Author supplied; complete report validated,Retrieved and assessed,Include,Retain as Direct fire-specific operational forecast-evaluation evidence. Evaluates a 72-hour UFS-AQM air-quality forecast configuration against surface and satellite observations during the 2020 western United States wildfire season.,Approve,Author approved title/decision/rationale review.,2026-08-23,Include,Author verified — approved 23 Aug 2026,Direct fire-specific operational forecast-evaluation evidence,Supports seasonal operational-style performance and clearly documented severe-smoke failure modes for 2020; it does not establish robust performance across years or extreme events.,"Complete 20-page report supplied by author; identity, opening/closing pages, references, extractability and completeness validated; SHA256 ecf52f8c1bbfe1499a24e1e94287bcc55f081edd8a24802089aeb320e8fd7bd3",Eligibility author-approved; detailed coding not independently author-verified; see data/coding_completeness.csv
R04468,Evaluation of Turbulence Depending Drag Coefficient in Plume Rise Model for Fire Smoke Dispersion,"Tenti, Bianca and Ferrero, Enrico",2024,Atmospheric Environment,10.1016/j.atmosenv.2024.120411,https://doi.org/10.1016/j.atmosenv.2024.120411,Uncertain,Forecasting / simulation; Plume height and concentration estimation,Retrieved,Author-supplied report validated and assessed,Retrieved,Include,Retain as Direct fire-specific evidence. Evaluates a Lagrangian plume-rise and dispersion model against lidar plume heights and aircraft CO measurements from three prescribed-fire burns.,Approve,Author approved title/decision/rationale review.,2026-08-23,Include,Author verified — approved 23 Aug 2026,Direct fire-specific evidence,"Supports the evaluated plume-rise parameterisations for three prescribed burns; it does not establish performance for uncontrolled wildfires, all meteorology, or real-time operational forecasting.",Full report text extracted and AI-assisted detailed charting proposal; no independent author verification of detailed fields claimed,Eligibility author-approved; detailed coding not independently author-verified; see data/coding_completeness.csv
R04472,Evaluation of Wildfire Plume Injection Heights Estimated from Operational Weather Radar Observations Using Airborne Lidar Retrievals,M. Krishna; P. Saide; X. Ye; F. Turney; J. Hair; M. Fenn; T. Shingler; A. Krishna,2024,Journal of Geophysical Research - Atmospheres,10.1029/2023jd039926,https://doi.org/10.1029/2023jd039926,Include for full text,Concentration mapping / monitoring,Retrieved,Complete report retrieved and assessed during documented recovery audit,Retrieved,Include,Retain as Direct fire-specific evidence. The verified complete report contributes eligible fire-specific evidence within the frozen review scope.,Approve,Author approved all simplified full-text decisions on 2026-08-24.,2026-08-24,Include,Author approved full-text eligibility — 2026-08-24,Direct fire-specific evidence,Supports high-frequency radar estimation of injection height for evaluated fires; debris height is a proxy and does not itself validate downstream smoke concentration forecasts.,Retrieved full report assessed 2026-08-24; minimum coding prepared from the complete report and with no independent author verification of detailed fields claimed.,Eligibility author-approved; detailed coding not independently author-verified; see data/coding_completeness.csv
R04473,Evaluation of wildland fire smoke plume dynamics and aerosol load using UV scanning lidar and fire–atmosphere modelling during the Mediterranean Letia 2010 experiment,Leroy-Cancellieri V.; Augustin P.; Filippi J.B.; Mari C.; Fourmentin M.; Bosseur F.; Morandini F.; Delbarre H.,2013,Natural Hazards and Earth System Sciences,10.5194/nhess-14-509-2014,https://doi.org/10.5194/nhess-14-509-2014,Include for full text,Forecasting / simulation; Concentration mapping / monitoring,Retrieved,Public full-text candidate located,Retrieved,Include,"Retain as Direct fire-specific evidence. The full report evaluates fire-specific smoke, aerosol, pollutant, plume, or concentration observation/estimation.",Approve,Author approved title/decision/rationale review.,2026-08-23,Include,Author verified — approved 23 Aug 2026,Direct fire-specific evidence,"Supports the reported sensing or measurement task only; operational readiness depends on setting, validation, and deployment maturity.","Full report was previously assessed, but report text is unavailable in the current archive; detailed charting remains incomplete",Eligibility author-approved; detailed coding not independently author-verified; see data/coding_completeness.csv
R04476,"Evaporative coolers and wildfire smoke exposure: a climate justice issue in hot, dry regions.","Solomon, Gina M; Martinez, Nayamin; Von Behren, Julie; Kaser, Isabella; Chang, David; Singh, Aditya; Jarmul, Stephanie; Miller, Shelly L; Reynolds, Peggy; Heidarinejad, Mohammad; Stephens, Brent; Singer, Brett C; Wagner, Jeff; Balmes, John R",2025,Frontiers in public health,10.3389/fpubh.2025.1541053,https://doi.org/10.3389/fpubh.2025.1541053,Include for full text,Governance / policy; Exposure / health-risk estimation,Retrieved,Public full-text candidate located,Retrieved,Include,"Retain as Direct fire-specific evidence. Retrieved report describes an eligible fire-specific sensing, modelling, exposure, intervention, governance, review, or material source/perimeter-input contribution.",Approve,Author approved title/decision/rationale review.,2026-08-23,Include,Author verified — approved 23 Aug 2026,Direct fire-specific evidence,"Supports the stated policy, equity, or implementation finding; it is not algorithm-performance evidence.","Full report was previously assessed, but report text is unavailable in the current archive; detailed charting remains incomplete",Eligibility author-approved; detailed coding not independently author-verified; see data/coding_completeness.csv
R04493,Evidence review: Home and community clean air shelters to protect public health during wildfire smoke events,Catherine T. Elliott; K. Rideout,2014,,,,Include for full text,Evidence synthesis; Exposure / health-risk estimation; Intervention / decision planning,Retrieved,Complete report retrieved and assessed during documented recovery audit,Retrieved,Include,Retain as Fire-specific evidence synthesis. The verified complete report contributes eligible fire-specific evidence within the frozen review scope.,Approve,Author approved all simplified full-text decisions on 2026-08-24.,2026-08-24,Include,Author approved full-text eligibility — 2026-08-24,Fire-specific evidence synthesis,Supports public-health planning requirements and identifies evidence gaps; it is not a comparative trial or validation of an AI-driven intervention system.,Retrieved full report assessed 2026-08-24; minimum coding prepared from the complete report and with no independent author verification of detailed fields claimed.,Eligibility author-approved; detailed coding not independently author-verified; see data/coding_completeness.csv
R04516,Examining the effects of forest fire on terrestrial carbon emission and ecosystem production in India using remote sensing approaches.,"Sannigrahi, Srikanta; Pilla, Francesco; Basu, Bidroha; Basu, Arunima Sarkar; Sarkar, Konika; Chakraborti, Suman; Joshi, Pawan Kumar; Zhang, Qi; Wang, Ying; Bhatt, Sandeep; Bhatt, Anand; Jha, Shouvik; Keesstra, Saskia; Roy, P S",2020,The Science of the total environment,10.1016/j.scitotenv.2020.138331,https://doi.org/10.1016/j.scitotenv.2020.138331,Include for full text,Concentration mapping / monitoring; Emissions / source-term estimation,Retrieved,Public full-text candidate located,Retrieved,Exclude,"Outcome outside ambient fire-pollution scope. Quantifies burn severity, ecosystem productivity, and terrestrial carbon effects rather than ambient pollution, plume behaviour, or response output.",Approve,Author approved title/decision/rationale review.,2026-08-23,Exclude,Author verified — approved 23 Aug 2026,Not included,,,Not applicable — excluded report
R04529,Exceptional wildfire smoke over Greece in summer 2023: a synergistic study of aerosol optical-microphysical and UVB radiative impacts,Marilena Gidarakou; A. Papayannis; M. Mylonaki; Eleni Kralli; K. Eleftheratos; I. Fountoulakis; Olga Zografou; E. Diapouli; M. Gini; S. Vratolis; K. Granakis; K. Eleftheriadis; N. Evangeliou; C. G. Groot Zwaaftink; Eugenia Giagka; Marios-Andreas Zagklis; I. Veselovskii,2026,Atmospheric Chemistry and Physics,10.5194/acp-26-4313-2026,https://doi.org/10.5194/acp-26-4313-2026,Include for full text,Concentration mapping / monitoring,Retrieved,Public full-text candidate located,Retrieved,Include,"Retain as Direct fire-specific evidence. The full report evaluates fire-specific smoke, aerosol, pollutant, plume, or concentration observation/estimation.",Approve,Author approved title/decision/rationale review.,2026-08-23,Include,Author verified — approved 23 Aug 2026,Direct fire-specific evidence,"Supports the reported sensing or measurement task only; operational readiness depends on setting, validation, and deployment maturity.","Full report was previously assessed, but report text is unavailable in the current archive; detailed charting remains incomplete",Eligibility author-approved; detailed coding not independently author-verified; see data/coding_completeness.csv
R04574,"Explainable Machine Learning and Geospatial Assessment of Wildfire Smoke Impacts on Urban Air Quality in Split, Solin, and Kaštela, Croatia",Anja Batina; A. Krtalić,2026,Applied Sciences (Switzerland),10.3390/app16136336,https://doi.org/10.3390/app16136336,Include for full text,Exposure / health-risk estimation; Concentration mapping / monitoring,Retrieved,Public full-text candidate located,Retrieved,Include,"Retain as Direct fire-specific evidence. The report develops or evaluates an exposure, risk, vulnerability, health-impact, or public-health forecasting method relevant to fire smoke.",Approve,Author approved title/decision/rationale review.,2026-08-23,Include,Author verified — approved 23 Aug 2026,Direct fire-specific evidence,"Supports the reported exposure, risk, or public-health estimation task; it does not establish prospective clinical decision support unless evaluated.","Full report was previously assessed, but report text is unavailable in the current archive; detailed charting remains incomplete",Eligibility author-approved; detailed coding not independently author-verified; see data/coding_completeness.csv
R04609,"Exposure Assessment of Particulate Matter Air Pollution Before, During, and After the 2003 Southern California Wildfires",Wu J.; M Winer A.; J Delfino R.,2006,Atmospheric Environment,10.1016/j.atmosenv.2006.01.056,https://doi.org/10.1016/j.atmosenv.2006.01.056,Include for full text,Exposure / health-risk estimation; Concentration mapping / monitoring,Retrieved,Public full-text candidate located,Retrieved,Include,"Retain as Direct fire-specific evidence. The report develops or evaluates an exposure, risk, vulnerability, health-impact, or public-health forecasting method relevant to fire smoke.",Approve,Author approved title/decision/rationale review.,2026-08-23,Include,Author verified — approved 23 Aug 2026,Direct fire-specific evidence,"Supports the reported exposure, risk, or public-health estimation task; it does not establish prospective clinical decision support unless evaluated.","Full report was previously assessed, but report text is unavailable in the current archive; detailed charting remains incomplete",Eligibility author-approved; detailed coding not independently author-verified; see data/coding_completeness.csv
R04636,Extraction of Wildfire Regions from UAV Imagery Using Boundary Priors and Advanced Semantics Derived from the Visual Foundation Model,Shiyong Huang; Tianzeng Liang; Chengwen Lu; Zhonghua Tong; Zhou Zhang; Kejun Yao; Qi Li; Xiaomin Feng,2025,"Proceeding of 2025 IEEE 6th International Conference on Computer, Big Data and Artificial Intelligence, ICCBD+AI 2025",10.1109/iccbdai66607.2025.11388347,https://doi.org/10.1109/iccbdai66607.2025.11388347,Include for full text,Forecasting / simulation; Source localisation / boundary tracking,Retrieved,Complete report retrieved and assessed during documented recovery audit,Retrieved,Include,Retain as Conditional fire-source/perimeter input. The verified complete report contributes eligible fire-specific evidence within the frozen review scope.,Approve,Author approved all simplified full-text decisions on 2026-08-24.,2026-08-24,Include,Author approved full-text eligibility — 2026-08-24,Conditional fire-source/perimeter input,Supports offline wildfire-boundary extraction from the evaluated UAV imagery; it supplies possible source-state input but not smoke concentration or operational response evidence.,Retrieved full report assessed 2026-08-24; minimum coding prepared from the complete report and with no independent author verification of detailed fields claimed.,Eligibility author-approved; detailed coding not independently author-verified; see data/coding_completeness.csv
R04643,"Extreme levels of Canadian wildfire smoke in the stratosphere over central Europe – Part 1: AERONET, MODIS and lidar observations",A. Ansmann; H. Baars; A. Chudnovsky; M. Haarig; I. Veselovskii; I. Mattis; P. Seifert; R. Engelmann; U. Wandinger,2018,Atmospheric Chemistry and Physics,10.5194/acp-2018-357,https://doi.org/10.5194/acp-2018-357,Include for full text,Concentration mapping / monitoring,Retrieved; report identity and minimum detail validated,Adequate matching report retrieved and validated,Retrieved,Include,"Retain as Direct fire-specific evidence. The full report evaluates fire-specific ambient pollution, smoke/plume behaviour, monitoring, forecasting, exposure, intervention, or a directly related evidence synthesis.",Approve,Author approved title/decision/rationale review.,2026-08-23,Include,Author verified — approved 23 Aug 2026,Direct fire-specific evidence,"Supports only the fire-specific task and evaluation setting described in the report; it does not by itself establish operational readiness, universal superiority, or cross-incident generalisation.",AI-assisted extraction from validated full-report text; existing nonblank charting preserved; no independent author verification of detailed fields claimed,Eligibility author-approved; detailed coding not independently author-verified; see data/coding_completeness.csv
R04656,"Facemask and respirator use for bushfire smoke protection: A cross-country comparison of public health policies in Australia, Canada, India, and the United States.","Chughtai, Abrar Ahmad; Kpozehouen, Elizabeth; Seale, Holly; Shah, Smita; Marks, Guy B; MacIntyre, C Raina",2026,"Health policy (Amsterdam, Netherlands)",10.1016/j.healthpol.2025.105510,https://doi.org/10.1016/j.healthpol.2025.105510,Include for full text,Exposure / health-risk estimation; Intervention / decision planning,Retrieved,Complete report retrieved and assessed during documented recovery audit,Retrieved,Include,Retain as Fire-specific evidence synthesis. The verified complete report contributes eligible fire-specific evidence within the frozen review scope.,Approve,Author approved all simplified full-text decisions on 2026-08-24.,2026-08-24,Include,Author approved full-text eligibility — 2026-08-24,Fire-specific evidence synthesis,Supports claims about policy inconsistency and implementation requirements for smoke protection; it does not establish clinical effectiveness for every recommended device or population.,Retrieved full report assessed 2026-08-24; minimum coding prepared from the complete report and with no independent author verification of detailed fields claimed.,Eligibility author-approved; detailed coding not independently author-verified; see data/coding_completeness.csv
R04659,Facing the Wildfire Spread Risk Challenge: Where Are We Now and Where Are We Going?,Jingjing Sun; Wenwen Qi; Yuandong Huang; Chong Xu; Wentao Yang,2023,Fire,10.3390/fire6060228,https://doi.org/10.3390/fire6060228,Uncertain,Forecasting / simulation,Retrieved,Public full-text candidate located,Retrieved,Exclude,Fire spread and suppression scope only. Review centers on fire-spread behavior and firefighting risk rather than smoke or ambient pollution response.,Approve,Author approved title/decision/rationale review.,2026-08-23,Exclude,Author verified — approved 23 Aug 2026,Not included,,,Not applicable — excluded report
R04687,Fault-tolerant cooperative navigation of networked UAV swarms for forest fire monitoring,Junyan Hu; Hanlin Niu; J. Carrasco; B. Lennox; F. Arvin,2022,Aerospace Science and Technology,10.1016/j.ast.2022.107494,https://doi.org/10.1016/j.ast.2022.107494,Uncertain,Source localisation / boundary tracking; Platform navigation,Retrieved,Author-supplied report validated and assessed,Retrieved,Include,Retain as Conditional fire-source/perimeter input. Presents fault-tolerant cooperative UAV navigation with a forest-fire monitoring simulation and indoor/outdoor flight experiments; it can supply a fire-boundary/source input but does not measure smoke or air pollution.,Approve,Author approved title/decision/rationale review.,2026-08-23,Include,Author verified — approved 23 Aug 2026,Conditional fire-source/perimeter input,"Supports UAV swarm navigation, fault handling, and boundary-monitoring feasibility only; it is not direct evidence of plume concentration mapping, smoke forecasting, or health protection.",Full report text extracted and AI-assisted detailed charting proposal; no independent author verification of detailed fields claimed,Eligibility author-approved; detailed coding not independently author-verified; see data/coding_completeness.csv
R04688,Fault-tolerant dynamic formation control of the heterogeneous multi-agent system for cooperative wildfire tracking,Joewell T. Mawanza; J. Agee; Ernest Bhero,2023,Systems Science & Control Engineering,10.1080/21642583.2023.2294991,https://doi.org/10.1080/21642583.2023.2294991,Include for full text,Source localisation / boundary tracking,Retrieved,Complete report retrieved and assessed during documented recovery audit,Retrieved,Include,Retain as Conditional fire-source/perimeter input. The verified complete report contributes eligible fire-specific evidence within the frozen review scope.,Approve,Author approved all simplified full-text decisions on 2026-08-24.,2026-08-24,Include,Author approved full-text eligibility — 2026-08-24,Conditional fire-source/perimeter input,"Supports simulated resilient formation control around a fire state; it does not establish plume monitoring, field safety or operational deployment.",Retrieved full report assessed 2026-08-24; minimum coding prepared from the complete report and with no independent author verification of detailed fields claimed.,Eligibility author-approved; detailed coding not independently author-verified; see data/coding_completeness.csv
R04690,FBC-ANet: A Semantic Segmentation Model for UAV Forest Fire Images Combining Boundary Enhancement and Context Awareness,Lin Zhang; Mingyang Wang; Yunhong Ding; T. Wan; Bo Qi; Yutian Pang,2023,Drones,10.3390/drones7070456,https://doi.org/10.3390/drones7070456,Include for full text,Forecasting / simulation; Source localisation / boundary tracking,Retrieved,Public full-text candidate located,Retrieved,Exclude,"Flame/burned-area segmentation only. Segments fire pixels in UAV imagery; no material plume, concentration, or incident pollution output is evaluated.",Approve,Author approved title/decision/rationale review.,2026-08-23,Exclude,Author verified — approved 23 Aug 2026,Not included,,,Not applicable — excluded report
R04712,Field measurements of PM2.5 infiltration factor and portable air cleaner effectiveness during wildfire episodes in US residences.,"Xiang, Jianbang; Huang, Ching-Hsuan; Shirai, Jeff; Liu, Yisi; Carmona, Nancy; Zuidema, Christopher; Austin, Elena; Gould, Timothy; Larson, Timothy; Seto, Edmund",2021,The Science of the total environment,10.1016/j.scitotenv.2021.145642,https://doi.org/10.1016/j.scitotenv.2021.145642,Include for full text,Intervention / decision planning; Concentration mapping / monitoring,Retrieved,Public full-text candidate located,Retrieved,Include,"Retain as Direct fire-specific evidence. Retrieved report describes an eligible fire-specific sensing, modelling, exposure, intervention, governance, review, or material source/perimeter-input contribution.",Approve,Author approved title/decision/rationale review.,2026-08-23,Include,Author verified — approved 23 Aug 2026,Direct fire-specific evidence,Supports the evaluated intervention or communication setting only; transfer to emergency operations requires workflow validation.,"Full report was previously assessed, but report text is unavailable in the current archive; detailed charting remains incomplete",Eligibility author-approved; detailed coding not independently author-verified; see data/coding_completeness.csv
R04855,Fire smoke dispersion inside and outside of a warehouse building in moderate and strong wind conditions,"Wegrzynski, Wojciech and Krajewski, Grzegorz and Kimbar, Grzegorz and Lipecki, Tomasz",2023,Fire safety journal,,,Uncertain,Forecasting / simulation,Retrieved; report identity and minimum detail validated,Adequate matching report retrieved and validated,Retrieved,Include,"Retain as Direct fire-specific evidence. The full report evaluates fire-specific ambient pollution, smoke/plume behaviour, monitoring, forecasting, exposure, intervention, or a directly related evidence synthesis.",Approve,Author approved title/decision/rationale review.,2026-08-23,Include,Author verified — approved 23 Aug 2026,Direct fire-specific evidence,"Supports only the fire-specific task and evaluation setting described in the report; it does not by itself establish operational readiness, universal superiority, or cross-incident generalisation.",AI-assisted extraction from validated full-report text; existing nonblank charting preserved; no independent author verification of detailed fields claimed,Eligibility author-approved; detailed coding not independently author-verified; see data/coding_completeness.csv
R04864,FIRE-VLM: A Vision-Language-Driven Reinforcement Learning Framework for UAV Wildfire Tracking in a Physics-Grounded Fire Digital Twin,Chris Webb; Mobin Habibpour; M. Raha; A. Tavakkoli; Janice Coen; Fatemeh Afghah,2026,2026 IEEE/CVF Winter Conference on Applications of Computer Vision Workshops (WACVW),10.1109/wacvw68408.2026.00161,https://doi.org/10.1109/wacvw68408.2026.00161,Include for full text,Source localisation / boundary tracking,Retrieved,Public full-text candidate located,Retrieved,Include,"Retain as Conditional fire-source/perimeter input. The report supplies a fire-specific source, perimeter, spread, coverage, or routing input that can materially support plume monitoring or incident decisions.",Approve,Author approved title/decision/rationale review.,2026-08-23,Include,Author verified — approved 23 Aug 2026,Conditional fire-source/perimeter input,"Supplies a possible source, perimeter, rate-of-spread, or routing input; it is not direct evidence of pollutant concentration mapping or health protection.",Existing charting retained; current full-report archive incomplete; no independent author verification of detailed fields claimed,Eligibility author-approved; detailed coding not independently author-verified; see data/coding_completeness.csv
R04869,Fire-YOLO26: an NMS-free dual-stream RGB–thermal network for real-time UAV forest fire detection in smoke-challenging conditions,Song Zhang; Zhengtao Chen; Jiuzhou Xiyang; Ziyang Tang; Huan Liu; Yongxin Fan; Yu Guo; Jun Liao,2026,Frontiers in Environmental Science,10.3389/fenvs.2026.1824597,https://doi.org/10.3389/fenvs.2026.1824597,Include for full text,Concentration mapping / monitoring; Detection,Retrieved,Public full-text candidate located,Retrieved,Exclude,Flame/smoke visual detection only. Evaluates RGB–thermal UAV fire-object detection under smoke occlusion without an ambient pollution or material plume-response endpoint.,Approve,Author approved title/decision/rationale review.,2026-08-23,Exclude,Author verified — approved 23 Aug 2026,Not included,,,Not applicable — excluded report
R04875,Firefighter exposures to organic and inorganic gas emissions in emergency residential and industrial fires.,"Alharbi, Badr H; Pasha, Mohammad J; Al-Shamsi, Mohammed Ahmad S",2021,The Science of the total environment,10.1016/j.scitotenv.2021.145332,https://doi.org/10.1016/j.scitotenv.2021.145332,Uncertain,Pollutant / plume monitoring; Exposure / health-risk estimation,Retrieved,Author-supplied report validated and assessed,Retrieved,Include,Retain as Direct fire-specific field evidence. Uses portable gas detectors during 26 real residential and industrial emergency fires and compares occupational exposures and risk.,Approve,Author approved title/decision/rationale review.,2026-08-23,Include,Author verified — approved 23 Aug 2026,Direct fire-specific field evidence,"Supports firefighter gas-exposure differences in the sampled incidents; it does not establish ambient community plume exposure, autonomous sensing, or causal long-term health outcomes.",Full report text extracted and AI-assisted detailed charting proposal; no independent author verification of detailed fields claimed,Eligibility author-approved; detailed coding not independently author-verified; see data/coding_completeness.csv
R04883,Firefighting drone configuration and scheduling for wildfire based on loss estimation and minimization,"Wu, Rong-Yu and Xie, Xi-Cheng and Zheng, Yu-Jun",2024,Drones,,,Uncertain,Intervention / decision planning,Retrieved; report identity and minimum detail validated,Adequate matching report retrieved and validated,Retrieved,Exclude,"No demonstrated ambient-pollution interface. The report addresses fire spread, suppression, routing, or evacuation without evaluating a plume, emissions, concentration, exposure, or health-decision interface.",Approve,Author approved title/decision/rationale review.,2026-08-23,Exclude,Author verified — approved 23 Aug 2026,Contextual fire-response evidence,,,Not applicable — excluded report
R04910,FIREWORK: ENVIRONMENT CANADA'S NORTH AMERICAN AIR QUALITY FORECAST SYSTEM WITH NEAR-REAL-TIME WILDFIRE EMISSIONS,R. Pavlovic; S. Cousineau; H. Landry,2015,,,,Include for full text,Forecasting / simulation; Concentration mapping / monitoring; Emissions / source-term estimation,Retrieved,Complete report retrieved and assessed during documented recovery audit,Retrieved,Include,Retain as Direct fire-specific evidence. The verified complete report contributes eligible fire-specific evidence within the frozen review scope.,Approve,Author approved all simplified full-text decisions on 2026-08-24.,2026-08-24,Include,Author approved full-text eligibility — 2026-08-24,Direct fire-specific evidence,Supports experimental near-real-time wildfire air-quality forecasting in the reported seasons; conference evidence does not establish universal forecast superiority.,Retrieved full report assessed 2026-08-24; minimum coding prepared from the complete report and with no independent author verification of detailed fields claimed.,Eligibility author-approved; detailed coding not independently author-verified; see data/coding_completeness.csv
R04923,Five satellite sensor study of the rapid decline of wildfire smoke in the stratosphere,B. Martinsson; J. Friberg; Oscar S. Sandvik; M. Sporre,2021,Atmospheric Chemistry and Physics,10.5194/acp-22-3967-2022,https://doi.org/10.5194/acp-22-3967-2022,Include for full text,Concentration mapping / monitoring,Retrieved; report identity and minimum detail validated,Adequate matching report retrieved and validated,Retrieved,Include,"Retain as Direct fire-specific evidence. The full report evaluates fire-specific ambient pollution, smoke/plume behaviour, monitoring, forecasting, exposure, intervention, or a directly related evidence synthesis.",Approve,Author approved title/decision/rationale review.,2026-08-23,Include,Author verified — approved 23 Aug 2026,Direct fire-specific evidence,"Supports only the fire-specific task and evaluation setting described in the report; it does not by itself establish operational readiness, universal superiority, or cross-incident generalisation.",AI-assisted extraction from validated full-report text; existing nonblank charting preserved; no independent author verification of detailed fields claimed,Eligibility author-approved; detailed coding not independently author-verified; see data/coding_completeness.csv
R04952,Fluorescence lidar observations of wildfire smoke inside cirrus: A contribution to smoke-cirrus – interaction research,I. Veselovskii; Qiaoyun Hu; A. Ansmann; P. Goloub; T. Podvin; M. Korenskiy,2021,,10.5194/acp-2021-1017,https://doi.org/10.5194/acp-2021-1017,Include for full text,Concentration mapping / monitoring,Retrieved; report identity and minimum detail validated,Adequate matching report retrieved and validated,Retrieved,Exclude,ACP discussion/prepublication DOI 10.5194/acp-2021-1017 appears to be the same report later published as R04953 (ACP 2022).,Approve,Discussion/prepublication version reconciled to final report R04953.,2026-08-23,Exclude,Author verified — approved 23 Aug 2026,Not included — superseded report,,AI-assisted extraction from validated full-report text; existing nonblank charting preserved; no independent author verification of detailed fields claimed,Not applicable — excluded report
R04953,Fluorescence lidar observations of wildfire smoke inside cirrus: a contribution to smoke–cirrus interaction research,I. Veselovskii; Qiaoyun Hu; A. Ansmann; P. Goloub; T. Podvin; M. Korenskiy,2022,Atmospheric Chemistry and Physics,10.5194/acp-22-5209-2022,https://doi.org/10.5194/acp-22-5209-2022,Include for full text,Concentration mapping / monitoring,Retrieved,Public full-text candidate located,Retrieved,Include,"Retain as Direct fire-specific evidence. Retrieved report describes an eligible fire-specific sensing, modelling, exposure, intervention, governance, review, or material source/perimeter-input contribution.",Approve,Author approved title/decision/rationale review.,2026-08-23,Include,Author verified — approved 23 Aug 2026,Direct fire-specific evidence,"Supports the stated sensing or measurement task only; operational readiness depends on setting, validation, and deployment maturity.","Full report was previously assessed, but report text is unavailable in the current archive; detailed charting remains incomplete",Eligibility author-approved; detailed coding not independently author-verified; see data/coding_completeness.csv
R04972,Forecasting Air Pollution in Australia from the Long-Range Transport of Wildfire Smoke and Prescribed Burns,M. Cope,2018,ISEE Conference Abstracts,10.1289/isesisee.2018.s04.01.11,https://doi.org/10.1289/isesisee.2018.s04.01.11,Include for full text,Forecasting / simulation; Concentration mapping / monitoring,Not retrieved — inaccessible after documented attempts,No complete report accessible after Zotero-assisted and manual access attempts,Not retrieved,Not retrieved,Report not retrieved after documented access attempts; eligibility remains unknown and no findings are inferred.,Approve,Author approved all simplified full-text decisions on 2026-08-24.,2026-08-24,Not retrieved — inaccessible after documented attempts,Author approved retrieval outcome — 2026-08-24,"Primary candidate — direct fire-specific operational, plume, source/perimeter, exposure/action, or decision-interface evidence; full text required",No substantive claim because the complete report was unavailable.,Retrieval-only audit; no report-level coding or findings inferred,Not applicable — report unavailable
R04979,Forecasting the Effects of Wildland Fires on Air Quality and on Human Health,A. Miranda,2022,ICFBR 2022,10.3390/environsciproc2022017009,https://doi.org/10.3390/environsciproc2022017009,Include for full text,Exposure / health-risk estimation; Forecasting / simulation; Concentration mapping / monitoring,Retrieved,Public full-text candidate located,Retrieved,Include,"Retain as Direct fire-specific evidence. Retrieved report describes an eligible fire-specific sensing, modelling, exposure, intervention, governance, review, or material source/perimeter-input contribution.",Approve,Author approved title/decision/rationale review.,2026-08-23,Include,Author verified — approved 23 Aug 2026,Direct fire-specific evidence,Supports the reported model/simulation task and validation setting; does not by itself establish real-time deployment or superior performance across incidents.,"Full report was previously assessed, but report text is unavailable in the current archive; detailed charting remains incomplete",Eligibility author-approved; detailed coding not independently author-verified; see data/coding_completeness.csv
R04980,Forecasting the Impacts of Prescribed Fires for Dynamic Air Quality Management,M. Odman; Ran Huang; Aditya A. Pophale; Rushabh D. Sakhpara; Yongtao Hu; A. Russell; Michael E. Chang,2018,Atmosphere,10.3390/atmos9060220,https://doi.org/10.3390/atmos9060220,Include for full text,Forecasting / simulation; Concentration mapping / monitoring,Retrieved,Public full-text candidate located,Retrieved,Include,"Retain as Direct fire-specific evidence. Retrieved report describes an eligible fire-specific sensing, modelling, exposure, intervention, governance, review, or material source/perimeter-input contribution.",Approve,Author approved title/decision/rationale review.,2026-08-23,Include,Author verified — approved 23 Aug 2026,Direct fire-specific evidence,Supports the reported model/simulation task and validation setting; does not by itself establish real-time deployment or superior performance across incidents.,"Full report was previously assessed, but report text is unavailable in the current archive; detailed charting remains incomplete",Eligibility author-approved; detailed coding not independently author-verified; see data/coding_completeness.csv
R04997,"Forest Fire Aerosol – Weather Feedbacks over Western North America Using a High-Resolution, Fully Coupled, Air-Quality Model",P. Makar; A. Akingunola; Jack Chen; B. Pabla; W. Gong; C. Stroud; C. Sioris; Kerry Anderson; P. Cheung; Junhua Zhang; J. Milbrandt,2020,,10.5194/acp-2020-938,https://doi.org/10.5194/acp-2020-938,Include for full text,Forecasting / simulation; Concentration mapping / monitoring,Retrieved,Public full-text candidate located,Retrieved,Include,Retain as Direct fire-specific evidence. The full report contains an eligible fire-specific observation-to-action contribution.,Approve,Author approved title/decision/rationale review.,2026-08-23,Include,Author verified — approved 23 Aug 2026,Direct fire-specific evidence,Supports an operationally relevant fire-specific task; detailed task and maturity coding has completeness reported in the field-level audit.,"Full report was previously assessed, but report text is unavailable in the current archive; detailed charting remains incomplete",Eligibility author-approved; detailed coding not independently author-verified; see data/coding_completeness.csv
R05069,Forest fire forecasting tool for air quality modelling systems,R. S. José; J. Pérez; L. Perez; R. M. González; J. Pecci; Marino Palacios Morera,2015,,,,Include for full text,Forecasting / simulation; Concentration mapping / monitoring,Retrieved,Complete report retrieved and assessed during documented recovery audit,Retrieved,Include,Retain as Conditional fire-source/perimeter input. The verified complete report contributes eligible fire-specific evidence within the frozen review scope.,Approve,Author approved all simplified full-text decisions on 2026-08-24.,2026-08-24,Include,Author approved full-text eligibility — 2026-08-24,Conditional fire-source/perimeter input,Supports fire-spread/source-state simulation intended for an air-quality chain; the reported evaluation does not validate smoke concentration forecasts.,Retrieved full report assessed 2026-08-24; minimum coding prepared from the complete report and with no independent author verification of detailed fields claimed.,Eligibility author-approved; detailed coding not independently author-verified; see data/coding_completeness.csv
R05129,Forest Fire Smoke Exposure Assessment: Use of Remote Sensing Data in a Pollution Dispersion Model,Sarah B. Henderson; B. Burkholder; M. Brauer; P. Jackson; B. Klinkenberg; C. Ichoku,2006,,10.1097/00001648-200611001-00516,https://doi.org/10.1097/00001648-200611001-00516,Include for full text,Exposure / health-risk estimation; Forecasting / simulation; Concentration mapping / monitoring,Not retrieved — inaccessible after documented attempts,No complete report accessible after Zotero-assisted and manual access attempts,Not retrieved,Not retrieved,Report not retrieved after documented access attempts; eligibility remains unknown and no findings are inferred.,Approve,Author approved all simplified full-text decisions on 2026-08-24.,2026-08-24,Not retrieved — inaccessible after documented attempts,Author approved retrieval outcome — 2026-08-24,"Primary candidate — direct fire-specific operational, plume, source/perimeter, exposure/action, or decision-interface evidence; full text required",No substantive claim because the complete report was unavailable.,Retrieval-only audit; no report-level coding or findings inferred,Not applicable — report unavailable
R05160,Forest fires in Himalayan region during 2016 - Aerosol load and smoke plume heights detection by multi sensor observations,S. Kumar; U. Dumka,2017,,,,Include for full text,Concentration mapping / monitoring; Detection,Not retrieved — inaccessible after documented attempts,No complete report accessible after Zotero-assisted and manual access attempts,Not retrieved,Not retrieved,Report not retrieved after documented access attempts; eligibility remains unknown and no findings are inferred.,Approve,Author approved all simplified full-text decisions on 2026-08-24.,2026-08-24,Not retrieved — inaccessible after documented attempts,Author approved retrieval outcome — 2026-08-24,"Primary candidate — direct fire-specific operational, plume, source/perimeter, exposure/action, or decision-interface evidence; full text required",No substantive claim because the complete report was unavailable.,Retrieval-only audit; no report-level coding or findings inferred,Not applicable — report unavailable
R05168,Forest fires smoke monitoring from Sea-viewing Wide Field-of-view Sensor images,A. Hassini; S. Déjean; N. Benabadji; Noureddine Hassini; A. Belbachir,2008,Optica Applicata,,,Include for full text,Concentration mapping / monitoring,Not retrieved — inaccessible after documented attempts,No complete report accessible after Zotero-assisted and manual access attempts,Not retrieved,Not retrieved,Report not retrieved after documented access attempts; eligibility remains unknown and no findings are inferred.,Approve,Author approved all simplified full-text decisions on 2026-08-24.,2026-08-24,Not retrieved — inaccessible after documented attempts,Author approved retrieval outcome — 2026-08-24,"Primary candidate — direct fire-specific operational, plume, source/perimeter, exposure/action, or decision-interface evidence; full text required",No substantive claim because the complete report was unavailable.,Retrieval-only audit; no report-level coding or findings inferred,Not applicable — report unavailable
R05221,From Coarse Detection to Fine-Grained Segmentation: Auto-Prompting Segment Anything Model (SAM) for Satellite Wildfire Smoke Analysis,Lola Naomi Enzelin; Samuel Ady Sanjaya,2026,"2026 International Conference on Smart Computing, IoT, and Machine Learning (SIML)",10.1109/siml69834.2026.11621144,https://doi.org/10.1109/siml69834.2026.11621144,Include for full text,Forecasting / simulation; Concentration mapping / monitoring; Detection,Retrieved,Complete report retrieved and assessed during documented recovery audit,Retrieved,Include,Retain as Direct fire-specific evidence. The verified complete report contributes eligible fire-specific evidence within the frozen review scope.,Approve,Author approved all simplified full-text decisions on 2026-08-24.,2026-08-24,Include,Author approved full-text eligibility — 2026-08-24,Direct fire-specific evidence,Supports offline smoke segmentation on the evaluated imagery; segmentation masks are not direct pollutant-concentration or incident-response validation.,Retrieved full report assessed 2026-08-24; minimum coding prepared from the complete report and with no independent author verification of detailed fields claimed.,Eligibility author-approved; detailed coding not independently author-verified; see data/coding_completeness.csv
R05235,From Wind to Smoke: A Unified WebGIS Platform for Wildfire Simulation and Visualization,Saray Martínez-Lastras; J. M. Iglesias; David Cifuentes-Jimenez; M. I. Asensio; Diego González‐Aguilera,2025,Fire,10.3390/fire8090366,https://doi.org/10.3390/fire8090366,Include for full text,Forecasting / simulation,Retrieved,Public full-text candidate located,Retrieved,Include,"Retain as Direct fire-specific evidence. Retrieved report describes an eligible fire-specific sensing, modelling, exposure, intervention, governance, review, or material source/perimeter-input contribution.",Approve,Author approved title/decision/rationale review.,2026-08-23,Include,Author verified — approved 23 Aug 2026,Direct fire-specific evidence,Supports the reported model/simulation task and validation setting; does not by itself establish real-time deployment or superior performance across incidents.,"Full report was previously assessed, but report text is unavailable in the current archive; detailed charting remains incomplete",Eligibility author-approved; detailed coding not independently author-verified; see data/coding_completeness.csv
R05298,Gaussian dispersion model for low-lying smoke from a wildfire including downwind ground effects,Nikolaos Kalogeropoulos; Alexander Castagna; G. Rein,2026,Journal of Loss Prevention in the Process Industries,10.1016/j.jlp.2026.106043,https://doi.org/10.1016/j.jlp.2026.106043,Include for full text,Forecasting / simulation,Retrieved,Complete report retrieved and assessed during documented recovery audit,Retrieved,Include,Retain as Direct fire-specific evidence. The verified complete report contributes eligible fire-specific evidence within the frozen review scope.,Approve,Author approved all simplified full-text decisions on 2026-08-24.,2026-08-24,Include,Author approved full-text eligibility — 2026-08-24,Direct fire-specific evidence,Supports computationally inexpensive ground-level smoke estimates in verification/scenario cases; field accuracy and operational decision benefits remain unvalidated.,Retrieved full report assessed 2026-08-24; minimum coding prepared from the complete report and with no independent author verification of detailed fields claimed.,Eligibility author-approved; detailed coding not independently author-verified; see data/coding_completeness.csv
R05312,Generative Algorithms for Fusion of Physics-Based Wildfire Spread Models with Satellite Data for Initializing Wildfire Forecasts,Bryan Shaddy; Deep Ray; Angel Farguell; Valentina Calaza; Jan Mandel; James Haley; Kyle Hilburn; Derek V. Mallia; Adam Kochanski; Assad Oberai,2024,Artificial Intelligence for the Earth Systems 3(3),10.1175/aies-d-23-0087.1,https://doi.org/10.1175/aies-d-23-0087.1,Uncertain,Forecasting / simulation,Retrieved,Public full-text candidate located,Retrieved,Include,Retain as Direct fire-specific evidence. The full report contains an eligible fire-specific observation-to-action contribution.,Approve,Author approved title/decision/rationale review.,2026-08-23,Include,Author verified — approved 23 Aug 2026,Direct fire-specific evidence,Supports only the fire-specific task and evaluation setting described in the report; detailed coding has completeness reported in the field-level audit.,Existing charting retained; current full-report archive incomplete; no independent author verification of detailed fields claimed,Eligibility author-approved; detailed coding not independently author-verified; see data/coding_completeness.csv
R05390,Global health benefits and cost-effectiveness of indoor air purification to mitigate PM2.5 from wildfire smoke,Dongjia Han; Yongxuan Guo; John S. Ji; Jianghao Wang; Bin Zhao,2026,Nature Health,10.1038/s44360-026-00105-1,https://doi.org/10.1038/s44360-026-00105-1,Include for full text,Exposure / health-risk estimation; Intervention / decision planning; Concentration mapping / monitoring,Retrieved; report identity and minimum detail validated,Adequate matching report retrieved and validated,Retrieved,Include,"Retain as Direct fire-specific evidence. The full report evaluates fire-specific ambient pollution, smoke/plume behaviour, monitoring, forecasting, exposure, intervention, or a directly related evidence synthesis.",Approve,Author approved title/decision/rationale review.,2026-08-23,Include,Author verified — approved 23 Aug 2026,Direct fire-specific evidence,"Supports only the fire-specific task and evaluation setting described in the report; it does not by itself establish operational readiness, universal superiority, or cross-incident generalisation.",AI-assisted extraction from validated full-report text; existing nonblank charting preserved; no independent author verification of detailed fields claimed,Eligibility author-approved; detailed coding not independently author-verified; see data/coding_completeness.csv
R05428,Global Wildfire Plume-Rise Data Set and Parameterizations for Climate Model Applications,"Ke, Ziming and Wang, Yuhang and Zou, Yufei and Song, Yongjia and Liu, Yongqiang",2020,Journal of Geophysical Research: Atmospheres,10.1029/2020JD033085,https://doi.org/10.1029/2020JD033085,Include for full text,Forecasting / simulation,Retrieved,Complete report retrieved and assessed during documented recovery audit,Retrieved,Include,Retain as Direct fire-specific evidence. The verified complete report contributes eligible fire-specific evidence within the frozen review scope.,Approve,Author approved all simplified full-text decisions on 2026-08-24.,2026-08-24,Include,Author approved full-text eligibility — 2026-08-24,Direct fire-specific evidence,Supports global plume-rise parameterisation and sampling-bias claims; it is intended for climate/transport modelling rather than incident-time local concentration forecasting.,Retrieved full report assessed 2026-08-24; minimum coding prepared from the complete report and with no independent author verification of detailed fields claimed.,Eligibility author-approved; detailed coding not independently author-verified; see data/coding_completeness.csv
R05431,Global Wildland Fire Emission Model (GWEM): Evaluating the use of global area burnt satellite data,Hoelzemann J.J.; Schultz M.G.; Brasseur G.P.; Granier C.; Simon M.,2004,Journal of Geophysical Research D: Atmospheres,10.1029/2003jd003666,https://doi.org/10.1029/2003jd003666,Include for full text,Forecasting / simulation; Concentration mapping / monitoring; Emissions / source-term estimation,Retrieved,Complete report retrieved and assessed during documented recovery audit,Retrieved,Include,Retain as Direct fire-specific evidence. The verified complete report contributes eligible fire-specific evidence within the frozen review scope.,Approve,Author approved all simplified full-text decisions on 2026-08-24.,2026-08-24,Include,Author approved full-text eligibility — 2026-08-24,Direct fire-specific evidence,Supports retrospective global source-term estimation and uncertainty analysis; it does not validate incident-scale concentration forecasts.,Retrieved full report assessed 2026-08-24; minimum coding prepared from the complete report and with no independent author verification of detailed fields claimed.,Eligibility author-approved; detailed coding not independently author-verified; see data/coding_completeness.csv
R05469,"Ground-based remote sensing of an elevated forest fire aerosol layer at Whistler, BC: implications for interpretation of mountaintop chemistry",McKendry I.G.; Gallagher J.; Campuzano Jost P.; Bertram A.; Strawbridge K.; Leaitch R.; MacDonald A.M.,2010,Atmospheric Chemistry and Physics,10.5194/acp-10-11921-2010,https://doi.org/10.5194/acp-10-11921-2010,Include for full text,Concentration mapping / monitoring,Retrieved,Public full-text candidate located,Retrieved,Include,"Retain as Direct fire-specific evidence. The full report evaluates fire-specific smoke, aerosol, pollutant, plume, or concentration observation/estimation.",Approve,Author approved title/decision/rationale review.,2026-08-23,Include,Author verified — approved 23 Aug 2026,Direct fire-specific evidence,"Supports the reported sensing or measurement task only; operational readiness depends on setting, validation, and deployment maturity.","Full report was previously assessed, but report text is unavailable in the current archive; detailed charting remains incomplete",Eligibility author-approved; detailed coding not independently author-verified; see data/coding_completeness.csv
R05474,"Ground/space, passive/active remote sensing observations coupled with particle dispersion modelling to understand the inter-continental transport of wildfire smoke plumes",Sicard M.; Granados-Muñoz M.J.; Alados-Arboledas L.; Barragán R.; Bedoya-Velásquez A.E.; Benavent-Oltra J.A.; Bortoli D.; Comerón A.; Córdoba-Jabonero C.; Costa M.J.; del Águila A.; Fernández A.J.; Guerrero-Rascado J.L.; Jorba O.; Molero F.; Muñoz-Porcar C.; Ortiz-Amezcua P.; Papagiannopoulos N.; Potes M.; Pujadas M.; Rocadenbosch F.; Rodríguez-Gómez A.; Román R.; Salgado R.; Salgueiro V.; Sola Y.; Yela M.,2019,Remote Sensing of Environment,10.1016/j.rse.2019.111294,https://doi.org/10.1016/j.rse.2019.111294,Include for full text,Forecasting / simulation; Concentration mapping / monitoring,Retrieved,Public full-text candidate located,Retrieved,Include,"Retain as Direct fire-specific evidence. Retrieved report describes an eligible fire-specific sensing, modelling, exposure, intervention, governance, review, or material source/perimeter-input contribution.",Approve,Author approved title/decision/rationale review.,2026-08-23,Include,Author verified — approved 23 Aug 2026,Direct fire-specific evidence,"Supports the stated sensing or measurement task only; operational readiness depends on setting, validation, and deployment maturity.","Full report was previously assessed, but report text is unavailable in the current archive; detailed charting remains incomplete",Eligibility author-approved; detailed coding not independently author-verified; see data/coding_completeness.csv
R05504,Harnessing Self-Supervised Deep Learning and Geostationary Remote Sensing for Advancing Wildfire and Associated Air Quality Monitoring: Improved Smoke and Fire Front Masking using GOES and TEMPO Radiance Data,Nicholas LaHaye; Thilanka Munasinghe; H. Lee; Xiaohua Pan; G. G. Abad; Hazem Mahmoud; Jennifer Wei,2025,International Geoscience and Remote Sensing Symposium (IGARSS),10.1109/igarss55030.2025.11243034,https://doi.org/10.1109/igarss55030.2025.11243034,Include for full text,Concentration mapping / monitoring,Retrieved,Public full-text candidate located,Retrieved,Include,"Retain as Direct fire-specific evidence. Retrieved report describes an eligible fire-specific sensing, modelling, exposure, intervention, governance, review, or material source/perimeter-input contribution.",Approve,Author approved title/decision/rationale review.,2026-08-23,Include,Author verified — approved 23 Aug 2026,Direct fire-specific evidence,"Supports the stated sensing or measurement task only; operational readiness depends on setting, validation, and deployment maturity.","Full report was previously assessed, but report text is unavailable in the current archive; detailed charting remains incomplete",Eligibility author-approved; detailed coding not independently author-verified; see data/coding_completeness.csv
R05530,Health benefits and costs of filtration interventions that reduce indoor exposure to PM2.5 during wildfires.,"Fisk, W J; Chan, W R",2017,Indoor air,10.1111/ina.12285,https://doi.org/10.1111/ina.12285,Include for full text,Exposure / health-risk estimation; Intervention / decision planning; Concentration mapping / monitoring,Retrieved,Public full-text candidate located,Retrieved,Include,"Retain as Direct fire-specific evidence. The report evaluates a fire-smoke intervention, warning, communication, protection, or decision-support contribution.",Approve,Author approved title/decision/rationale review.,2026-08-23,Include,Author verified — approved 23 Aug 2026,Direct fire-specific evidence,"Supports the evaluated intervention, communication, or decision setting only; transfer to emergency operations requires workflow validation.","Full report was previously assessed, but report text is unavailable in the current archive; detailed charting remains incomplete",Eligibility author-approved; detailed coding not independently author-verified; see data/coding_completeness.csv
R05545,Health effects of wildfire PM2.5 in Latin American cities: A rapid systematic review and comparative synthesis.,"Malagón-Rojas, Jeadran; Chen, Kai",2025,Biomedica : revista del Instituto Nacional de Salud,10.7705/biomedica.8068,https://doi.org/10.7705/biomedica.8068,Include for full text,Evidence synthesis; Exposure / health-risk estimation; Concentration mapping / monitoring,Retrieved,Public full-text candidate located,Retrieved,Include,"Retain as Fire-specific evidence synthesis. Retrieved report describes an eligible fire-specific sensing, modelling, exposure, intervention, governance, review, or material source/perimeter-input contribution.",Approve,Author approved title/decision/rationale review.,2026-08-23,Include,Author verified — approved 23 Aug 2026,Fire-specific evidence synthesis,Used for scope comparison or evidence synthesis; primary-study claims are checked against underlying evidence where material.,"Full report was previously assessed, but report text is unavailable in the current archive; detailed charting remains incomplete",Eligibility author-approved; detailed coding not independently author-verified; see data/coding_completeness.csv
R05567,Health Impacts of Wildfire Smoke on Children and Adolescents: A Systematic Review and Meta-analysis.,"Zhang, Yiwen; Tingting, Ye; Huang, Wenzhong; Yu, Pei; Chen, Gongbo; Xu, Rongbin; Song, Jiangning; Guo, Yuming; Li, Shanshan",2024,Current environmental health reports,10.1007/s40572-023-00420-9,https://doi.org/10.1007/s40572-023-00420-9,Include for full text,Evidence synthesis; Exposure / health-risk estimation,Retrieved,Author-supplied full report retrieved,Retrieved,Include,Retain as Fire-specific evidence synthesis. The report synthesizes fire-specific evidence relevant to at least one review question and will be used with synthesis-level claim boundaries.,Approve,Author approved title/decision/rationale review.,2026-08-23,Include,Author verified — approved 23 Aug 2026,Fire-specific evidence synthesis,Used for scope comparison or evidence synthesis; it cannot substitute for primary comparative or deployment evidence.,"Full report was previously assessed, but report text is unavailable in the current archive; detailed charting remains incomplete",Eligibility author-approved; detailed coding not independently author-verified; see data/coding_completeness.csv
R05575,Health risk assessment of wildfire smoke exposure: a protocol for a systematic review and meta-analysis.,"Daba Yadate, Chala; Odo, Daniel; Rahaman, Md Rezanur; Bambrick, Hilary; Tong, Michael",2026,Systematic reviews,10.1186/s13643-026-03226-6,https://doi.org/10.1186/s13643-026-03226-6,Include for full text,Evidence synthesis; Exposure / health-risk estimation,Retrieved,Public full-text candidate located,Retrieved,Exclude,Protocol without review results. Systematic-review protocol contains no completed evidence synthesis or evaluated system.,Approve,Author approved title/decision/rationale review.,2026-08-23,Exclude,Author verified — approved 23 Aug 2026,Not included,,,Not applicable — excluded report
R05613,High-Efficiency Particulate Air Filters for Preventing Wildfire-related Asthma Complications: A Cost-Effectiveness Study.,"Adibi, Amin; Barn, Prabjit; Shellington, Erin M; Harvard, Stephanie; Johnson, Kate M; Carlsten, Christopher",2024,American journal of respiratory and critical care medicine,10.1101/2023.04.17.23288697,https://doi.org/10.1101/2023.04.17.23288697,Include for full text,Exposure / health-risk estimation; Concentration mapping / monitoring,Retrieved,Public full-text candidate located,Retrieved,Include,"Retain as Direct fire-specific evidence. The report develops or evaluates an exposure, risk, vulnerability, health-impact, or public-health forecasting method relevant to fire smoke.",Approve,Author approved title/decision/rationale review.,2026-08-23,Include,Author verified — approved 23 Aug 2026,Direct fire-specific evidence,"Supports the reported exposure, risk, or public-health estimation task; it does not establish prospective clinical decision support unless evaluated.","Full report was previously assessed, but report text is unavailable in the current archive; detailed charting remains incomplete",Eligibility author-approved; detailed coding not independently author-verified; see data/coding_completeness.csv
R05638,High-resolution MODIS aerosol retrieval during wildfire events in California for use in exposure assessment.,"Raffuse, Sean M; McCarthy, Michael C; Craig, Kenneth J; DeWinter, Jennifer L; Jumbam, Loayeh K; Fruin, Scott; Gauderman, W James; Lurmann, Frederick W",2013,Journal of geophysical research. Atmospheres : JGR,10.1002/jgrd.50862,https://doi.org/10.1002/jgrd.50862,Include for full text,Exposure / health-risk estimation; Concentration mapping / monitoring,Retrieved,Public full-text candidate located,Retrieved,Include,"Retain as Direct fire-specific evidence. Retrieved report describes an eligible fire-specific sensing, modelling, exposure, intervention, governance, review, or material source/perimeter-input contribution.",Approve,Author approved title/decision/rationale review.,2026-08-23,Include,Author verified — approved 23 Aug 2026,Direct fire-specific evidence,Supports the reported exposure/risk estimation task; it does not establish personalized or prospective clinical decision support unless explicitly evaluated.,"Full report was previously assessed, but report text is unavailable in the current archive; detailed charting remains incomplete",Eligibility author-approved; detailed coding not independently author-verified; see data/coding_completeness.csv
R05643,High-resolution smoke forecasting for the 2018 Camp Fire in California,Chow F.K.; Yu K.A.; Young A.; James E.; Grell G.A.; Csiszar I.; Tsidulko M.; Freitas S.; Pereira G.; Giglio L.; Friberg M.D.; Ahmadov R.,2021,Bulletin of The American Meteorological Society - (BAMS),10.1175/bams-d-20-0329.1,https://doi.org/10.1175/bams-d-20-0329.1,Include for full text,Forecasting / simulation,Retrieved,Public full-text candidate located,Retrieved,Include,"Retain as Direct fire-specific evidence. The full report evaluates fire-specific smoke, plume, air-quality, or exposure forecasting/simulation.",Approve,Author approved title/decision/rationale review.,2026-08-23,Include,Author verified — approved 23 Aug 2026,Direct fire-specific evidence,Supports the reported model or simulation task and validation setting; it does not establish universal superiority or real-time deployment.,Existing charting retained; current full-report archive incomplete; no independent author verification of detailed fields claimed,Eligibility author-approved; detailed coding not independently author-verified; see data/coding_completeness.csv
R05648,High Spatiotemporal Resolution PM2.5 Concentration Estimation with Machine Learning Algorithm: A Case Study for Wildfire in California,Qian Cui; Feng Zhang; Shaoyun Fu; Xiaoli Wei; Yue Ma; Kun Wu,2022,Remote Sensing,10.3390/rs14071635,https://doi.org/10.3390/rs14071635,Include for full text,Exposure / health-risk estimation; Concentration mapping / monitoring,Retrieved,Public full-text candidate located,Retrieved,Include,"Retain as Direct fire-specific evidence. Retrieved report describes an eligible fire-specific sensing, modelling, exposure, intervention, governance, review, or material source/perimeter-input contribution.",Approve,Author approved title/decision/rationale review.,2026-08-23,Include,Author verified — approved 23 Aug 2026,Direct fire-specific evidence,Supports the reported exposure/risk estimation task; it does not establish personalized or prospective clinical decision support unless explicitly evaluated.,"Full report was previously assessed, but report text is unavailable in the current archive; detailed charting remains incomplete",Eligibility author-approved; detailed coding not independently author-verified; see data/coding_completeness.csv
R05658,Higher-order sliding mode observer and fractional-order sliding mode control for precise wildfire tracking in heterogeneous multi-agent systems,Ammar Alsinai; Aasma Zaman; A. U. K. Niazi,2025,Systems Science & Control Engineering,10.1080/21642583.2025.2460440,https://doi.org/10.1080/21642583.2025.2460440,Include for full text,Concentration mapping / monitoring; Source localisation / boundary tracking,Retrieved,Complete report retrieved and assessed during documented recovery audit,Retrieved,Include,Retain as Conditional fire-source/perimeter input. The verified complete report contributes eligible fire-specific evidence within the frozen review scope.,Approve,Author approved all simplified full-text decisions on 2026-08-24.,2026-08-24,Include,Author approved full-text eligibility — 2026-08-24,Conditional fire-source/perimeter input,Supports simulated fault-tolerant source-state tracking; it does not demonstrate smoke concentration sensing or field deployment.,Retrieved full report assessed 2026-08-24; minimum coding prepared from the complete report and with no independent author verification of detailed fields claimed.,Eligibility author-approved; detailed coding not independently author-verified; see data/coding_completeness.csv
R05719,How wild is your model fire? Constraining WRF-Chem wildfire smoke simulations with satellite observations,E. Fischer; B. Ford; W. Lassman; J. Pierce; G. Pfister; J. Volckens; S. Magzamen; R. Gan,2015,,,,Include for full text,Forecasting / simulation; Concentration mapping / monitoring,Not retrieved — inaccessible after documented attempts,No complete report accessible after Zotero-assisted and manual access attempts,Not retrieved,Not retrieved,Report not retrieved after documented access attempts; eligibility remains unknown and no findings are inferred.,Approve,Author approved all simplified full-text decisions on 2026-08-24.,2026-08-24,Not retrieved — inaccessible after documented attempts,Author approved retrieval outcome — 2026-08-24,"Primary candidate — direct fire-specific operational, plume, source/perimeter, exposure/action, or decision-interface evidence; full text required",No substantive claim because the complete report was unavailable.,Retrieval-only audit; no report-level coding or findings inferred,Not applicable — report unavailable
R05857,Impact of do-it-yourself air cleaner design on the reduction of simulated wildfire smoke in a controlled chamber environment.,"Holder, Amara L; Halliday, Hannah S; Virtaranta, Larry",2022,Indoor air,10.1111/ina.13163,https://doi.org/10.1111/ina.13163,Include for full text,Intervention / decision planning; Forecasting / simulation,Retrieved,Public full-text candidate located,Retrieved,Include,"Retain as Direct fire-specific evidence. Retrieved report describes an eligible fire-specific sensing, modelling, exposure, intervention, governance, review, or material source/perimeter-input contribution.",Approve,Author approved title/decision/rationale review.,2026-08-23,Include,Author verified — approved 23 Aug 2026,Direct fire-specific evidence,Supports the evaluated intervention or communication setting only; transfer to emergency operations requires workflow validation.,"Full report was previously assessed, but report text is unavailable in the current archive; detailed charting remains incomplete",Eligibility author-approved; detailed coding not independently author-verified; see data/coding_completeness.csv
R05869,"Impact of Forest Fires on Air Quality in Wolgan Valley, New South Wales, Australia—A Mapping and Monitoring Study Using Google Earth Engine",Sachchidanand Singh; Harikesh Singh; Vishal Sharma; V. Shrivastava; Pankaj Kumar; S. Kanga; Netrananda Sahu; G. Meraj; M. Farooq; S. Singh,2021,Forests,10.3390/f13010004,https://doi.org/10.3390/f13010004,Include for full text,Concentration mapping / monitoring,Retrieved,Public full-text candidate located,Retrieved,Include,"Retain as Direct fire-specific evidence. Retrieved report describes an eligible fire-specific sensing, modelling, exposure, intervention, governance, review, or material source/perimeter-input contribution.",Approve,Author approved title/decision/rationale review.,2026-08-23,Include,Author verified — approved 23 Aug 2026,Direct fire-specific evidence,"Supports the stated sensing or measurement task only; operational readiness depends on setting, validation, and deployment maturity.","Full report was previously assessed, but report text is unavailable in the current archive; detailed charting remains incomplete",Eligibility author-approved; detailed coding not independently author-verified; see data/coding_completeness.csv
R05902,"Impact of Smoke Plumes Transport on Air Quality in Sydney during Extensive Bushfires (2019) in New South Wales, Australia Using Remote Sensing and Ground Data",Ali A. Attiya; B. Jones,2022,Remote Sensing,10.3390/rs14215552,https://doi.org/10.3390/rs14215552,Include for full text,Forecasting / simulation; Concentration mapping / monitoring,Retrieved,Public full-text candidate located,Retrieved,Include,"Retain as Direct fire-specific evidence. Retrieved report describes an eligible fire-specific sensing, modelling, exposure, intervention, governance, review, or material source/perimeter-input contribution.",Approve,Author approved title/decision/rationale review.,2026-08-23,Include,Author verified — approved 23 Aug 2026,Direct fire-specific evidence,"Supports the stated sensing or measurement task only; operational readiness depends on setting, validation, and deployment maturity.","Full report was previously assessed, but report text is unavailable in the current archive; detailed charting remains incomplete",Eligibility author-approved; detailed coding not independently author-verified; see data/coding_completeness.csv
R05935,Impact of Wildfire Smoke Events on Indoor Air Quality and Evaluation of a Low-cost Filtration Method,May N.W.; Dixon C.; Jaffe D.A.,2021,Aerosol and Air Quality Research,10.4209/aaqr.210046,https://doi.org/10.4209/aaqr.210046,Include for full text,Intervention / decision planning; Concentration mapping / monitoring,Retrieved,Complete report retrieved and assessed during documented recovery audit,Retrieved,Include,Retain as Direct fire-specific evidence. The verified complete report contributes eligible fire-specific evidence within the frozen review scope.,Approve,Author approved all simplified full-text decisions on 2026-08-24.,2026-08-24,Include,Author approved full-text eligibility — 2026-08-24,Direct fire-specific evidence,Supports indoor infiltration estimates and filtration effectiveness in the evaluated settings; it does not directly establish population health outcomes.,Retrieved full report assessed 2026-08-24; minimum coding prepared from the complete report and with no independent author verification of detailed fields claimed.,Eligibility author-approved; detailed coding not independently author-verified; see data/coding_completeness.csv
R05939,Impact of Wildfire Smoke on Acute Illness,"Hughes, Fintan and Parsons, Luke and Levy, Jerrold H and Shindell, Drew and Alhanti, Brooke and Ohnuma, Tetsu and Kasibhatla, Prasad and Montgomery, Hugh and Krishnamoorthy, Vijay",2024,Anesthesiology,10.1097/aln.0000000000005115,https://doi.org/10.1097/aln.0000000000005115,Uncertain,Background / enabling method,Retrieved; report identity and minimum detail validated,Adequate matching report retrieved and validated,Retrieved,Include,Retain as Fire-specific evidence synthesis. Narrative clinical synthesis of acute wildfire-smoke health effects relevant to health-protection requirements.,Approve,Author approved title/decision/rationale review.,2026-08-23,Include,Author verified — approved 23 Aug 2026,Fire-specific evidence synthesis,Supports statements about the scope and reported findings of the reviewed literature; it is not independent deployment evidence and cannot establish algorithmic superiority.,AI-assisted extraction from validated full-report text; existing nonblank charting preserved; no independent author verification of detailed fields claimed,Eligibility author-approved; detailed coding not independently author-verified; see data/coding_completeness.csv
R05942,Impact of wildfire smoke on Arctic cirrus formation – Part 2: Simulation of MOSAiC 2019–2020 cases,A. Ansmann; Cristofer Jiménez; Daniel A. Knopf; Johanna Roschke; J. Buehl; Kevin Ohneiser; R. Engelmann,2025,Atmospheric Chemistry and Physics,10.5194/acp-25-4867-2025,https://doi.org/10.5194/acp-25-4867-2025,Include for full text,Forecasting / simulation,Retrieved,Public full-text candidate located,Retrieved,Exclude,Background atmospheric-process study. Models smoke effects on Arctic cirrus formation rather than a fire-pollution monitoring or response task.,Approve,Author approved title/decision/rationale review.,2026-08-23,Exclude,Author verified — approved 23 Aug 2026,Not included,,,Not applicable — excluded report
R05960,Impact on air quality and health due to the Saddleworth Moor fire in northern England,Graham A.M.; Pope R.J.; Pringle K.P.; Arnold S.; Chipperfield M.P.; Conibear L.A.; Butt E.W.; Kiely L.; Knote C.; McQuaid J.B.,2020,Environmental Research Letters,10.1088/1748-9326/ab8496,https://doi.org/10.1088/1748-9326/ab8496,Uncertain,Exposure / health-risk estimation; Concentration mapping / monitoring,Retrieved; report identity and minimum detail validated,Adequate matching report retrieved and validated,Retrieved,Include,"Retain as Direct fire-specific evidence. The full report evaluates fire-specific ambient pollution, smoke/plume behaviour, monitoring, forecasting, exposure, intervention, or a directly related evidence synthesis.",Approve,Author approved title/decision/rationale review.,2026-08-23,Include,Author verified — approved 23 Aug 2026,Direct fire-specific evidence,"Supports only the fire-specific task and evaluation setting described in the report; it does not by itself establish operational readiness, universal superiority, or cross-incident generalisation.",AI-assisted extraction from validated full-report text; existing nonblank charting preserved; no independent author verification of detailed fields claimed,Eligibility author-approved; detailed coding not independently author-verified; see data/coding_completeness.csv
R05988,"Impacts of estimated plume rise on PM2.5 exceedance prediction during extreme wildfire events: a comparison of three schemes (Briggs, Freitas, and Sofiev)",Yunyao Li; D. Tong; Siqi Ma; S. Freitas; R. Ahmadov; M. Sofiev; Xiaoyan Zhang; S. Kondragunta; R. Kahn; Youhua Tang; B. Baker; P. Campbell; R. Saylor; G. Grell; Fangjun Li,2023,Atmospheric Chemistry and Physics,10.5194/acp-23-3083-2023,https://doi.org/10.5194/acp-23-3083-2023,Include for full text,Forecasting / simulation; Concentration mapping / monitoring,Retrieved,Public full-text candidate located,Retrieved,Include,"Retain as Direct fire-specific evidence. The full report evaluates fire-specific smoke, plume, air-quality, or exposure forecasting/simulation.",Approve,Author approved title/decision/rationale review.,2026-08-23,Include,Author verified — approved 23 Aug 2026,Direct fire-specific evidence,Supports the reported model or simulation task and validation setting; it does not establish universal superiority or real-time deployment.,"Full report was previously assessed, but report text is unavailable in the current archive; detailed charting remains incomplete",Eligibility author-approved; detailed coding not independently author-verified; see data/coding_completeness.csv
R05993,"Impacts of fire-induced heat, moisture, and aerosol-radiation interactions on wildfire plume rise during the 2019/2020 Australian fires",Muth L.J.; Hoshyaripour G.A.; Vogel B.; Vogel H.; Hoose C.,2026,Atmospheric Chemistry and Physics,10.5194/acp-26-8505-2026,https://doi.org/10.5194/acp-26-8505-2026,Include for full text,Forecasting / simulation; Concentration mapping / monitoring,Retrieved,Public full-text candidate located,Retrieved,Include,"Retain as Direct fire-specific evidence. Retrieved report describes an eligible fire-specific sensing, modelling, exposure, intervention, governance, review, or material source/perimeter-input contribution.",Approve,Author approved title/decision/rationale review.,2026-08-23,Include,Author verified — approved 23 Aug 2026,Direct fire-specific evidence,Supports the reported model/simulation task and validation setting; does not by itself establish real-time deployment or superior performance across incidents.,"Full report was previously assessed, but report text is unavailable in the current archive; detailed charting remains incomplete",Eligibility author-approved; detailed coding not independently author-verified; see data/coding_completeness.csv
R06052,Improved Particle Swarm Path Planning Algorithm with Multi-Factor Coupling in Forest Fire Spread Scenarios,Kaiyi Lin; Lifan Zhang; Lida Huang; Zhi-gang Feng; Tao Chen,2023,Fire,10.3390/fire6050202,https://doi.org/10.3390/fire6050202,Include for full text,Source localisation / boundary tracking,Retrieved,Public full-text candidate located,Retrieved,Exclude,Forest-fire rescue path planning around spreading fire; suppression/rescue-only routing is outside the frozen primary-corpus rule.,Approve,Rescue/path planning around fire spread without an eligible observation-to-action output.,2026-08-23,Exclude,Author verified — approved 23 Aug 2026,Not included,,"Full report was previously assessed, but report text is unavailable in the current archive; detailed charting remains incomplete",Not applicable — excluded report
R06083,Improving spatial resolution of PM2.5 measurements during wildfires,Yifan Ding; I. Cruz; F. Freedman; A. Venkatram,2021,Atmospheric Pollution Research,10.1016/j.apr.2021.03.010,https://doi.org/10.1016/j.apr.2021.03.010,Include for full text,Concentration mapping / monitoring,Retrieved,Complete report retrieved and assessed during documented recovery audit,Retrieved,Include,Retain as Direct fire-specific evidence. The verified complete report contributes eligible fire-specific evidence within the frozen review scope.,Approve,Author approved all simplified full-text decisions on 2026-08-24.,2026-08-24,Include,Author approved full-text eligibility — 2026-08-24,Direct fire-specific evidence,Supports retrospective higher-resolution PM2.5 mapping in two California events; prospective health-risk or incident-response performance is not established.,Retrieved full report assessed 2026-08-24; minimum coding prepared from the complete report and with no independent author verification of detailed fields claimed.,Eligibility author-approved; detailed coding not independently author-verified; see data/coding_completeness.csv
R06086,Improving the south America wildfires smoke estimates: Integration of polar-orbiting and geostationary satellite fire products in the Brazilian biomass burning emission model (3BEM),Pereira G.; Longo K.M.; Freitas S.R.; Mataveli G.; Oliveira V.J.; Santos P.R.; Rodrigues L.F.; Cardozo F.S.,2022,Atmospheric Environment,10.1016/j.atmosenv.2022.118954,https://doi.org/10.1016/j.atmosenv.2022.118954,Include for full text,Forecasting / simulation; Concentration mapping / monitoring; Emissions / source-term estimation,Retrieved,Complete report retrieved and assessed during documented recovery audit,Retrieved,Include,Retain as Direct fire-specific evidence. The verified complete report contributes eligible fire-specific evidence within the frozen review scope.,Approve,Author approved all simplified full-text decisions on 2026-08-24.,2026-08-24,Include,Author approved full-text eligibility — 2026-08-24,Direct fire-specific evidence,Supports improved fire-emission representation from combined satellite products in the evaluated region; routine operational concentration accuracy is not established.,Retrieved full report assessed 2026-08-24; minimum coding prepared from the complete report and with no independent author verification of detailed fields claimed.,Eligibility author-approved; detailed coding not independently author-verified; see data/coding_completeness.csv
R06116,"Increase in carbon monoxide (CO) and aerosol optical depth (AOD) observed by satellites in the Northern Hemisphere over the summers of 2008–2023, linked to an increase in wildfires",Antoine Ehret; S. Turquety; Maya George; J. Hadji-Lazaro; C. Clerbaux,2025,Atmospheric Chemistry and Physics,10.5194/acp-25-6365-2025,https://doi.org/10.5194/acp-25-6365-2025,Include for full text,Concentration mapping / monitoring,Retrieved,Public full-text candidate located,Retrieved,Include,"Retain as Direct fire-specific evidence. The full report evaluates fire-specific smoke, aerosol, pollutant, plume, or concentration observation/estimation.",Approve,Author approved title/decision/rationale review.,2026-08-23,Include,Author verified — approved 23 Aug 2026,Direct fire-specific evidence,"Supports the reported sensing or measurement task only; operational readiness depends on setting, validation, and deployment maturity.","Full report was previously assessed, but report text is unavailable in the current archive; detailed charting remains incomplete",Eligibility author-approved; detailed coding not independently author-verified; see data/coding_completeness.csv
R06132,Increasing Impacts of Fire Air Pollution on Public and Ecosystem Health,"Yue, Xu and Hu, Yihan and Tian, Chenguang and Xu, Rongbin and Yu, Wenhua and Guo, Yuming",2024,The Innovation,10.1016/j.xinn.2024.100609,https://doi.org/10.1016/j.xinn.2024.100609,Uncertain,Background context only,Retrieved,Author-supplied report validated and assessed,Retrieved,Exclude,"Commentary - no independent evidence contribution. The complete two-page report is a commentary summarising recent fire-air-pollution trends and selected studies; it does not report an original study, systematic evidence synthesis, operational guidance, or evaluable technical contribution.",Approve,Author approved title/decision/rationale review.,2026-08-23,Exclude,Author verified — approved 23 Aug 2026,Not included,Excluded report; not used as evidence,Full report text extracted and AI-assisted detailed charting proposal; no independent author verification of detailed fields claimed,Not applicable — excluded report
R06172,Industrial fire simulation and uncertainty associated with the Emission Dispersion Model,S. Chettouh; R. Hamzi; F. Innal; D. Haddad,2014,Clean Technologies and Environmental Policy,10.1007/s10098-014-0792-x,https://doi.org/10.1007/s10098-014-0792-x,Include for full text,Dispersion simulation; uncertainty quantification; decision support,Retrieved — adequate report,Complete report validated and assessed,Retrieved — adequate report,Include,Retain as Direct fire-specific simulation and uncertainty evidence. Complete report assessed 22 Aug 2026; Quantifies input uncertainty and sensitivity for NO2 dispersion from a crude-oil tank-fire scenario.,Approve,Author approved title/decision/rationale review.,2026-08-23,Include,Author verified — approved 23 Aug 2026,Direct fire-specific simulation and uncertainty evidence,Supports the need to propagate dispersion uncertainty and consider upper bounds. It does not validate absolute concentration accuracy or operational reliability.,Complete report assessed 22 Aug 2026; Quantifies input uncertainty and sensitivity for NO2 dispersion from a crude-oil tank-fire scenario.,Eligibility author-approved; detailed coding not independently author-verified; see data/coding_completeness.csv
R06180,Infiltration of forest fire and residential wood smoke: an evaluation of air cleaner effectiveness.,"Barn, Prabjit; Larson, Timothy; Noullett, Melanie; Kennedy, Susan; Copes, Ray; Brauer, Michael",2008,Journal of Exposure Science and Environmental Epidemiology,10.1038/sj.jes.7500640,https://doi.org/10.1038/sj.jes.7500640,Include for full text,Intervention / decision planning,Retrieved,Complete report retrieved and assessed during documented recovery audit,Retrieved,Include,Retain as Direct fire-specific evidence. The verified complete report contributes eligible fire-specific evidence within the frozen review scope.,Approve,Author approved all simplified full-text decisions on 2026-08-24.,2026-08-24,Include,Author approved full-text eligibility — 2026-08-24,Direct fire-specific evidence,Supports exposure-reduction evidence for evaluated homes and conditions; health endpoints and emergency-system deployment were not directly tested.,Retrieved full report assessed 2026-08-24; minimum coding prepared from the complete report and with no independent author verification of detailed fields claimed.,Eligibility author-approved; detailed coding not independently author-verified; see data/coding_completeness.csv
R06225,"Information Framework of Pervasive Real Time Monitoring System: Case of Peat Land Forest Fires and Air Quality in South Sumatera, Indonesia",Nurmaini S.; Malik R.F.; Stiawan D.; Firdaus; Saparudin; Tutuko B.,2016,"International Conference on Electrical Engineering, Computer Science and Informatics (EECSI)",10.1088/1757-899x/190/1/012029,https://doi.org/10.1088/1757-899x/190/1/012029,Include for full text,Concentration mapping / monitoring,Retrieved; report identity and minimum detail validated,Adequate matching report retrieved and validated,Retrieved,Include,"Retain as Direct fire-specific evidence. The full report evaluates fire-specific ambient pollution, smoke/plume behaviour, monitoring, forecasting, exposure, intervention, or a directly related evidence synthesis.",Approve,Author approved title/decision/rationale review.,2026-08-23,Include,Author verified — approved 23 Aug 2026,Direct fire-specific evidence,"Supports only the fire-specific task and evaluation setting described in the report; it does not by itself establish operational readiness, universal superiority, or cross-incident generalisation.",AI-assisted extraction from validated full-report text; existing nonblank charting preserved; no independent author verification of detailed fields claimed,Eligibility author-approved; detailed coding not independently author-verified; see data/coding_completeness.csv
R06270,Instructor-Worker Large Language Model System for Policy Recommendation: a Case Study on Air Quality Analysis of the January 2025 Los Angeles Wildfires,K. Gao; Dening Lu; Liangzhi Li; Nan Chen; Hongjie He; Linlin Xu; Jonathan Li,2025,International Journal of Applied Earth Observation and Geoinformation,10.1016/j.jag.2025.104774,https://doi.org/10.1016/j.jag.2025.104774,Include for full text,Governance / policy; Forecasting / simulation; Concentration mapping / monitoring,Retrieved,Public full-text candidate located,Retrieved,Include,"Retain as Fire-specific governance/equity evidence. The report evaluates fire-specific policy, recommendation, equity, accountability, or implementation concerns.",Approve,Author approved title/decision/rationale review.,2026-08-23,Include,Author verified — approved 23 Aug 2026,Fire-specific governance/equity evidence,"Supports the stated policy, equity, accountability, or implementation finding; it is not algorithm-performance evidence.","Full report was previously assessed, but report text is unavailable in the current archive; detailed charting remains incomplete",Eligibility author-approved; detailed coding not independently author-verified; see data/coding_completeness.csv
R06300,Integrating Measurement Based New Knowledge on Wildland Fire Emissions and Chemistry into the AIRPACT Air Quality Forecasting for the Pacific Northwest,T. Nergui; Y. Lee; S. Chung; B. Lamb; R. Yokelson; K. Barsanti,2017,,,,Include for full text,Forecasting / simulation; Concentration mapping / monitoring; Emissions / source-term estimation,Not retrieved — inaccessible after documented attempts,No complete report accessible after Zotero-assisted and manual access attempts,Not retrieved,Not retrieved,Report not retrieved after documented access attempts; eligibility remains unknown and no findings are inferred.,Approve,Author approved all simplified full-text decisions on 2026-08-24.,2026-08-24,Not retrieved — inaccessible after documented attempts,Author approved retrieval outcome — 2026-08-24,"Primary candidate — direct fire-specific operational, plume, source/perimeter, exposure/action, or decision-interface evidence; full text required",No substantive claim because the complete report was unavailable.,Retrieval-only audit; no report-level coding or findings inferred,Not applicable — report unavailable
R06315,Integration of a Coupled Fire-Atmosphere Model Into a Regional Air Quality Forecasting System for Wildfire Events,Kochanski A.K.; Herron-Thorpe F.; Mallia D.V.; Mandel J.; Vaughan J.K.,2021,Frontiers in Forests and Global Change,10.3389/ffgc.2021.728726,https://doi.org/10.3389/ffgc.2021.728726,Include for full text,Forecasting / simulation; Concentration mapping / monitoring,Retrieved,Public full-text candidate located,Retrieved,Include,"Retain as Direct fire-specific evidence. The full report evaluates fire-specific smoke, plume, air-quality, or exposure forecasting/simulation.",Approve,Author approved title/decision/rationale review.,2026-08-23,Include,Author verified — approved 23 Aug 2026,Direct fire-specific evidence,Supports the reported model or simulation task and validation setting; it does not establish universal superiority or real-time deployment.,Existing charting retained; current full-report archive incomplete; no independent author verification of detailed fields claimed,Eligibility author-approved; detailed coding not independently author-verified; see data/coding_completeness.csv
R06323,Integration of satellite remote sensing measurements with numerical models to estimate particulate matter emissions from forest fires,Sanjeeb Bhoi,2009,,,,Include for full text,Forecasting / simulation; Concentration mapping / monitoring; Emissions / source-term estimation,Not retrieved — inaccessible after documented attempts,No complete report accessible after Zotero-assisted and manual access attempts,Not retrieved,Not retrieved,Report not retrieved after documented access attempts; eligibility remains unknown and no findings are inferred.,Approve,Author approved all simplified full-text decisions on 2026-08-24.,2026-08-24,Not retrieved — inaccessible after documented attempts,Author approved retrieval outcome — 2026-08-24,"Primary candidate — direct fire-specific operational, plume, source/perimeter, exposure/action, or decision-interface evidence; full text required",No substantive claim because the complete report was unavailable.,Retrieval-only audit; no report-level coding or findings inferred,Not applicable — report unavailable
R06344,Intensity-resolved classification of forest fire smoke via fused satellite and ground-based optical climatology.,"Ma, Yangyang; Luo, Jie; Li, Kaitao; Zhang, Yongqiang; Zhao, Hengze; Li, Pei; Bi, Meihua; Zhou, Xuefang",2026,Environmental research,10.1016/j.envres.2026.124710,https://doi.org/10.1016/j.envres.2026.124710,Include for full text,Concentration mapping / monitoring; Detection,Retrieved,Complete report retrieved and assessed during documented recovery audit,Retrieved,Include,Retain as Direct fire-specific evidence. The verified complete report contributes eligible fire-specific evidence within the frozen review scope.,Approve,Author approved all simplified full-text decisions on 2026-08-24.,2026-08-24,Include,Author approved full-text eligibility — 2026-08-24,Direct fire-specific evidence,Supports intensity-dependent smoke optical classes for retrieval-model development; it does not directly estimate ground-level health exposure or operational response.,Retrieved full report assessed 2026-08-24; minimum coding prepared from the complete report and with no independent author verification of detailed fields claimed.,Eligibility author-approved; detailed coding not independently author-verified; see data/coding_completeness.csv
R06450,Intra-continental wildfire smoke transport and impact on local air quality observed by ground-based and satellite remote sensing in New York City,Yonghua Wu; Anjeza Arapi; Jianping Huang; B. Gross; F. Moshary,2018,Atmospheric Environment,10.1016/j.atmosenv.2018.06.006,https://doi.org/10.1016/j.atmosenv.2018.06.006,Include for full text,Forecasting / simulation; Concentration mapping / monitoring,Retrieved; report identity and minimum detail validated,Adequate matching report retrieved and validated,Retrieved,Include,"Retain as Direct fire-specific evidence. The full report evaluates fire-specific ambient pollution, smoke/plume behaviour, monitoring, forecasting, exposure, intervention, or a directly related evidence synthesis.",Approve,Author approved title/decision/rationale review.,2026-08-23,Include,Author verified — approved 23 Aug 2026,Direct fire-specific evidence,"Supports only the fire-specific task and evaluation setting described in the report; it does not by itself establish operational readiness, universal superiority, or cross-incident generalisation.",AI-assisted extraction from validated full-report text; existing nonblank charting preserved; no independent author verification of detailed fields claimed,Eligibility author-approved; detailed coding not independently author-verified; see data/coding_completeness.csv
R06483,Investigating the Spatial and Temporal Limitations for Remote Sensing of Wildfire Smoke Using Satellite and Airborne Imagers During FIREX‐AQ,Shi Y.R.; Levy R.C.; Remer L.A.; Mattoo S.; Arnold G.T.,2024,Journal of Geophysical Research - Atmospheres,10.1029/2023jd039085,https://doi.org/10.1029/2023jd039085,Include for full text,Concentration mapping / monitoring,Retrieved,Public full-text candidate located,Retrieved,Include,"Retain as Direct fire-specific evidence. The full report evaluates fire-specific smoke, aerosol, pollutant, plume, or concentration observation/estimation.",Approve,Author approved title/decision/rationale review.,2026-08-23,Include,Author verified — approved 23 Aug 2026,Direct fire-specific evidence,"Supports the reported sensing or measurement task only; operational readiness depends on setting, validation, and deployment maturity.","Full report was previously assessed, but report text is unavailable in the current archive; detailed charting remains incomplete",Eligibility author-approved; detailed coding not independently author-verified; see data/coding_completeness.csv
R06547,Is Wildfire Smoke a Voltage Regulation Risk in PV-rich Distribution Grids?,Ala'a Al-Sharif; Irtaza Sohail; M. Farrokhabadi; H. Zareipour,2026,ACM Sustainability Week Companion 2026 - Proceedings of the 2026 ACM Sustainability Week,10.1145/3765611.3815393,https://doi.org/10.1145/3765611.3815393,Include for full text,Intervention / decision support,Retrieved,Author-supplied report validated and assessed,Retrieved,Include,Retain as Direct fire-specific evidence. Uses measured smoke- and cloud-affected photovoltaic profiles in a modified IEEE 33-bus simulation to test voltage impacts under fixed storage schedules.,Approve,Author approved title/decision/rationale review.,2026-08-23,Include,Author verified — approved 23 Aug 2026,Direct fire-specific evidence,"Supports treating wildfire-smoke attenuation as a distinct operating condition in the representative simulated feeder scenarios; it does not establish live-grid risk, broad feeder generalization, or that smoke is more severe than cloud variability.",Full report text extracted and AI-assisted detailed charting proposal; no independent author verification of detailed fields claimed,Eligibility author-approved; detailed coding not independently author-verified; see data/coding_completeness.csv
R06588,Kinematic structure of a wildland fire plume observed by Doppler lidar,Charland A.M.; Clements C.B.,2013,Journal of Geophysical Research: Atmospheres,10.1002/jgrd.50308,https://doi.org/10.1002/jgrd.50308,Include for full text,Concentration mapping / monitoring,Retrieved,Complete report retrieved and assessed during documented recovery audit,Retrieved,Include,Retain as Direct fire-specific evidence. The verified complete report contributes eligible fire-specific evidence within the frozen review scope.,Approve,Author approved all simplified full-text decisions on 2026-08-24.,2026-08-24,Include,Author approved full-text eligibility — 2026-08-24,Direct fire-specific evidence,Supports kinematic characterisation of one observed plume and model-evaluation needs; it is not a smoke-concentration forecast or autonomous system evaluation.,Retrieved full report assessed 2026-08-24; minimum coding prepared from the complete report and with no independent author verification of detailed fields claimed.,Eligibility author-approved; detailed coding not independently author-verified; see data/coding_completeness.csv
R06590,Knowing Your Audience: A Typology of Smoke Sense Participants to Inform Wildfire Smoke Health Risk Communication.,"Hano, Mary Clare; Prince, Steven E; Wei, Linda; Hubbell, Bryan J; Rappold, Ana G",2020,Frontiers in public health,10.3389/fpubh.2020.00143,https://doi.org/10.3389/fpubh.2020.00143,Include for full text,Exposure / health-risk estimation; Intervention / decision planning,Retrieved,Public full-text candidate located,Retrieved,Include,"Retain as Direct fire-specific evidence. The report evaluates a fire-smoke intervention, warning, communication, protection, or decision-support contribution.",Approve,Author approved title/decision/rationale review.,2026-08-23,Include,Author verified — approved 23 Aug 2026,Direct fire-specific evidence,"Supports the evaluated intervention, communication, or decision setting only; transfer to emergency operations requires workflow validation.","Full report was previously assessed, but report text is unavailable in the current archive; detailed charting remains incomplete",Eligibility author-approved; detailed coding not independently author-verified; see data/coding_completeness.csv
R06677,Learning-based Wildfire Tracking with Unmanned Aerial Vehicles,Qiong Jia; M. Xin; Xiaolin Hu; Haiyang Chao,2022,American Control Conference,10.23919/acc53348.2022.9867512,https://doi.org/10.23919/acc53348.2022.9867512,Include for full text,Source localisation / boundary tracking,Retrieved,Complete report retrieved and assessed during documented recovery audit,Retrieved,Include,Retain as Conditional fire-source/perimeter input. The verified complete report contributes eligible fire-specific evidence within the frozen review scope.,Approve,Author approved all simplified full-text decisions on 2026-08-24.,2026-08-24,Include,Author approved full-text eligibility — 2026-08-24,Conditional fire-source/perimeter input,Supports simulated autonomous fire-front tracking under designed constraints; it does not establish smoke mapping or real-world deployment performance.,Retrieved full report assessed 2026-08-24; minimum coding prepared from the complete report and with no independent author verification of detailed fields claimed.,Eligibility author-approved; detailed coding not independently author-verified; see data/coding_completeness.csv
R06696,Leveraging Low-Cost Sensors to Monitor Wildfire Smoke in California,D. Ridley; K. Shimohashi; M. Vona; Y. Zhao; C. Pearson; A. Morales; W. Ham,2019,,,,Include for full text,Concentration mapping / monitoring,Not retrieved — inaccessible after documented attempts,No complete report accessible after Zotero-assisted and manual access attempts,Not retrieved,Not retrieved,Report not retrieved after documented access attempts; eligibility remains unknown and no findings are inferred.,Approve,Author approved all simplified full-text decisions on 2026-08-24.,2026-08-24,Not retrieved — inaccessible after documented attempts,Author approved retrieval outcome — 2026-08-24,"Primary candidate — direct fire-specific operational, plume, source/perimeter, exposure/action, or decision-interface evidence; full text required",No substantive claim because the complete report was unavailable.,Retrieval-only audit; no report-level coding or findings inferred,Not applicable — report unavailable
R06713,LIDAR detection of forest fire smoke above Sofia,I. Grigorov; A. Deleva; D. Stoyanov; N. Kolev; G. Kolarov,2015,Proceedings of SPIE - The International Society for Optical Engineering,10.1117/12.2178791,https://doi.org/10.1117/12.2178791,Include for full text,Concentration mapping / monitoring; Detection,Retrieved,Complete report retrieved and assessed during documented recovery audit,Retrieved,Include,Retain as Direct fire-specific evidence. The verified complete report contributes eligible fire-specific evidence within the frozen review scope.,Approve,Author approved all simplified full-text decisions on 2026-08-24.,2026-08-24,Include,Author approved full-text eligibility — 2026-08-24,Direct fire-specific evidence,Supports lidar detection and layer characterisation for two local smoke events; it does not validate concentration forecasts or automated response.,Retrieved full report assessed 2026-08-24; minimum coding prepared from the complete report and with no independent author verification of detailed fields claimed.,Eligibility author-approved; detailed coding not independently author-verified; see data/coding_completeness.csv
R06715,"Lidar measurements of wildfire smoke aerosols in the atmosphere above Sofia, Bulgaria",Peshev Z.Y.; Deleva A.D.; Dreischuh T.N.; Stoyanov D.V.,2017,International School on Quantum Electronics: Laser Physics and Applications,10.1117/12.2263103,https://doi.org/10.1117/12.2263103,Include for full text,Concentration mapping / monitoring,Retrieved,Complete report retrieved and assessed during documented recovery audit,Retrieved,Include,Retain as Direct fire-specific evidence. The verified complete report contributes eligible fire-specific evidence within the frozen review scope.,Approve,Author approved all simplified full-text decisions on 2026-08-24.,2026-08-24,Include,Author approved full-text eligibility — 2026-08-24,Direct fire-specific evidence,Supports detailed lidar characterisation of two observed smoke events; no general real-time concentration or health-action validation is shown.,Retrieved full report assessed 2026-08-24; minimum coding prepared from the complete report and with no independent author verification of detailed fields claimed.,Eligibility author-approved; detailed coding not independently author-verified; see data/coding_completeness.csv
R06720,LIDAR versus satellite-measured optical thickness of a wildfire aerosol,Stoker D.S.; Fathi G.; Ionov P.; Beck S.M.,2009,IEEE Aerospace Conference Proceedings,10.1109/aero.2009.4839447,https://doi.org/10.1109/aero.2009.4839447,Include for full text,Concentration mapping / monitoring,Retrieved,Complete report retrieved and assessed during documented recovery audit,Retrieved,Include,Retain as Direct fire-specific evidence. The verified complete report contributes eligible fire-specific evidence within the frozen review scope.,Approve,Author approved all simplified full-text decisions on 2026-08-24.,2026-08-24,Include,Author approved full-text eligibility — 2026-08-24,Direct fire-specific evidence,Supports cross-sensor optical-depth comparison and identifies heterogeneity limitations; AOT is not direct surface PM or health-risk estimation.,Retrieved full report assessed 2026-08-24; minimum coding prepared from the complete report and with no independent author verification of detailed fields claimed.,Eligibility author-approved; detailed coding not independently author-verified; see data/coding_completeness.csv
R06744,Lightweight wildfire smoke monitoring algorithm based on unmanned aerial vehicle vision,Guanyi Li; Pengle Cheng; Yong Li; Ying Huang,2024,"Signal, Image and Video Processing",10.1007/s11760-024-03377-w,https://doi.org/10.1007/s11760-024-03377-w,Include for full text,Concentration mapping / monitoring,Retrieved,Complete report retrieved and assessed during documented recovery audit,Retrieved,Include,Retain as Direct fire-specific evidence. The verified complete report contributes eligible fire-specific evidence within the frozen review scope.,Approve,Author approved all simplified full-text decisions on 2026-08-24.,2026-08-24,Include,Author approved full-text eligibility — 2026-08-24,Direct fire-specific evidence,Supports fast offline/benchmarked visual smoke detection on evaluated datasets; it does not establish airborne field reliability or pollutant concentration estimation.,Retrieved full report assessed 2026-08-24; minimum coding prepared from the complete report and with no independent author verification of detailed fields claimed.,Eligibility author-approved; detailed coding not independently author-verified; see data/coding_completeness.csv
R06750,Line based Geometrical Path Planning Algorithm for Extinguishing Forest Fires,M. Kumar; S. Rajasekaran,2012,International Journal of Computer Applications,10.5120/8222-1650,https://doi.org/10.5120/8222-1650,Include for full text,Source localisation / boundary tracking,Retrieved,Public full-text candidate located,Retrieved,Exclude,Path planning for extinguishing forest fires; suppression-only routing without a qualifying pollution or observation-to-action interface.,Approve,Extinguishing-path planning only; no eligible plume/pollution/source-state contribution.,2026-08-23,Exclude,Author verified — approved 23 Aug 2026,Not included,,"Full report was previously assessed, but report text is unavailable in the current archive; detailed charting remains incomplete",Not applicable — excluded report
R06766,LMDFS: A Lightweight Model for Detecting Forest Fire Smoke in UAV Images Based on YOLOv7,Gong Chen; Renxi Cheng; Xufeng Lin; Wanguo Jiao; Di Bai; Haifeng Lin,2023,Remote Sensing,10.3390/rs15153790,https://doi.org/10.3390/rs15153790,Include for full text,Forecasting / simulation; Concentration mapping / monitoring; Detection,Retrieved,Public full-text candidate located,Retrieved,Exclude,"Flame/smoke visual detection only. Evaluates image-object detection of smoke for early fire recognition without concentration, plume mapping, source estimation, or pollution-response output.",Approve,Author approved title/decision/rationale review.,2026-08-23,Exclude,Author verified — approved 23 Aug 2026,Not included,,,Not applicable — excluded report
R06778,Local to continental scale coupled fire-atmosphere simulation of large industrial fire plume,"Baggio, Roberta and Filippi, Jean Baptiste and Truchot, Benjamin and Couto, Flavio T",2022,Fire safety journal,10.1016/j.firesaf.2022.103699,https://doi.org/10.1016/j.firesaf.2022.103699,Include for full text,Forecasting / simulation,Retrieved; report identity and minimum detail validated,Adequate matching report retrieved and validated,Retrieved,Include,"Retain as Direct fire-specific evidence. The full report evaluates fire-specific ambient pollution, smoke/plume behaviour, monitoring, forecasting, exposure, intervention, or a directly related evidence synthesis.",Approve,Author approved title/decision/rationale review.,2026-08-23,Include,Author verified — approved 23 Aug 2026,Direct fire-specific evidence,"Supports only the fire-specific task and evaluation setting described in the report; it does not by itself establish operational readiness, universal superiority, or cross-incident generalisation.",AI-assisted extraction from validated full-report text; existing nonblank charting preserved; no independent author verification of detailed fields claimed,Eligibility author-approved; detailed coding not independently author-verified; see data/coding_completeness.csv
R06829,Long-Term Health Effects of Wildfire Exposure: A Scoping Review,Emily Grant; J. Runkle,2021,The Journal of Climate Change and Health,10.1016/j.joclim.2021.100110,https://doi.org/10.1016/j.joclim.2021.100110,Include for full text,Evidence synthesis; Exposure / health-risk estimation,Retrieved; report identity and minimum detail validated,Adequate matching report retrieved and validated,Retrieved,Include,Retain as Fire-specific evidence synthesis. The report synthesizes fire-specific evidence relevant to an observation-to-action review question.,Approve,Author approved title/decision/rationale review.,2026-08-23,Include,Author verified — approved 23 Aug 2026,Fire-specific evidence synthesis,Supports statements about the scope and reported findings of the reviewed literature; it is not independent deployment evidence and cannot establish algorithmic superiority.,AI-assisted extraction from validated full-report text; existing nonblank charting preserved; no independent author verification of detailed fields claimed,Eligibility author-approved; detailed coding not independently author-verified; see data/coding_completeness.csv
R06832,Long-term impacts of non-occupational wildfire exposure on human health: A systematic review.,"Gao, Yuan; Huang, Wenzhong; Yu, Pei; Xu, Rongbin; Yang, Zhengyu; Gasevic, Danijela; Ye, Tingting; Guo, Yuming; Li, Shanshan",2023,"Environmental pollution (Barking, Essex : 1987)",10.1016/j.envpol.2023.121041,https://doi.org/10.1016/j.envpol.2023.121041,Include for full text,Evidence synthesis; Exposure / health-risk estimation,Retrieved,Author-supplied report validated and assessed,Retrieved,Include,Retain as Fire-specific evidence synthesis. The supplied thesis embeds the complete target Environmental Pollution article and supplementary material: a systematic review of long-term non-occupational wildfire exposure and human health.,Approve,Author approved title/decision/rationale review.,2026-08-23,Include,Author verified — approved 23 Aug 2026,Fire-specific evidence synthesis,Supports statements about reported long-term health associations and evidence gaps; the embedded review is not an operational exposure or clinical decision model.,Full report text extracted and AI-assisted detailed charting proposal; no independent author verification of detailed fields claimed,Eligibility author-approved; detailed coding not independently author-verified; see data/coding_completeness.csv
R06871,Low-cost sensor network for wildfire monitoring and air quality measurements at remote community locations.,"Huda, Quamrul; Manhas, Nubal; Yang, Lei; Burhan, Muhammad; Malcolm, Trace",2026,Journal of the Air & Waste Management Association (1995),10.1080/10962247.2026.2665375,https://doi.org/10.1080/10962247.2026.2665375,Include for full text,Concentration mapping / monitoring,Retrieved,Complete report retrieved and assessed during documented recovery audit,Retrieved,Include,Retain as Direct fire-specific evidence. The verified complete report contributes eligible fire-specific evidence within the frozen review scope.,Approve,Author approved all simplified full-text decisions on 2026-08-24.,2026-08-24,Include,Author approved full-text eligibility — 2026-08-24,Direct fire-specific evidence,Supports prototype feasibility for remote monitoring and communications; large-scale incident performance and health-decision effectiveness remain unvalidated.,Retrieved full report assessed 2026-08-24; minimum coding prepared from the complete report and with no independent author verification of detailed fields claimed.,Eligibility author-approved; detailed coding not independently author-verified; see data/coding_completeness.csv
R06895,"Machine Learning Approach To Estimate Hourly Exposure to Fine Particulate Matter for Urban, Rural, and Remote Populations during Wildfire Seasons.","Yao, Jiayun; Brauer, Michael; Raffuse, Sean; Henderson, Sarah B",2018,Environmental Science and Technology,10.1021/acs.est.8b01921,https://doi.org/10.1021/acs.est.8b01921,Include for full text,Exposure / health-risk estimation; Concentration mapping / monitoring,Not retrieved — inaccessible after documented attempts,No complete report accessible after Zotero-assisted and manual access attempts,Not retrieved,Not retrieved,Report not retrieved after documented access attempts; eligibility remains unknown and no findings are inferred.,Approve,Author approved all simplified full-text decisions on 2026-08-24.,2026-08-24,Not retrieved — inaccessible after documented attempts,Author approved retrieval outcome — 2026-08-24,"Primary candidate — direct fire-specific operational, plume, source/perimeter, exposure/action, or decision-interface evidence; full text required",No substantive claim because the complete report was unavailable.,Retrieval-only audit; no report-level coding or findings inferred,Not applicable — report unavailable
R06898,Machine Learning-Based Integration of High-Resolution Wildfire Smoke Simulations and Observations for Regional Health Impact Assessment.,"Zou, Yufei; O'Neill, Susan M; Larkin, Narasimhan K; Alvarado, Ernesto C; Solomon, Robert; Mass, Clifford; Liu, Yang; Odman, M Talat; Shen, Huizhong",2019,International journal of environmental research and public health,10.3390/ijerph16122137,https://doi.org/10.3390/ijerph16122137,Include for full text,Exposure / health-risk estimation; Forecasting / simulation; Concentration mapping / monitoring,Retrieved,Public full-text candidate located,Retrieved,Include,"Retain as Direct fire-specific evidence. The report develops or evaluates an exposure, risk, vulnerability, health-impact, or public-health forecasting method relevant to fire smoke.",Approve,Author approved title/decision/rationale review.,2026-08-23,Include,Author verified — approved 23 Aug 2026,Direct fire-specific evidence,"Supports the reported exposure, risk, or public-health estimation task; it does not establish prospective clinical decision support unless evaluated.","Full report was previously assessed, but report text is unavailable in the current archive; detailed charting remains incomplete",Eligibility author-approved; detailed coding not independently author-verified; see data/coding_completeness.csv
R06901,"Machine Learning Bias Correction of HRRR-Smoke Surface PM
 2.5
 Forecasts during the Alaska Wildfire Season",Zhiwei Dong; Jingqui Mao; Alqamah Sayeed; Pawan Gupta; Tianlang Zhao; R. Ahmadov; E. James,2026,ACS ES&T Air,10.1021/acsestair.5c00409,https://doi.org/10.1021/acsestair.5c00409,Include for full text,Forecasting / simulation; Concentration mapping / monitoring,Retrieved,Author-supplied report validated and assessed,Retrieved,Include,"Retain as Direct fire-specific evidence. Author manuscript comparing CNN1D, CNN2D, and random-forest corrections of HRRR-Smoke surface PM2.5 in Alaska, with independent validation in 2019, 2023, and 2024.",Approve,Author approved title/decision/rationale review.,2026-08-23,Include,Author verified — approved 23 Aug 2026,Direct fire-specific evidence,"Supports retrospective bias-correction performance in Alaska using HRRR-Smoke and PurpleAir; it does not establish calibrated uncertainty, transfer beyond Alaska, or operational decision benefit.",Full report text extracted and AI-assisted detailed charting proposal; no independent author verification of detailed fields claimed,Eligibility author-approved; detailed coding not independently author-verified; see data/coding_completeness.csv
R06902,Machine Learning Calibration to Air Sensor Data During Wildfire Smoke Events,Irfan Yaqoob; Vijay Kumar; S. Chaudhry,2025,"2025 IEEE 4th International Conference on Computing and Machine Intelligence, ICMI 2025 - Proceedings",10.1109/icmi65310.2025.11141277,https://doi.org/10.1109/icmi65310.2025.11141277,Include for full text,Concentration mapping / monitoring; sensor calibration,Retrieved and assessed,Author supplied; complete report validated,Retrieved and assessed,Include,Retain as Direct fire-relevant sensor-calibration evidence. Compares machine-learning corrections for PurpleAir PM2.5 measurements across smoke and ambient conditions using co-located United States reference data.,Approve,Author approved title/decision/rationale review.,2026-08-23,Include,Author verified — approved 23 Aug 2026,Direct fire-relevant sensor-calibration evidence,"Supports comparative correction performance within the assembled co-location dataset. It does not establish out-of-site generalisation, real-time deployment effectiveness, or universal superiority for wildfire smoke.","Complete 6-page report supplied by author; identity, opening/closing pages, references, extractability and completeness validated; SHA256 d08b90ad6035f43c760299fbd49a08e6e2aee1039955934a8e6dc77958eabadc",Eligibility author-approved; detailed coding not independently author-verified; see data/coding_completeness.csv
R06906,Machine learning models accurately predict ozone exposure during wildfire events.,"Watson, Gregory L; Telesca, Donatello; Reid, Colleen E; Pfister, Gabriele G; Jerrett, Michael",2019,"Environmental pollution (Barking, Essex : 1987)",10.1016/j.envpol.2019.06.088,https://doi.org/10.1016/j.envpol.2019.06.088,Include for full text,Exposure / health-risk estimation; Forecasting / simulation,Retrieved,Public full-text candidate located,Retrieved,Include,"Retain as Direct fire-specific evidence. The report develops or evaluates an exposure, risk, vulnerability, health-impact, or public-health forecasting method relevant to fire smoke.",Approve,Author approved title/decision/rationale review.,2026-08-23,Include,Author verified — approved 23 Aug 2026,Direct fire-specific evidence,"Supports the reported exposure, risk, or public-health estimation task; it does not establish prospective clinical decision support unless evaluated.","Full report was previously assessed, but report text is unavailable in the current archive; detailed charting remains incomplete",Eligibility author-approved; detailed coding not independently author-verified; see data/coding_completeness.csv
R06968,Mapping Modeled Exposure of Wildland Fire Smoke for Human Health Studies in California.,"Koman, Patricia D; Billmire, Michael; Baker, Kirk R; de Majo, Ricardo; Anderson, Frank J; Hoshiko, Sumi; Thelen, Brian J; French, Nancy H F",2019,Atmosphere,10.3390/atmos10060308,https://doi.org/10.3390/atmos10060308,Include for full text,Exposure / health-risk estimation; Forecasting / simulation; Concentration mapping / monitoring,Retrieved,Public full-text candidate located,Retrieved,Include,"Retain as Direct fire-specific evidence. The report develops or evaluates an exposure, risk, vulnerability, health-impact, or public-health forecasting method relevant to fire smoke.",Approve,Author approved title/decision/rationale review.,2026-08-23,Include,Author verified — approved 23 Aug 2026,Direct fire-specific evidence,"Supports the reported exposure, risk, or public-health estimation task; it does not establish prospective clinical decision support unless evaluated.","Full report was previously assessed, but report text is unavailable in the current archive; detailed charting remains incomplete",Eligibility author-approved; detailed coding not independently author-verified; see data/coding_completeness.csv
R07019,Measurements of trace gas emissions from Australian forest fires and correlations with coincident measurements of aerosol optical depth,Paton-Walsh C.; Jones N.B.; Wilson S.R.; Haverd V.; Meier A.; Griffith D.W.T.; Rinsland C.P.,2005,Journal of Geophysical Research Atmospheres,10.1029/2005jd006202,https://doi.org/10.1029/2005jd006202,Include for full text,Concentration mapping / monitoring; Emissions / source-term estimation,Retrieved,Complete report retrieved and assessed during documented recovery audit,Retrieved,Include,Retain as Direct fire-specific evidence. The verified complete report contributes eligible fire-specific evidence within the frozen review scope.,Approve,Author approved all simplified full-text decisions on 2026-08-24.,2026-08-24,Include,Author approved full-text eligibility — 2026-08-24,Direct fire-specific evidence,Supports trace-gas emission estimates and AOD-proxy potential for observed Australian fires; satellite mapping and operational use require further validation.,Retrieved full report assessed 2026-08-24; minimum coding prepared from the complete report and with no independent author verification of detailed fields claimed.,Eligibility author-approved; detailed coding not independently author-verified; see data/coding_completeness.csv
R07036,MEASURING THE HEALTH IMPACT OF BUSHFIRE SMOKE COMPANION VOLUME FOR THE FIRE DECISION SUPPORT TOOL FINAL PROJECT,C. Meyer; M. Cope; Sunhee Lee; Stuart Young; M. Keywood,2014,,,,Include for full text,Exposure / health-risk estimation; Intervention / decision planning,Not retrieved — inaccessible after documented attempts,No complete report accessible after Zotero-assisted and manual access attempts,Not retrieved,Not retrieved,Report not retrieved after documented access attempts; eligibility remains unknown and no findings are inferred.,Approve,Author approved all simplified full-text decisions on 2026-08-24.,2026-08-24,Not retrieved — inaccessible after documented attempts,Author approved retrieval outcome — 2026-08-24,"Primary candidate — direct fire-specific operational, plume, source/perimeter, exposure/action, or decision-interface evidence; full text required",No substantive claim because the complete report was unavailable.,Retrieval-only audit; no report-level coding or findings inferred,Not applicable — report unavailable
R07085,Merging satellite-detected wildfire information with ground reports for improved fire and smoke modeling in emergency response,S. Raffuse; D. Pryden; N. Larkin; T. Strand; R. Solomon; D. Sullivan,2009,,,,Include for full text,Forecasting / simulation; Concentration mapping / monitoring; Detection,Not retrieved — inaccessible after documented attempts,No complete report accessible after Zotero-assisted and manual access attempts,Not retrieved,Not retrieved,Report not retrieved after documented access attempts; eligibility remains unknown and no findings are inferred.,Approve,Author approved all simplified full-text decisions on 2026-08-24.,2026-08-24,Not retrieved — inaccessible after documented attempts,Author approved retrieval outcome — 2026-08-24,"Primary candidate — direct fire-specific operational, plume, source/perimeter, exposure/action, or decision-interface evidence; full text required",No substantive claim because the complete report was unavailable.,Retrieval-only audit; no report-level coding or findings inferred,Not applicable — report unavailable
R07089,Meta-Analysis of Heterogeneity in the Effects of Wildfire Smoke Exposure on Respiratory Health in North America.,"Kondo, Michelle C; De Roos, Anneclaire J; White, Lauren S; Heilman, Warren E; Mockrin, Miranda H; Gross-Davis, Carol Ann; Burstyn, Igor",2019,International journal of environmental research and public health,10.3390/ijerph16060960,https://doi.org/10.3390/ijerph16060960,Include for full text,Evidence synthesis; Exposure / health-risk estimation,Retrieved,Public full-text candidate located,Retrieved,Include,Retain as Fire-specific evidence synthesis. The report synthesizes fire-specific evidence relevant to at least one review question and will be used with synthesis-level claim boundaries.,Approve,Author approved title/decision/rationale review.,2026-08-23,Include,Author verified — approved 23 Aug 2026,Fire-specific evidence synthesis,Used for scope comparison or evidence synthesis; it cannot substitute for primary comparative or deployment evidence.,"Full report was previously assessed, but report text is unavailable in the current archive; detailed charting remains incomplete",Eligibility author-approved; detailed coding not independently author-verified; see data/coding_completeness.csv
R07111,Methane Emissions in Boreal Forest Fire Regions: Assessment of Five Biomass-Burning Emission Inventories Based on Carbon Sensing Satellites,Siyan Zhao; Li Wang; Yusheng Shi; Zhaocheng Zeng; B. Nath; Zheng Niu,2023,Remote Sensing,10.3390/rs15184547,https://doi.org/10.3390/rs15184547,Include for full text,Concentration mapping / monitoring; Emissions / source-term estimation,Retrieved,Public full-text candidate located,Retrieved,Include,"Retain as Direct fire-specific evidence. The full report evaluates fire-specific smoke, aerosol, pollutant, plume, or concentration observation/estimation.",Approve,Author approved title/decision/rationale review.,2026-08-23,Include,Author verified — approved 23 Aug 2026,Direct fire-specific evidence,"Supports the reported sensing or measurement task only; operational readiness depends on setting, validation, and deployment maturity.","Full report was previously assessed, but report text is unavailable in the current archive; detailed charting remains incomplete",Eligibility author-approved; detailed coding not independently author-verified; see data/coding_completeness.csv
R07115,Method for monitoring forest fire in real time based on intelligent identification of smoke and fire,倪金生; 张烈强; 贾春华; 钱晓明; 陈晓东,2008,,,,Include for full text,Concentration mapping / monitoring,Not retrieved — inaccessible after documented attempts,No complete report accessible after Zotero-assisted and manual access attempts,Not retrieved,Not retrieved,Report not retrieved after documented access attempts; eligibility remains unknown and no findings are inferred.,Approve,Author approved all simplified full-text decisions on 2026-08-24.,2026-08-24,Not retrieved — inaccessible after documented attempts,Author approved retrieval outcome — 2026-08-24,"Primary candidate — direct fire-specific operational, plume, source/perimeter, exposure/action, or decision-interface evidence; full text required",No substantive claim because the complete report was unavailable.,Retrieval-only audit; no report-level coding or findings inferred,Not applicable — report unavailable
R07116,METHOD TO IDENTIFY FOREST FIRE BASED ON SMOKE PLUMES MASK BY USING MODIS DATA,Peng G.-X.; Shen W.; Hu D.-Y.; Li J.; Chen Y.-H.,2008,Hongwai Yu Haomibo Xuebao/Journal of Infrared and Millimeter Waves,10.3724/sp.j.1010.2008.00185,https://doi.org/10.3724/sp.j.1010.2008.00185,Include for full text,Intervention / decision planning,Not retrieved — inaccessible after documented attempts,No complete report accessible after Zotero-assisted and manual access attempts,Not retrieved,Not retrieved,Report not retrieved after documented access attempts; eligibility remains unknown and no findings are inferred.,Approve,Author approved all simplified full-text decisions on 2026-08-24.,2026-08-24,Not retrieved — inaccessible after documented attempts,Author approved retrieval outcome — 2026-08-24,"Primary candidate — direct fire-specific operational, plume, source/perimeter, exposure/action, or decision-interface evidence; full text required",No substantive claim because the complete report was unavailable.,Retrieval-only audit; no report-level coding or findings inferred,Not applicable — report unavailable
R07196,Modeling dispersion and deposition of smoke generated from chemical fires,S. Khajehnajafi; Reza Pourdarvish; Hardik Shah,2011,25th International Conference of the Center for Chemical Process Safety 2010 - Topical Conference at the 2010 AIChE Spring Meeting and 6th Global Conference on Process Safety,10.1002/prs.10450,https://doi.org/10.1002/prs.10450,Include for full text,Forecasting / simulation,Retrieved,Complete report retrieved and assessed during documented recovery audit,Retrieved,Include,Retain as Direct fire-specific evidence. The verified complete report contributes eligible fire-specific evidence within the frozen review scope.,Approve,Author approved all simplified full-text decisions on 2026-08-24.,2026-08-24,Include,Author approved full-text eligibility — 2026-08-24,Direct fire-specific evidence,Supports scenario-based chemical-fire smoke consequence modelling; independent field validation and institutional deployment are not established.,Retrieved full report assessed 2026-08-24; minimum coding prepared from the complete report and with no independent author verification of detailed fields claimed.,Eligibility author-approved; detailed coding not independently author-verified; see data/coding_completeness.csv
R07210,Modeling of biomass smoke injection into the lower stratosphere by a large forest fire (Part I): reference simulation,Trentmann J.; Luderer G.; Winterrath T.; Fromm M.D.; Servranckx R.; Textor C.; Herzog M.; Graf H.-F.; Andreae M.O.,2006,Atmospheric Chemistry and Physics,10.5194/acp-6-5247-2006,https://doi.org/10.5194/acp-6-5247-2006,Include for full text,Forecasting / simulation,Retrieved,Public full-text candidate located,Retrieved,Include,"Retain as Direct fire-specific evidence. The full report evaluates fire-specific smoke, plume, air-quality, or exposure forecasting/simulation.",Approve,Author approved title/decision/rationale review.,2026-08-23,Include,Author verified — approved 23 Aug 2026,Direct fire-specific evidence,Supports the reported model or simulation task and validation setting; it does not establish universal superiority or real-time deployment.,"Full report was previously assessed, but report text is unavailable in the current archive; detailed charting remains incomplete",Eligibility author-approved; detailed coding not independently author-verified; see data/coding_completeness.csv
R07226,Modeling Smoke Emissions and Transport for Wildfire Using Satellite Observations and Lagrangian Dispersion Modeling,Thanasis Kourantos; Anna Kampouri; A. Gialitaki; Maria Tsichla; E. Marinou; V. Amiridis; Ioannis Kioutsioukis,2025,COMECAP 2025,10.3390/eesp2025035002,https://doi.org/10.3390/eesp2025035002,Include for full text,Forecasting / simulation; Concentration mapping / monitoring; Emissions / source-term estimation,Retrieved,Public full-text candidate located,Retrieved,Include,"Retain as Direct fire-specific evidence. The full report evaluates fire-specific smoke, aerosol, pollutant, plume, or concentration observation/estimation.",Approve,Author approved title/decision/rationale review.,2026-08-23,Include,Author verified — approved 23 Aug 2026,Direct fire-specific evidence,"Supports the reported sensing or measurement task only; operational readiness depends on setting, validation, and deployment maturity.","Full report was previously assessed, but report text is unavailable in the current archive; detailed charting remains incomplete",Eligibility author-approved; detailed coding not independently author-verified; see data/coding_completeness.csv
R07233,Modeling the Air Pollution and Weather Feedback from Wildfire Emissions with WRF–Chem over Greece,Anastasios Rovithakis; A. Voulgarakis,2023,"16th International Conference on Meteorology, Climatology and Atmospheric Physics—COMECAP 2023",10.3390/environsciproc2023026201,https://doi.org/10.3390/environsciproc2023026201,Include for full text,Forecasting / simulation; Concentration mapping / monitoring; Emissions / source-term estimation,Retrieved,Public full-text candidate located,Retrieved,Include,"Retain as Direct fire-specific evidence. The full report evaluates fire-specific smoke, plume, air-quality, or exposure forecasting/simulation.",Approve,Author approved title/decision/rationale review.,2026-08-23,Include,Author verified — approved 23 Aug 2026,Direct fire-specific evidence,Supports the reported model or simulation task and validation setting; it does not establish universal superiority or real-time deployment.,"Full report was previously assessed, but report text is unavailable in the current archive; detailed charting remains incomplete",Eligibility author-approved; detailed coding not independently author-verified; see data/coding_completeness.csv
R07249,Modeling Wildfire Smoke Exposure from the 2013 California Rim Fire using CMAQ and HYSPLIT,H. Holmes; Xia Sun; C. Ivey; S. Faulstich; M. Strickland,2019,,,,Include for full text,Exposure / health-risk estimation; Forecasting / simulation,Not retrieved — inaccessible after documented attempts,No complete report accessible after Zotero-assisted and manual access attempts,Not retrieved,Not retrieved,Report not retrieved after documented access attempts; eligibility remains unknown and no findings are inferred.,Approve,Author approved all simplified full-text decisions on 2026-08-24.,2026-08-24,Not retrieved — inaccessible after documented attempts,Author approved retrieval outcome — 2026-08-24,"Primary candidate — direct fire-specific operational, plume, source/perimeter, exposure/action, or decision-interface evidence; full text required",No substantive claim because the complete report was unavailable.,Retrieval-only audit; no report-level coding or findings inferred,Not applicable — report unavailable
R07251,Modeling Wildfire Smoke Pollution by Integrating Land Use Regression and Remote Sensing Data: Regional Multi-Temporal Estimates for Public Health and Exposure Models,M. Mirzaei; S. Bertazzon; I. Couloigner,2018,Atmosphere,10.3390/atmos9090335,https://doi.org/10.3390/atmos9090335,Include for full text,Exposure / health-risk estimation; Forecasting / simulation; Concentration mapping / monitoring,Retrieved,Public full-text candidate located,Retrieved,Include,"Retain as Direct fire-specific evidence. The full report evaluates fire-specific smoke, aerosol, pollutant, plume, or concentration observation/estimation.",Approve,Author approved title/decision/rationale review.,2026-08-23,Include,Author verified — approved 23 Aug 2026,Direct fire-specific evidence,"Supports the reported sensing or measurement task only; operational readiness depends on setting, validation, and deployment maturity.","Full report was previously assessed, but report text is unavailable in the current archive; detailed charting remains incomplete",Eligibility author-approved; detailed coding not independently author-verified; see data/coding_completeness.csv
R07272,Modelling dispersion of smoke from wildfires in a Mediterranean area,R. Cesari; M. D; N. Isidoro; A. Maurizi; M. Mircea; F. Monti; C. Pizzigalli; F. Tampieri,2014,International Journal of Environment and Pollution,10.1504/ijep.2014.065927,https://doi.org/10.1504/ijep.2014.065927,Include for full text,Forecasting / simulation,Not retrieved — inaccessible after documented attempts,No complete report accessible after Zotero-assisted and manual access attempts,Not retrieved,Not retrieved,Report not retrieved after documented access attempts; eligibility remains unknown and no findings are inferred.,Approve,Author approved all simplified full-text decisions on 2026-08-24.,2026-08-24,Not retrieved — inaccessible after documented attempts,Author approved retrieval outcome — 2026-08-24,Eligible full-text candidate; evidence not used because the complete report was unavailable,No substantive claim because the complete report was unavailable.,Retrieval-only audit; no report-level coding or findings inferred,Not applicable — report unavailable
R07278,Modelling Hazardous Reduction Burnings and Bushfire Emission in Air Quality Model and Their Impacts on Health in the Greater Metropolitan Region of Sydney,H. Nguyen; Toan Trieu; M. Cope; M. Azzi; G. Morgan,2020,Environmental Modelling and Assessment,10.1007/s10666-020-09705-x,https://doi.org/10.1007/s10666-020-09705-x,Include for full text,Exposure / health-risk estimation; Forecasting / simulation; Concentration mapping / monitoring; Emissions / source-term estimation,Retrieved,Complete report retrieved and assessed during documented recovery audit,Retrieved,Include,Retain as Direct fire-specific evidence. The verified complete report contributes eligible fire-specific evidence within the frozen review scope.,Approve,Author approved all simplified full-text decisions on 2026-08-24.,2026-08-24,Include,Author approved full-text eligibility — 2026-08-24,Direct fire-specific evidence,"Supports an evaluated concentration-to-health modelling chain for one Sydney event; it does not validate personalised, prospective or autonomous health-action decisions.",Retrieved full report assessed 2026-08-24; minimum coding prepared from the complete report and with no independent author verification of detailed fields claimed.,Eligibility author-approved; detailed coding not independently author-verified; see data/coding_completeness.csv
R07325,"Monitoring Air Pollution from Wildfires Using Ground Data, Satellite Products and Modeling: The Austral Summer 2016-2017 In Argentina",Garcia Ferreyra M.F.; Curci G.; Della Ceca L.; Otero L.; Ristori P.; Arganaraz J.P.; German A.; Lighezzolo A.; Scavuzzo C.M.,2019,International Geoscience and Remote Sensing Symposium (IGARSS),10.1109/igarss.2019.8898023,https://doi.org/10.1109/igarss.2019.8898023,Include for full text,Concentration monitoring; plume transport modelling; data-source integration,Retrieved — adequate report,Complete report validated and assessed,Retrieved — adequate report,Include,"Retain as Direct fire-specific retrospective observation/model case. Complete report assessed 22 Aug 2026; Combines ground monitors, satellite products and APIFLAME-WRF-CHIMERE for the 2016-2017 Patagonia fire-smoke episode.",Approve,Author approved title/decision/rationale review.,2026-08-23,Include,Author verified — approved 23 Aug 2026,Direct fire-specific retrospective observation/model case,"Supports complementary use of ground, satellite and model data for one event. It does not demonstrate quantitative forecast accuracy or an autonomous real-time system.","Complete report assessed 22 Aug 2026; Combines ground monitors, satellite products and APIFLAME-WRF-CHIMERE for the 2016-2017 Patagonia fire-smoke episode.",Eligibility author-approved; detailed coding not independently author-verified; see data/coding_completeness.csv
R07334,Monitoring biomass burning aerosol transport using CALIOP observations and reanalysis models: a Canadian wildfire event in 2019,Shang X.; Lipponen A.; Filioglou M.; Sundström A.-M.; Parrington M.; Buchard V.; Darmenov A.S.; Welton E.J.; Marinou E.; Amiridis V.; Sicard M.; Rodríguez-Gómez A.; Komppula M.; Mielonen T.,2024,Atmospheric Chemistry and Physics,10.5194/acp-24-1329-2024,https://doi.org/10.5194/acp-24-1329-2024,Include for full text,Forecasting / simulation; Concentration mapping / monitoring,Retrieved,Public full-text candidate located,Retrieved,Include,"Retain as Direct fire-specific evidence. The full report evaluates fire-specific smoke, aerosol, pollutant, plume, or concentration observation/estimation.",Approve,Author approved title/decision/rationale review.,2026-08-23,Include,Author verified — approved 23 Aug 2026,Direct fire-specific evidence,"Supports the reported sensing or measurement task only; operational readiness depends on setting, validation, and deployment maturity.","Full report was previously assessed, but report text is unavailable in the current archive; detailed charting remains incomplete",Eligibility author-approved; detailed coding not independently author-verified; see data/coding_completeness.csv
R07350,Monitoring of firefighters exposure to smoke during fire experiments and wildfires,V. Martins,2009,,,,Include for full text,Exposure / health-risk estimation; Concentration mapping / monitoring,Not retrieved — inaccessible after documented attempts,No complete report accessible after Zotero-assisted and manual access attempts,Not retrieved,Not retrieved,Report not retrieved after documented access attempts; eligibility remains unknown and no findings are inferred.,Approve,Author approved all simplified full-text decisions on 2026-08-24.,2026-08-24,Not retrieved — inaccessible after documented attempts,Author approved retrieval outcome — 2026-08-24,"Primary candidate — direct fire-specific operational, plume, source/perimeter, exposure/action, or decision-interface evidence; full text required",No substantive claim because the complete report was unavailable.,Retrieval-only audit; no report-level coding or findings inferred,Not applicable — report unavailable
R07371,Monitoring the Impacts of Wildfires on Forest Ecosystems and Public Health in the Exo-Urban Environment Using High-Resolution Satellite Aerosol Products from the Visible Infrared Imaging Radiometer Suite (VIIRS).,"Huff, Amy K; Kondragunta, Shobha; Zhang, Hai; Hoff, Raymond M",2015,Environmental health insights,10.4137/ehi.s19590,https://doi.org/10.4137/ehi.s19590,Include for full text,Exposure / health-risk estimation; Concentration mapping / monitoring,Retrieved,Public full-text candidate located,Retrieved,Include,"Retain as Direct fire-specific evidence. The full report evaluates fire-specific smoke, aerosol, pollutant, plume, or concentration observation/estimation.",Approve,Author approved title/decision/rationale review.,2026-08-23,Include,Author verified — approved 23 Aug 2026,Direct fire-specific evidence,"Supports the reported sensing or measurement task only; operational readiness depends on setting, validation, and deployment maturity.","Full report was previously assessed, but report text is unavailable in the current archive; detailed charting remains incomplete",Eligibility author-approved; detailed coding not independently author-verified; see data/coding_completeness.csv
R07372,"Monitoring the Location and Evolution of Wildfires and Smoke during Summer 2018 using High Resolution Observations from the GOES-16, SNPP, and NOAA-20 Satellites",A. Huff; S. Kondragunta; H. Zhang; W. F. Ryan,2018,,,,Include for full text,Concentration mapping / monitoring,Not retrieved — inaccessible after documented attempts,No complete report accessible after Zotero-assisted and manual access attempts,Not retrieved,Not retrieved,Report not retrieved after documented access attempts; eligibility remains unknown and no findings are inferred.,Approve,Author approved all simplified full-text decisions on 2026-08-24.,2026-08-24,Not retrieved — inaccessible after documented attempts,Author approved retrieval outcome — 2026-08-24,"Primary candidate — direct fire-specific operational, plume, source/perimeter, exposure/action, or decision-interface evidence; full text required",No substantive claim because the complete report was unavailable.,Retrieval-only audit; no report-level coding or findings inferred,Not applicable — report unavailable
R07402,Multi-Agency Ensemble Forecast of Wildfire Air Quality in the United States: Toward Community Consensus of Early Warning,Yunyao Li; Daniel Tong; P. Makkaroon; T. Delsole; Youhua Tang; P. Campbell; Barry Baker; M. Cohen; A. Darmenov; R. Ahmadov; Eric James; E. Hyer; P. Xian,2024,Bulletin of The American Meteorological Society - (BAMS),10.1175/bams-d-23-0208.1,https://doi.org/10.1175/bams-d-23-0208.1,Include for full text,Intervention / decision planning; Forecasting / simulation; Concentration mapping / monitoring; Detection,Retrieved,Public full-text candidate located,Retrieved,Include,"Retain as Direct fire-specific evidence. The full report evaluates fire-specific smoke, plume, air-quality, or exposure forecasting/simulation.",Approve,Author approved title/decision/rationale review.,2026-08-23,Include,Author verified — approved 23 Aug 2026,Direct fire-specific evidence,Supports the reported model or simulation task and validation setting; it does not establish universal superiority or real-time deployment.,"Full report was previously assessed, but report text is unavailable in the current archive; detailed charting remains incomplete",Eligibility author-approved; detailed coding not independently author-verified; see data/coding_completeness.csv
R07417,Multi-angle LIDAR for Remote Sensing Smoke Emissions from Wildfires,Meenakshi Y.; Bhavani Kumar Y.,2018,Springer Series in Geomechanics and Geoengineering,10.1007/978-3-319-77276-9_9,https://doi.org/10.1007/978-3-319-77276-9_9,Include for full text,Concentration mapping / monitoring; Emissions / source-term estimation,Not retrieved — inaccessible after documented attempts,No complete report accessible after Zotero-assisted and manual access attempts,Not retrieved,Not retrieved,Report not retrieved after documented access attempts; eligibility remains unknown and no findings are inferred.,Approve,Author approved all simplified full-text decisions on 2026-08-24.,2026-08-24,Not retrieved — inaccessible after documented attempts,Author approved retrieval outcome — 2026-08-24,"Primary candidate — direct fire-specific operational, plume, source/perimeter, exposure/action, or decision-interface evidence; full text required",No substantive claim because the complete report was unavailable.,Retrieval-only audit; no report-level coding or findings inferred,Not applicable — report unavailable
R07467,Multi-UAV Path Planning in a Spreading Wildfire,Rachit Aggarwal; Alexander A. Soderlund; Mrinal Kumar,2020,AIAA Scitech 2021 Forum,10.2514/6.2021-0866,https://doi.org/10.2514/6.2021-0866,Include for full text,Source localisation / boundary tracking,Not retrieved — inaccessible after documented attempts,No complete report accessible after Zotero-assisted and manual access attempts,Not retrieved,Not retrieved,Report not retrieved after documented access attempts; eligibility remains unknown and no findings are inferred.,Approve,Author approved all simplified full-text decisions on 2026-08-24.,2026-08-24,Not retrieved — inaccessible after documented attempts,Author approved retrieval outcome — 2026-08-24,"Primary candidate — direct fire-specific operational, plume, source/perimeter, exposure/action, or decision-interface evidence; full text required",No substantive claim because the complete report was unavailable.,Retrieval-only audit; no report-level coding or findings inferred,Not applicable — report unavailable
R07468,Multi-UAV planning for cooperative wildfire coverage and tracking with quality-of-service guarantees,Esmaeil Seraj; Andrew Silva; M. Gombolay,2022,Autonomous Agents and Multi-Agent Systems,10.1007/s10458-022-09566-6,https://doi.org/10.1007/s10458-022-09566-6,Include for full text,Source localisation / boundary tracking,Retrieved,Public full-text candidate located,Retrieved,Include,"Retain as Conditional fire-source/perimeter input. The report supplies a fire-specific source, perimeter, spread, coverage, or routing input that can materially support plume monitoring or incident decisions.",Approve,Author approved title/decision/rationale review.,2026-08-23,Include,Author verified — approved 23 Aug 2026,Conditional fire-source/perimeter input,"Supplies a possible source, perimeter, rate-of-spread, or routing input; it is not direct evidence of pollutant concentration mapping or health protection.",Existing charting retained; current full-report archive incomplete; no independent author verification of detailed fields claimed,Eligibility author-approved; detailed coding not independently author-verified; see data/coding_completeness.csv
R07469,Multi-UAV Wildfire Perimeter Monitoring System,Constantinos Heracleous; P. Kolios; C. Panayiotou,2023,"Proceedings - 2023 IEEE 8th International Conference on Information and Communication Technologies for Disaster Management, ICT-DM 2023",10.1109/ict-dm58371.2023.10286938,https://doi.org/10.1109/ict-dm58371.2023.10286938,Include for full text,Concentration mapping / monitoring; Source localisation / boundary tracking,Retrieved,Complete report retrieved and assessed during documented recovery audit,Retrieved,Include,Retain as Conditional fire-source/perimeter input. The verified complete report contributes eligible fire-specific evidence within the frozen review scope.,Approve,Author approved all simplified full-text decisions on 2026-08-24.,2026-08-24,Include,Author approved full-text eligibility — 2026-08-24,Conditional fire-source/perimeter input,"Supports a simulated multi-UAV method for monitoring an evolving fire perimeter, which may provide source-state input; it does not validate smoke concentration sensing, health inference or field deployment.",Retrieved full report assessed 2026-08-24; minimum coding prepared from the complete report and with no independent author verification of detailed fields claimed.,Eligibility author-approved; detailed coding not independently author-verified; see data/coding_completeness.csv
R07485,"Multifidelity prediction in wildfire spread simulation: Modeling, uncertainty quantification and sensitivity analysis",M. M. Valero; L. Jofre; Ricardo Torres,2021,Environmental Modelling and Software,10.1016/j.envsoft.2021.105050,https://doi.org/10.1016/j.envsoft.2021.105050,Uncertain,Forecasting / simulation,Retrieved; report identity and minimum detail validated,Adequate matching report retrieved and validated,Retrieved,Include,"Direct fire-spread uncertainty quantification and sensitivity analysis. Amendment 015 explicitly retains uncertainty evidence, and this is materially analogous to the approved source-state uncertainty role of R19279.",Approve,Direct wildfire-spread uncertainty quantification relevant to the source-state/decision interface.,2026-08-23,Include,Author verified — approved 23 Aug 2026,Fire-specific task-interface evidence,"Supports fire-spread/source-state uncertainty and sensitivity analysis only; it does not establish smoke-concentration, exposure, health-risk or end-to-end system performance.",,Eligibility author-approved; detailed coding not independently author-verified; see data/coding_completeness.csv
R07506,Multiscale Spatial and Temporal Modelling of Fine Particulate Matter (PM2.5) from Wildfire Smoke Using Remote Sensing and Statistical Methods,M. Mirzaei,2020,,10.11575/prism/37730,https://doi.org/10.11575/prism/37730,Include for full text,Forecasting / simulation; Concentration mapping / monitoring,Retrieved,Complete report retrieved and assessed during documented recovery audit,Retrieved,Include,Retain as Direct fire-specific evidence. The verified complete report contributes eligible fire-specific evidence within the frozen review scope.,Approve,Author approved all simplified full-text decisions on 2026-08-24.,2026-08-24,Include,Author approved full-text eligibility — 2026-08-24,Direct fire-specific evidence,Supports retrospective remote-sensing/statistical modelling of wildfire-smoke PM2.5 at the evaluated scales; it is not evidence of an incident-time autonomous response system.,Retrieved full report assessed 2026-08-24; minimum coding prepared from the complete report and with no independent author verification of detailed fields claimed.,Eligibility author-approved; detailed coding not independently author-verified; see data/coding_completeness.csv
R07520,Multiyear wildfire smoke exposure (MultiWiSE) metrics: a data-driven approach to characterizing episodic PM2.5 exposures for epidemiologic research.,"Cleland, Stephanie E; Hamilton, Olivia Pearl Xi-Qiong; Brauer, Michael; Henderson, Sarah B",2026,Journal of Exposure Science and Environmental Epidemiology,10.1038/s41370-026-00876-5,https://doi.org/10.1038/s41370-026-00876-5,Include for full text,Exposure / health-risk estimation; Concentration mapping / monitoring,Retrieved,Public full-text candidate located,Retrieved,Include,Retain as Direct fire-specific evidence. The full report contains an eligible fire-specific observation-to-action contribution.,Approve,Author approved title/decision/rationale review.,2026-08-23,Include,Author verified — approved 23 Aug 2026,Direct fire-specific evidence,Supports an operationally relevant fire-specific task; detailed task and maturity coding has completeness reported in the field-level audit.,"Full report was previously assessed, but report text is unavailable in the current archive; detailed charting remains incomplete",Eligibility author-approved; detailed coding not independently author-verified; see data/coding_completeness.csv
R07523,N95 Respirators for Cardiovascular Protection During Wildfire Smoke Events.,"Brook, Robert D; Rajagopalan, Sanjay; Al-Kindi, Sadeer",2024,Journal of the American Heart Association,10.1161/jaha.123.032422,https://doi.org/10.1161/jaha.123.032422,Include for full text,Exposure / health-risk estimation; Intervention / decision planning,Retrieved,Public full-text candidate located,Retrieved,Include,"Retain as Direct fire-specific evidence. The report evaluates a fire-smoke intervention, warning, communication, protection, or decision-support contribution.",Approve,Author approved title/decision/rationale review.,2026-08-23,Include,Author verified — approved 23 Aug 2026,Direct fire-specific evidence,"Supports the evaluated intervention, communication, or decision setting only; transfer to emergency operations requires workflow validation.","Full report was previously assessed, but report text is unavailable in the current archive; detailed charting remains incomplete",Eligibility author-approved; detailed coding not independently author-verified; see data/coding_completeness.csv
R07585,"Network of low-cost air quality sensors for monitoring indoor, outdoor, and personal PM2.5 exposure in Seattle during the 2020 wildfire season",Jiayang He; Ching-Hsuan Huang; Nanhsun Yuan; E. Austin; E. Seto; I. Novosselov,2022,Atmospheric Environment,10.1016/j.atmosenv.2022.119244,https://doi.org/10.1016/j.atmosenv.2022.119244,Include for full text,Exposure / health-risk estimation; Concentration mapping / monitoring,Retrieved,Public full-text candidate located,Retrieved,Include,"Retain as Direct fire-specific evidence. The full report evaluates fire-specific smoke, aerosol, pollutant, plume, or concentration observation/estimation.",Approve,Author approved title/decision/rationale review.,2026-08-23,Include,Author verified — approved 23 Aug 2026,Direct fire-specific evidence,"Supports the reported sensing or measurement task only; operational readiness depends on setting, validation, and deployment maturity.","Full report was previously assessed, but report text is unavailable in the current archive; detailed charting remains incomplete",Eligibility author-approved; detailed coding not independently author-verified; see data/coding_completeness.csv
R07610,New products for a better characterisation of smoke plume and gas/aerosol dispersion from boreal eurasian forest fires: the ALANIS Smoke Plume project,J. Muller; V. Yershov; D. Fisher; M. Krol; W. Peters; J. San-Miguel; I. Palumbo; F. Sedano; P. Strobl; C. Clerbaux; M. George; J. Helbert; B. Guillaume,2011,Biogeosciences Discussions,10.5194/bgd-8-9747-2011,https://doi.org/10.5194/bgd-8-9747-2011,Include for full text,Forecasting / simulation; Concentration mapping / monitoring,Retrieved; report identity and minimum detail validated,Adequate matching report retrieved and validated,Retrieved,Include,"Retain as Direct fire-specific evidence. The full report evaluates fire-specific ambient pollution, smoke/plume behaviour, monitoring, forecasting, exposure, intervention, or a directly related evidence synthesis.",Approve,Author approved title/decision/rationale review.,2026-08-23,Include,Author verified — approved 23 Aug 2026,Direct fire-specific evidence,"Supports only the fire-specific task and evaluation setting described in the report; it does not by itself establish operational readiness, universal superiority, or cross-incident generalisation.",AI-assisted extraction from validated full-report text; existing nonblank charting preserved; no independent author verification of detailed fields claimed,Eligibility author-approved; detailed coding not independently author-verified; see data/coding_completeness.csv
R07686,Numerical Investigation on Flow Characteristics of Forest Fire Smoke under 3D Atmospheric Dispersion Modeling,B. Riyandwita; M. Bae; Kichang Im,2008,,,,Include for full text,Forecasting / simulation; Concentration mapping / monitoring,Not retrieved — inaccessible after documented attempts,No complete report accessible after Zotero-assisted and manual access attempts,Not retrieved,Not retrieved,Report not retrieved after documented access attempts; eligibility remains unknown and no findings are inferred.,Approve,Author approved all simplified full-text decisions on 2026-08-24.,2026-08-24,Not retrieved — inaccessible after documented attempts,Author approved retrieval outcome — 2026-08-24,"Primary candidate — direct fire-specific operational, plume, source/perimeter, exposure/action, or decision-interface evidence; full text required",No substantive claim because the complete report was unavailable.,Retrieval-only audit; no report-level coding or findings inferred,Not applicable — report unavailable
R07697,Numerical Simulation of Forest Fires and Possibilities to Estimate Aerosol Emission: Recent Advances,N. Baranovskiy; V. A. Vyatkina; A. M. Chernyshov,2024,Fire safety journal,10.1016/j.firesaf.2024.104250,https://doi.org/10.1016/j.firesaf.2024.104250,Include for full text,Forecasting / simulation; Concentration mapping / monitoring; Emissions / source-term estimation,Retrieved,Complete report retrieved and assessed during documented recovery audit,Retrieved,Include,Retain as Fire-specific evidence synthesis. The verified complete report contributes eligible fire-specific evidence within the frozen review scope.,Approve,Author approved all simplified full-text decisions on 2026-08-24.,2026-08-24,Include,Author approved full-text eligibility — 2026-08-24,Fire-specific evidence synthesis,Supports a taxonomy of modelling approaches and identifies limitations in aerosol-emission estimation; it is not a common-benchmark comparison and does not establish general model superiority.,Retrieved full report assessed 2026-08-24; minimum coding prepared from the complete report and with no independent author verification of detailed fields claimed.,Eligibility author-approved; detailed coding not independently author-verified; see data/coding_completeness.csv
R07703,Numerical Simulation of Wildfire Smoke and Estimation of the Resident Health Impact: A Case Study of 2022 Uljin-Samcheok Wildfire,Nam Gyun Kim; Man-Il Kim,2022,Crisis and Emergency Management: Theory and Praxis,10.14251/crisisonomy.2022.18.8.71,https://doi.org/10.14251/crisisonomy.2022.18.8.71,Include for full text,Exposure / health-risk estimation; Forecasting / simulation,Not retrieved — inaccessible after documented attempts,No complete report accessible after Zotero-assisted and manual access attempts,Not retrieved,Not retrieved,Report not retrieved after documented access attempts; eligibility remains unknown and no findings are inferred.,Approve,Author approved all simplified full-text decisions on 2026-08-24.,2026-08-24,Not retrieved — inaccessible after documented attempts,Author approved retrieval outcome — 2026-08-24,"Primary candidate — direct fire-specific operational, plume, source/perimeter, exposure/action, or decision-interface evidence; full text required",No substantive claim because the complete report was unavailable.,Retrieval-only audit; no report-level coding or findings inferred,Not applicable — report unavailable
R07725,Observational Constraints on the Aerosol Optical Depth-Surface PM2.5 Relationship during Alaskan Wildfire Seasons.,"Zhao, Tianlang; Mao, Jingqiu; Gupta, Pawan; Zhang, Huanxin; Wang, Jun",2024,ACS ES&T air,10.1021/acsestair.4c00120,https://doi.org/10.1021/acsestair.4c00120,Include for full text,Concentration mapping / monitoring,Retrieved,Public full-text candidate located,Retrieved,Include,"Retain as Direct fire-specific evidence. The full report evaluates fire-specific smoke, aerosol, pollutant, plume, or concentration observation/estimation.",Approve,Author approved title/decision/rationale review.,2026-08-23,Include,Author verified — approved 23 Aug 2026,Direct fire-specific evidence,"Supports the reported sensing or measurement task only; operational readiness depends on setting, validation, and deployment maturity.","Full report was previously assessed, but report text is unavailable in the current archive; detailed charting remains incomplete",Eligibility author-approved; detailed coding not independently author-verified; see data/coding_completeness.csv
R07782,OLS and GWR LUR models of wildfire smoke using remote sensing and spatiotemporal data in Alberta,Mirzaei M.; Bertazzon S.; Couloigner I.,2019,CEUR Workshop Proceedings,,,Include for full text,Forecasting / simulation; Concentration mapping / monitoring,Retrieved,Complete report retrieved and assessed during documented recovery audit,Retrieved,Include,Retain as Direct fire-specific evidence. The verified complete report contributes eligible fire-specific evidence within the frozen review scope.,Approve,Author approved all simplified full-text decisions on 2026-08-24.,2026-08-24,Include,Author approved full-text eligibility — 2026-08-24,Direct fire-specific evidence,Supports GWR/OLS smoke-PM2.5 mapping for the evaluated Alberta episode; the within-study advantage of GWR does not establish universal superiority or operational performance.,Retrieved full report assessed 2026-08-24; minimum coding prepared from the complete report and with no independent author verification of detailed fields claimed.,Eligibility author-approved; detailed coding not independently author-verified; see data/coding_completeness.csv
R07837,Operational Evaluation of a Wildfire Air Quality Model from a Forecaster Point of View,B. Ainslie; Rita So; Jack Chen,2022,Weather and forecasting,10.1175/waf-d-21-0064.1,https://doi.org/10.1175/waf-d-21-0064.1,Include for full text,Intervention / decision planning; Forecasting / simulation; Concentration mapping / monitoring,Retrieved,Public full-text candidate located,Retrieved,Include,"Retain as Direct fire-specific evidence. The full report evaluates fire-specific smoke, plume, air-quality, or exposure forecasting/simulation.",Approve,Author approved title/decision/rationale review.,2026-08-23,Include,Author verified — approved 23 Aug 2026,Direct fire-specific evidence,Supports the reported model or simulation task and validation setting; it does not establish universal superiority or real-time deployment.,Existing charting retained; current full-report archive incomplete; no independent author verification of detailed fields claimed,Eligibility author-approved; detailed coding not independently author-verified; see data/coding_completeness.csv
R07838,Operational experience of continuous air monitoring of smoke for ²³⁹Pu during a wildfire.,"Whicker, Jeffrey J; Baltz, David; Eisele, William F; Hart, Orval F; McNaughton, Michael W; Green, Andrew A",2012,Health physics,10.1097/hp.0b013e318259f286,https://doi.org/10.1097/hp.0b013e318259f286,Include for full text,Concentration mapping / monitoring,Retrieved,Complete report retrieved and assessed during documented recovery audit,Retrieved,Include,Retain as Direct fire-specific evidence. The verified complete report contributes eligible fire-specific evidence within the frozen review scope.,Approve,Author approved all simplified full-text decisions on 2026-08-24.,2026-08-24,Include,Author approved full-text eligibility — 2026-08-24,Direct fire-specific evidence,Supports the reported resilience and filter-loading limitation of the evaluated continuous monitors during one heavy-smoke episode; it does not generalise to all sensor types or pollutants.,Retrieved full report assessed 2026-08-24; minimum coding prepared from the complete report and with no independent author verification of detailed fields claimed.,Eligibility author-approved; detailed coding not independently author-verified; see data/coding_completeness.csv
R07841,Operational Performance of High-Resolution Rapid Refresh (HRRR) Smoke Forecasting During the Canadian Wildfires of Summer 2023,Parker Coye; Adam H. Willitsford; Nathaniel Winstead,2026,Weather and forecasting,10.1175/waf-d-25-0211.1,https://doi.org/10.1175/waf-d-25-0211.1,Include for full text,Forecasting / simulation; concentration mapping / monitoring,Retrieved and assessed,Author supplied; complete report validated,Retrieved and assessed,Include,Retain as Direct fire-specific operational forecast-evaluation evidence. Evaluates operational HRRR-Smoke forecasts against surface and column observations during the 2023 Canadian wildfire-smoke period.,Approve,Author approved title/decision/rationale review.,2026-08-23,Include,Author verified — approved 23 Aug 2026,Direct fire-specific operational forecast-evaluation evidence,"Supports operational performance estimates and identified failure modes for summer 2023, not consistent accuracy across seasons, smoke heights, or all aerosol sources.","Complete 12-page report supplied by author; identity, opening/closing pages, references, extractability and completeness validated; SHA256 66ede71079e4b0bab8188603cece8fd5f467f88e4ab2bce696180559d6d720e2",Eligibility author-approved; detailed coding not independently author-verified; see data/coding_completeness.csv
R08018,Path Planning of Multiple UAVs for the Early Detection of Wildfires in the National Park of Kotychi and Strofylia Wetlands,Georgia Kritikou; P. Xofis; K. Souflas; V. Moulianitis,2024,Fire,10.3390/fire7120444,https://doi.org/10.3390/fire7120444,Include for full text,Source localisation / boundary tracking; Detection,Retrieved,Public full-text candidate located,Retrieved,Exclude,"Pre-ignition/high-risk-area UAV patrol planning for early fire scanning; no evaluated active-fire source/perimeter, plume, concentration, or response output.",Approve,Pre-ignition UAV patrol/early-detection planning; no active source/perimeter/plume output satisfying the frozen primary-corpus rule.,2026-08-23,Exclude,Author verified — approved 23 Aug 2026,Not included,,"Full report was previously assessed, but report text is unavailable in the current archive; detailed charting remains incomplete",Not applicable — excluded report
R08029,PDAM-STPNNet: A Small Target Detection Approach for Wildland Fire Smoke through Remote Sensing Images,Jialei Zhan; Yaowen Hu; Weiwei Cai; Guoxiong Zhou; Liujun Li,2021,Symmetry,10.3390/sym13122260,https://doi.org/10.3390/sym13122260,Include for full text,Concentration mapping / monitoring; Detection,Retrieved,Public full-text candidate located,Retrieved,Exclude,"Flame/smoke visual detection only. Evaluates small smoke-target detection in UAV imagery without concentration, plume mapping, source estimation, or pollution-response output.",Approve,Author approved title/decision/rationale review.,2026-08-23,Exclude,Author verified — approved 23 Aug 2026,Not included,,,Not applicable — excluded report
R08067,Performance of Vehicle Add-on Mobile Monitoring System PM2.5 measurements during wildland fire episodes.,"Bittner, Ashley S; Holder, Amara L; Grieshop, Andrew P; Hagler, Gayle S W; Mitchell, William",2024,Environmental science: atmospheres,10.1039/d3ea00170a,https://doi.org/10.1039/d3ea00170a,Include for full text,Concentration mapping / monitoring,Retrieved,Public full-text candidate located,Retrieved,Include,"Retain as Direct fire-specific evidence. The full report evaluates fire-specific smoke, aerosol, pollutant, plume, or concentration observation/estimation.",Approve,Author approved title/decision/rationale review.,2026-08-23,Include,Author verified — approved 23 Aug 2026,Direct fire-specific evidence,"Supports the reported sensing or measurement task only; operational readiness depends on setting, validation, and deployment maturity.","Full report was previously assessed, but report text is unavailable in the current archive; detailed charting remains incomplete",Eligibility author-approved; detailed coding not independently author-verified; see data/coding_completeness.csv
R08079,Personal Exposure Monitoring During Wildfire Smoke Events,Lilian Liu,2023,ISEE Conference Abstracts,10.1289/isee.2023.op-299,https://doi.org/10.1289/isee.2023.op-299,Include for full text,Exposure / health-risk estimation; Concentration mapping / monitoring,Not retrieved — inaccessible after documented attempts,No complete report accessible after Zotero-assisted and manual access attempts,Not retrieved,Not retrieved,Report not retrieved after documented access attempts; eligibility remains unknown and no findings are inferred.,Approve,Author approved all simplified full-text decisions on 2026-08-24.,2026-08-24,Not retrieved — inaccessible after documented attempts,Author approved retrieval outcome — 2026-08-24,"Primary candidate — direct fire-specific operational, plume, source/perimeter, exposure/action, or decision-interface evidence; full text required",No substantive claim because the complete report was unavailable.,Retrieval-only audit; no report-level coding or findings inferred,Not applicable — report unavailable
R08145,"PM
 2.5
 assimilation within JEDI for NOAA's regional Air Quality Model (AQMv7): application to the September 2020 Western US wildfires",Hongli Wang; Cory R. Martin; J. Barré; Ruifang Li; S. Weygandt; Jianping Huang; Youhua Tang; Hyundeok Choi; Andrew Tangborn; Kai Wang; Haixia Liu; Jeffrey Lee,2026,Geoscientific Model Development,10.5194/gmd-19-2479-2026,https://doi.org/10.5194/gmd-19-2479-2026,Include for full text,Forecasting / simulation; Concentration mapping / monitoring,Retrieved,Public full-text candidate located,Retrieved,Include,"Retain as Direct fire-specific evidence. The full report evaluates fire-specific smoke, plume, air-quality, or exposure forecasting/simulation.",Approve,Author approved title/decision/rationale review.,2026-08-23,Include,Author verified — approved 23 Aug 2026,Direct fire-specific evidence,Supports the reported model or simulation task and validation setting; it does not establish universal superiority or real-time deployment.,"Full report was previously assessed, but report text is unavailable in the current archive; detailed charting remains incomplete",Eligibility author-approved; detailed coding not independently author-verified; see data/coding_completeness.csv
R08147,"PM2. 5 air pollution prediction through deep learning using multisource meteorological, wildfire, and heat data",Pratyush Muthukumar; Kabir Nagrecha; Dawn Comer; Chisato Fukuda Calvert; Navid Amini; Jeanne Holm; M. Pourhomayoun,2022,Atmosphere,10.3390/atmos13050822,https://doi.org/10.3390/atmos13050822,Include for full text,Forecasting / simulation; Concentration mapping / monitoring,Retrieved,Public full-text candidate located,Retrieved,Include,"Retain as Direct fire-specific evidence. The full report evaluates fire-specific smoke, plume, air-quality, or exposure forecasting/simulation.",Approve,Author approved title/decision/rationale review.,2026-08-23,Include,Author verified — approved 23 Aug 2026,Direct fire-specific evidence,Supports the reported model or simulation task and validation setting; it does not establish universal superiority or real-time deployment.,Existing charting retained; current full-report archive incomplete; no independent author verification of detailed fields claimed,Eligibility author-approved; detailed coding not independently author-verified; see data/coding_completeness.csv
R08158,PM2.5 Speciation of Beta Attenuation Monitor Filters During Wildfire Smoke Events,Kelly Chen; Zhong-Min Wang; Jeff Wagner; Kazukiyo Kumagai,2025,Atmosphere,10.3390/atmos16040361,https://doi.org/10.3390/atmos16040361,Include for full text,Concentration mapping / monitoring,Retrieved,Public full-text candidate located,Retrieved,Include,"Retain as Direct fire-specific evidence. The full report evaluates fire-specific smoke, aerosol, pollutant, plume, or concentration observation/estimation.",Approve,Author approved title/decision/rationale review.,2026-08-23,Include,Author verified — approved 23 Aug 2026,Direct fire-specific evidence,"Supports the reported sensing or measurement task only; operational readiness depends on setting, validation, and deployment maturity.","Full report was previously assessed, but report text is unavailable in the current archive; detailed charting remains incomplete",Eligibility author-approved; detailed coding not independently author-verified; see data/coding_completeness.csv
R08165,Policy Interventions for Managing the Risk of Wildfire Smoke for Vulnerable Populations,B. Clark; N. Ngo,2019,,,,Include for full text,Governance / policy; Exposure / health-risk estimation; Intervention / decision planning,Not retrieved — inaccessible after documented attempts,No complete report accessible after Zotero-assisted and manual access attempts,Not retrieved,Not retrieved,Report not retrieved after documented access attempts; eligibility remains unknown and no findings are inferred.,Approve,Author approved all simplified full-text decisions on 2026-08-24.,2026-08-24,Not retrieved — inaccessible after documented attempts,Author approved retrieval outcome — 2026-08-24,"Primary candidate — direct fire-specific operational, plume, source/perimeter, exposure/action, or decision-interface evidence; full text required",No substantive claim because the complete report was unavailable.,Retrieval-only audit; no report-level coding or findings inferred,Not applicable — report unavailable
R08259,Practical considerations for using low-cost sensors to assess wildfire smoke exposure in school and childcare settings.,"Stampfer, Orly; Zuidema, Christopher; Allen, Ryan W; Fox, Julie; Sampson, Paul; Seto, Edmund; Karr, Catherine J",2025,Journal of Exposure Science and Environmental Epidemiology,10.1038/s41370-024-00677-8,https://doi.org/10.1038/s41370-024-00677-8,Include for full text,Exposure / health-risk estimation,Retrieved,Author-supplied full report retrieved,Retrieved,Include,Retain as Direct fire-specific evidence. The full report contains an eligible fire-specific observation-to-action contribution.,Approve,Author approved title/decision/rationale review.,2026-08-23,Include,Author verified — approved 23 Aug 2026,Direct fire-specific evidence,Supports an operationally relevant fire-specific task; detailed task and maturity coding has completeness reported in the field-level audit.,"Full report was previously assessed, but report text is unavailable in the current archive; detailed charting remains incomplete",Eligibility author-approved; detailed coding not independently author-verified; see data/coding_completeness.csv
R08285,Predicting hourly PM2.5 concentrations in wildfire-prone areas using a SpatioTemporal Transformer model.,"Yu, Manzhu; Masrur, Arif; Blaszczak-Boxe, Christopher",2023,The Science of the total environment,10.1016/j.scitotenv.2022.160446,https://doi.org/10.1016/j.scitotenv.2022.160446,Include for full text,Forecasting / simulation,Retrieved,Author-supplied report validated and assessed,Retrieved,Include,"Retain as Direct fire-specific evidence. Develops an interpretable spatiotemporal Transformer for hourly PM2.5 forecasting and evaluates it against multiple time-series baselines, including wildfire episodes.",Approve,Author approved title/decision/rationale review.,2026-08-23,Include,Author verified — approved 23 Aug 2026,Direct fire-specific evidence,"Supports retrospective Greater Los Angeles station-level forecasting, including 2020 wildfire spikes; it does not establish estimates between stations, cross-region generalization, or live public-warning performance.",Full report text extracted and AI-assisted detailed charting proposal; no independent author verification of detailed fields claimed,Eligibility author-approved; detailed coding not independently author-verified; see data/coding_completeness.csv
R08300,Predicting the minimum height of forest fire smoke within the atmosphere using machine learning and data from the CALIPSO satellite,Yao J.; Raffuse S.M.; Brauer M.; Williamson G.J.; Bowman D.M.J.S.; Johnston F.H.; Henderson S.B.,2018,Remote Sensing of Environment,10.1016/j.rse.2017.12.027,https://doi.org/10.1016/j.rse.2017.12.027,Include for full text,Plume vertical mapping; exposure-relevant forecasting,Retrieved and assessed,Author supplied; complete report validated,Retrieved and assessed,Include,Retain as Direct fire-specific remote-sensing and model-evaluation evidence. Develops and evaluates a random-forest model for minimum smoke-layer height from satellite smoke blocks and near-real-time fire/meteorological predictors.,Approve,Author approved title/decision/rationale review.,2026-08-23,Include,Author verified — approved 23 Aug 2026,Direct fire-specific remote-sensing and model-evaluation evidence,"Supports retrospective prediction of minimum smoke height within the British Columbia CALIPSO dataset, not universal near-surface exposure accuracy or operational generalisation.","Complete 9-page report supplied by author; identity, opening/closing pages, references, extractability and completeness validated; SHA256 8449162774a8fde3b0d96e3e7c2a495c88ad37cb13e3eeab1297ba9ce6ff9e24",Eligibility author-approved; detailed coding not independently author-verified; see data/coding_completeness.csv
R08311,"Prediction of air quality in Sydney, Australia as a function of forest fire load and weather using Bayesian statistics.","Storey, Michael Anthony; Price, Owen F",2022,PloS one,10.1371/journal.pone.0272774,https://doi.org/10.1371/journal.pone.0272774,Include for full text,Forecasting / simulation; Concentration mapping / monitoring,Retrieved,Public full-text candidate located,Retrieved,Include,"Retain as Direct fire-specific evidence. The full report evaluates fire-specific smoke, plume, air-quality, or exposure forecasting/simulation.",Approve,Author approved title/decision/rationale review.,2026-08-23,Include,Author verified — approved 23 Aug 2026,Direct fire-specific evidence,Supports the reported model or simulation task and validation setting; it does not establish universal superiority or real-time deployment.,"Full report was previously assessed, but report text is unavailable in the current archive; detailed charting remains incomplete",Eligibility author-approved; detailed coding not independently author-verified; see data/coding_completeness.csv
R08319,Prediction of the Level of Air Pollution During Wildfires Using Machine Learning Classification Methods,S. Khalid; R. Hassan,2020,International Journal on Perceptive and Cognitive Computing,10.31436/ijpcc.v6i2.167,https://doi.org/10.31436/ijpcc.v6i2.167,Include for full text,Forecasting / simulation; Concentration mapping / monitoring; Detection,Retrieved,Public full-text candidate located,Retrieved,Include,"Retain as Direct fire-specific evidence. The full report evaluates fire-specific smoke, plume, air-quality, or exposure forecasting/simulation.",Approve,Author approved title/decision/rationale review.,2026-08-23,Include,Author verified — approved 23 Aug 2026,Direct fire-specific evidence,Supports the reported model or simulation task and validation setting; it does not establish universal superiority or real-time deployment.,"Full report was previously assessed, but report text is unavailable in the current archive; detailed charting remains incomplete",Eligibility author-approved; detailed coding not independently author-verified; see data/coding_completeness.csv
R08381,Prescribed Burns as a Tool to Mitigate Future Wildfire Smoke Exposure: Lessons for States and Rural Environmental Justice Communities,M. Kelp; Matthew C. Carroll; Tianjia Liu; R. Yantosca; Heath E. Hockenberry; L. Mickley,2023,Earth's Future,10.1029/2022ef003468,https://doi.org/10.1029/2022ef003468,Include for full text,Governance / policy; Exposure / health-risk estimation; Intervention / decision planning,Retrieved; report identity and minimum detail validated,Adequate matching report retrieved and validated,Retrieved,Include,"Retain as Direct fire-specific evidence. The full report evaluates fire-specific ambient pollution, smoke/plume behaviour, monitoring, forecasting, exposure, intervention, or a directly related evidence synthesis.",Approve,Author approved title/decision/rationale review.,2026-08-23,Include,Author verified — approved 23 Aug 2026,Direct fire-specific evidence,"Supports only the fire-specific task and evaluation setting described in the report; it does not by itself establish operational readiness, universal superiority, or cross-incident generalisation.",AI-assisted extraction from validated full-report text; existing nonblank charting preserved; no independent author verification of detailed fields claimed,Eligibility author-approved; detailed coding not independently author-verified; see data/coding_completeness.csv
R08382,Prescribed Fire and Air Quality in the American South: A Review of Conflicting Interests and a Technique for Incorporating the Land Manager into Regional Air Quality Modeling,G. Achtemeier,2013,,10.1007/978-3-642-32530-4_8,https://doi.org/10.1007/978-3-642-32530-4_8,Include for full text,Evidence synthesis; Forecasting / simulation; Concentration mapping / monitoring,Not retrieved — inaccessible after documented attempts,No complete report accessible after Zotero-assisted and manual access attempts,Not retrieved,Not retrieved,Report not retrieved after documented access attempts; eligibility remains unknown and no findings are inferred.,Approve,Author approved all simplified full-text decisions on 2026-08-24.,2026-08-24,Not retrieved — inaccessible after documented attempts,Author approved retrieval outcome — 2026-08-24,Eligible full-text candidate; evidence not used because the complete report was unavailable,No substantive claim because the complete report was unavailable.,Retrieval-only audit; no report-level coding or findings inferred,Not applicable — report unavailable
R08414,Probabilistic Path Planning for UAVs in Forest Fire Monitoring: Enhancing Patrol Efficiency through Risk Assessment,Yuqin Wang; Fengsen Gao; Minghui Li,2024,Fire,10.3390/fire7070254,https://doi.org/10.3390/fire7070254,Include for full text,Concentration mapping / monitoring; Source localisation / boundary tracking,Retrieved,Public full-text candidate located,Retrieved,Exclude,Risk-probability-based pre-fire patrol route planning; this is pre-ignition monitoring/prevention without the required active incident interface.,Approve,Pre-fire risk-based patrol planning rather than an active incident source/perimeter/plume contribution.,2026-08-23,Exclude,Author verified — approved 23 Aug 2026,Not included,,"Full report was previously assessed, but report text is unavailable in the current archive; detailed charting remains incomplete",Not applicable — excluded report
R08541,PyroTrack: Belief-Based Deep Reinforcement Learning Path Planning for Aerial Wildfire Monitoring in Partially Observable Environments,Sahand Khoshdel; Qi Luo; Fatemeh Afghah,2024,American Control Conference,10.23919/acc60939.2024.10644894,https://doi.org/10.23919/acc60939.2024.10644894,Include for full text,Concentration mapping / monitoring; Source localisation / boundary tracking,Retrieved,Public full-text candidate located,Retrieved,Include,"Retain as Conditional fire-source/perimeter input. The report supplies a fire-specific source, perimeter, spread, coverage, or routing input that can materially support plume monitoring or incident decisions.",Approve,Author approved title/decision/rationale review.,2026-08-23,Include,Author verified — approved 23 Aug 2026,Conditional fire-source/perimeter input,"Supplies a possible source, perimeter, rate-of-spread, or routing input; it is not direct evidence of pollutant concentration mapping or health protection.",Existing charting retained; current full-report archive incomplete; no independent author verification of detailed fields claimed,Eligibility author-approved; detailed coding not independently author-verified; see data/coding_completeness.csv
R08604,"Quantifying the sensitivity of aerosol optical properties to the
parameterizations of physico-chemical processes during the 2010
Russian wildfires and heatwave",Laura Palacios-Peña; P. Stier; R. Lorente‐Plazas; P. Jiménez‐Guerrero,2020,Atmospheric Chemistry and Physics,10.5194/acp-20-9679-2020,https://doi.org/10.5194/acp-20-9679-2020,Include for full text,Concentration mapping / monitoring,Retrieved,Public full-text candidate located,Retrieved,Include,"Retain as Direct fire-specific evidence. The full report evaluates fire-specific smoke, aerosol, pollutant, plume, or concentration observation/estimation.",Approve,Author approved title/decision/rationale review.,2026-08-23,Include,Author verified — approved 23 Aug 2026,Direct fire-specific evidence,"Supports the reported sensing or measurement task only; operational readiness depends on setting, validation, and deployment maturity.","Full report was previously assessed, but report text is unavailable in the current archive; detailed charting remains incomplete",Eligibility author-approved; detailed coding not independently author-verified; see data/coding_completeness.csv
R08610,Quantifying Wildfire Emissions and Associated Aerosol Species Using Assimilation of Satellite Carbon Monoxide Retrievals,D. Edwards,2017,,,,Include for full text,Concentration mapping / monitoring; Emissions / source-term estimation,Not retrieved — inaccessible after documented attempts,No complete report accessible after Zotero-assisted and manual access attempts,Not retrieved,Not retrieved,Report not retrieved after documented access attempts; eligibility remains unknown and no findings are inferred.,Approve,Author approved all simplified full-text decisions on 2026-08-24.,2026-08-24,Not retrieved — inaccessible after documented attempts,Author approved retrieval outcome — 2026-08-24,"Primary candidate — direct fire-specific operational, plume, source/perimeter, exposure/action, or decision-interface evidence; full text required",No substantive claim because the complete report was unavailable.,Retrieval-only audit; no report-level coding or findings inferred,Not applicable — report unavailable
R08612,Quantifying wildfire impacts on atmospheric pollutants using fire exposure metrics and machine-deep learning approaches.,"Das, Khushal; Flesca, Sergio; Calidonna, Claudia Roberta",2026,Scientific reports,10.1038/s41598-026-51766-7,https://doi.org/10.1038/s41598-026-51766-7,Include for full text,Exposure / health-risk estimation,Retrieved,Public full-text candidate located,Retrieved,Include,"Retain as Direct fire-specific evidence. The report develops or evaluates an exposure, risk, vulnerability, health-impact, or public-health forecasting method relevant to fire smoke.",Approve,Author approved title/decision/rationale review.,2026-08-23,Include,Author verified — approved 23 Aug 2026,Direct fire-specific evidence,"Supports the reported exposure, risk, or public-health estimation task; it does not establish prospective clinical decision support unless evaluated.","Full report was previously assessed, but report text is unavailable in the current archive; detailed charting remains incomplete",Eligibility author-approved; detailed coding not independently author-verified; see data/coding_completeness.csv
R08663,Random Forest Spatial-Temporal and State Space Models to Assess the Impact of Bushfire-Induced Aerosol Events on Ozone Depletion in Australia,I. Hudson; Phillip Pedro-Suvorov; Servet Kocak,2024,Applied Sciences (Switzerland),10.3390/app14219825,https://doi.org/10.3390/app14219825,Include for full text,Exposure / health-risk estimation; Forecasting / simulation; Concentration mapping / monitoring,Retrieved,Public full-text candidate located,Retrieved,Include,"Retain as Direct fire-specific evidence. The report develops or evaluates an exposure, risk, vulnerability, health-impact, or public-health forecasting method relevant to fire smoke.",Approve,Author approved title/decision/rationale review.,2026-08-23,Include,Author verified — approved 23 Aug 2026,Direct fire-specific evidence,"Supports the reported exposure, risk, or public-health estimation task; it does not establish prospective clinical decision support unless evaluated.","Full report was previously assessed, but report text is unavailable in the current archive; detailed charting remains incomplete",Eligibility author-approved; detailed coding not independently author-verified; see data/coding_completeness.csv
R08680,Rapidly Mapping Exposure Research Following the 2025 LA County Wildfires: A Public Health Extreme Event Research (PHEER) Network Response.,"Cutler, Naomi; Errett, Nicole Ann; Eisenman, David; Horney, Jennifer A; Abramson, David",2026,Disaster medicine and public health preparedness,10.1017/dmp.2026.10309,https://doi.org/10.1017/dmp.2026.10309,Include for full text,Exposure / health-risk estimation; Concentration mapping / monitoring,Retrieved,Public full-text candidate located,Retrieved,Include,"Retain as Direct fire-specific evidence. The report develops or evaluates an exposure, risk, vulnerability, health-impact, or public-health forecasting method relevant to fire smoke.",Approve,Author approved title/decision/rationale review.,2026-08-23,Include,Author verified — approved 23 Aug 2026,Direct fire-specific evidence,"Supports the reported exposure, risk, or public-health estimation task; it does not establish prospective clinical decision support unless evaluated.","Full report was previously assessed, but report text is unavailable in the current archive; detailed charting remains incomplete",Eligibility author-approved; detailed coding not independently author-verified; see data/coding_completeness.csv
R08696,Real-time autonomous path planning for dynamic wildfire monitoring with uneven importance,Towhidul Islam; Xiaolin Hu,2024,Applied intelligence (Boston),10.1007/s10489-024-05579-8,https://doi.org/10.1007/s10489-024-05579-8,Include for full text,Concentration mapping / monitoring; Source localisation / boundary tracking,Not retrieved — inaccessible after documented attempts,No complete report accessible after Zotero-assisted and manual access attempts,Not retrieved,Not retrieved,Report not retrieved after documented access attempts; eligibility remains unknown and no findings are inferred.,Approve,Author approved all simplified full-text decisions on 2026-08-24.,2026-08-24,Not retrieved — inaccessible after documented attempts,Author approved retrieval outcome — 2026-08-24,"Primary candidate — direct fire-specific operational, plume, source/perimeter, exposure/action, or decision-interface evidence; full text required",No substantive claim because the complete report was unavailable.,Retrieval-only audit; no report-level coding or findings inferred,Not applicable — report unavailable
R08729,Real-time On-board Path Planning for UAS-based Wildfire Monitoring,S. M. Towhidul Islam; Xiaolin Hu,2021,International Conference on Unmanned Aircraft Systems,10.1109/icuas51884.2021.9476725,https://doi.org/10.1109/icuas51884.2021.9476725,Include for full text,Concentration mapping / monitoring; Source localisation / boundary tracking,Retrieved,Complete report retrieved and assessed during documented recovery audit,Retrieved,Include,Retain as Conditional fire-source/perimeter input. The verified complete report contributes eligible fire-specific evidence within the frozen review scope.,Approve,Author approved all simplified full-text decisions on 2026-08-24.,2026-08-24,Include,Author approved full-text eligibility — 2026-08-24,Conditional fire-source/perimeter input,Supports onboard path planning for simulated wildfire monitoring as a possible source-state input; it does not establish field-safe smoke-plume tracking or concentration measurement.,Retrieved full report assessed 2026-08-24; minimum coding prepared from the complete report and with no independent author verification of detailed fields claimed.,Eligibility author-approved; detailed coding not independently author-verified; see data/coding_completeness.csv
R08752,Real-Time Wildfire Smoke Prediction in the United States: The HRRR-Smoke Model,E. James,2018,,,,Include for full text,Forecasting / simulation,Not retrieved — inaccessible after documented attempts,No complete report accessible after Zotero-assisted and manual access attempts,Not retrieved,Not retrieved,Report not retrieved after documented access attempts; eligibility remains unknown and no findings are inferred.,Approve,Author approved all simplified full-text decisions on 2026-08-24.,2026-08-24,Not retrieved — inaccessible after documented attempts,Author approved retrieval outcome — 2026-08-24,"Primary candidate — direct fire-specific operational, plume, source/perimeter, exposure/action, or decision-interface evidence; full text required",No substantive claim because the complete report was unavailable.,Retrieval-only audit; no report-level coding or findings inferred,Not applicable — report unavailable
R08754,Realistic Large-Eddy Simulation Study of the Atmospheric Boundary Layer During the Mosquito Wildland Fire and Its Control of Smoke Plume Transport,Kiran Bhaganagar; Ralph A. Kahn; S. Bhimireddy,2026,Fire,10.3390/fire9020066,https://doi.org/10.3390/fire9020066,Include for full text,Forecasting / simulation; Source localisation / boundary tracking,Retrieved,Public full-text candidate located,Retrieved,Include,"Retain as Direct fire-specific evidence. The full report evaluates fire-specific smoke, plume, air-quality, or exposure forecasting/simulation.",Approve,Author approved title/decision/rationale review.,2026-08-23,Include,Author verified — approved 23 Aug 2026,Direct fire-specific evidence,Supports the reported model or simulation task and validation setting; it does not establish universal superiority or real-time deployment.,"Full report was previously assessed, but report text is unavailable in the current archive; detailed charting remains incomplete",Eligibility author-approved; detailed coding not independently author-verified; see data/coding_completeness.csv
R08829,Regional Aerosol Optical Depth Distribution Derived by CMAQ Model Simulation Under Siberian Forest Fire Emission,H. In; Y. Kim,2006,,,,Include for full text,Forecasting / simulation; Concentration mapping / monitoring; Emissions / source-term estimation,Not retrieved — inaccessible after documented attempts,No complete report accessible after Zotero-assisted and manual access attempts,Not retrieved,Not retrieved,Report not retrieved after documented access attempts; eligibility remains unknown and no findings are inferred.,Approve,Author approved all simplified full-text decisions on 2026-08-24.,2026-08-24,Not retrieved — inaccessible after documented attempts,Author approved retrieval outcome — 2026-08-24,"Primary candidate — direct fire-specific operational, plume, source/perimeter, exposure/action, or decision-interface evidence; full text required",No substantive claim because the complete report was unavailable.,Retrieval-only audit; no report-level coding or findings inferred,Not applicable — report unavailable
R08830,Regional Aerosol Optical Thickness Distribution Derived by CMAQ Model in the Siberian Forest Fire Emission Episode of May 2003,In H.-J.; Kim Y.P.; Lee K.-H.,2008,NATO Science for Peace and Security Series C: Environmental Security,10.1007/978-1-4020-8453-9_13,https://doi.org/10.1007/978-1-4020-8453-9_13,Include for full text,Forecasting / simulation; Concentration mapping / monitoring; Emissions / source-term estimation,Not retrieved — inaccessible after documented attempts,No complete report accessible after Zotero-assisted and manual access attempts,Not retrieved,Not retrieved,Report not retrieved after documented access attempts; eligibility remains unknown and no findings are inferred.,Approve,Author approved all simplified full-text decisions on 2026-08-24.,2026-08-24,Not retrieved — inaccessible after documented attempts,Author approved retrieval outcome — 2026-08-24,"Primary candidate — direct fire-specific operational, plume, source/perimeter, exposure/action, or decision-interface evidence; full text required",No substantive claim because the complete report was unavailable.,Retrieval-only audit; no report-level coding or findings inferred,Not applicable — report unavailable
R08899,Remote sensing and model analysis of biomass burning smoke transported across the Atlantic during the 2020 Western US wildfire season.,"Ceamanos, Xavier; Coopman, Quentin; George, Maya; Riedi, Jérôme; Parrington, Mark; Clerbaux, Cathy",2023,Scientific reports,10.1038/s41598-023-39312-1,https://doi.org/10.1038/s41598-023-39312-1,Include for full text,Forecasting / simulation; Concentration mapping / monitoring,Retrieved,Public full-text candidate located,Retrieved,Include,"Retain as Direct fire-specific evidence. The full report evaluates fire-specific smoke, aerosol, pollutant, plume, or concentration observation/estimation.",Approve,Author approved title/decision/rationale review.,2026-08-23,Include,Author verified — approved 23 Aug 2026,Direct fire-specific evidence,"Supports the reported sensing or measurement task only; operational readiness depends on setting, validation, and deployment maturity.","Full report was previously assessed, but report text is unavailable in the current archive; detailed charting remains incomplete",Eligibility author-approved; detailed coding not independently author-verified; see data/coding_completeness.csv
R08906,Remote sensing estimates of time-resolved HONO and NO2 emission rates and lifetimes in wildfires,Fredrickson C.D.; Janz S.J.; Lamsal L.N.; Jongebloed U.A.; Laughner J.L.; Thornton J.A.,2025,Atmospheric Measurement Techniques,10.5194/amt-18-3669-2025,https://doi.org/10.5194/amt-18-3669-2025,Include for full text,Concentration mapping / monitoring; Emissions / source-term estimation,Retrieved,Public full-text candidate located,Retrieved,Include,"Retain as Direct fire-specific evidence. The full report evaluates fire-specific smoke, aerosol, pollutant, plume, or concentration observation/estimation.",Approve,Author approved title/decision/rationale review.,2026-08-23,Include,Author verified — approved 23 Aug 2026,Direct fire-specific evidence,"Supports the reported sensing or measurement task only; operational readiness depends on setting, validation, and deployment maturity.","Full report was previously assessed, but report text is unavailable in the current archive; detailed charting remains incomplete",Eligibility author-approved; detailed coding not independently author-verified; see data/coding_completeness.csv
R08917,Remote sensing of air pollution due to forest fires and dust storm over Balochistan (Pakistan),S. Tariq; H. Nawaz; U. Mehmood; Z. Ul Haq; U. Pata; Muntasir Murshed,2023,Atmospheric pollution research,10.1016/j.apr.2023.101674,https://doi.org/10.1016/j.apr.2023.101674,Include for full text,Concentration mapping / monitoring,Retrieved,Complete report retrieved and assessed during documented recovery audit,Retrieved,Include,Retain as Direct fire-specific evidence. The verified complete report contributes eligible fire-specific evidence within the frozen review scope.,Approve,Author approved all simplified full-text decisions on 2026-08-24.,2026-08-24,Include,Author approved full-text eligibility — 2026-08-24,Direct fire-specific evidence,Supports satellite observation of regional aerosol and smoke-related patterns in the study area; mixed dust and smoke sources limit event-specific causal attribution and surface-concentration inference.,Retrieved full report assessed 2026-08-24; minimum coding prepared from the complete report and with no independent author verification of detailed fields claimed.,Eligibility author-approved; detailed coding not independently author-verified; see data/coding_completeness.csv
R08919,"Remote sensing of Canadian boreal forest fires: hotspots, burned area, and smoke plumes",Zhanqing Li; J. Cihlar; R. Fraser; A. Khananian,1999,IEEE 1999 International Geoscience and Remote Sensing Symposium. IGARSS'99 (Cat. No.99CH36293),10.1109/igarss.1999.775089,https://doi.org/10.1109/igarss.1999.775089,Include for full text,Concentration mapping / monitoring,Retrieved,Complete report retrieved and assessed during documented recovery audit,Retrieved,Include,Retain as Direct fire-specific evidence. The verified complete report contributes eligible fire-specific evidence within the frozen review scope.,Approve,Author approved all simplified full-text decisions on 2026-08-24.,2026-08-24,Include,Author approved full-text eligibility — 2026-08-24,Direct fire-specific evidence,Supports satellite detection and mapping of the reported fires and smoke plumes; it does not establish surface pollutant concentrations or incident-time autonomous response.,Retrieved full report assessed 2026-08-24; minimum coding prepared from the complete report and with no independent author verification of detailed fields claimed.,Eligibility author-approved; detailed coding not independently author-verified; see data/coding_completeness.csv
R08939,"Remote Sensing Technologies Quantify the Contribution of Ambient Air Pollution to Asthma Severity and Risk Factors in Greenness, Air Pollution, and Wildfire Ecological Settings: A Literature Review",John T. Braggio,2024,Atmosphere,10.3390/atmos15121470,https://doi.org/10.3390/atmos15121470,Include for full text,Evidence synthesis; Exposure / health-risk estimation; Concentration mapping / monitoring,Retrieved,Public full-text candidate located,Retrieved,Include,Retain as Fire-specific evidence synthesis. The report synthesizes fire-specific evidence relevant to at least one review question and will be used with synthesis-level claim boundaries.,Approve,Author approved title/decision/rationale review.,2026-08-23,Include,Author verified — approved 23 Aug 2026,Fire-specific evidence synthesis,Used for scope comparison or evidence synthesis; it cannot substitute for primary comparative or deployment evidence.,"Full report was previously assessed, but report text is unavailable in the current archive; detailed charting remains incomplete",Eligibility author-approved; detailed coding not independently author-verified; see data/coding_completeness.csv
R08972,Research of the Aerosol Optical and Microphysical Characteristics of the Atmosphere over the Black Sea Region by the FIRMS System during the Forest Fires in 2018–2019,Kalinskaya D.V.; Papkova A.S.; Kabanov D.M.,2020,Physical Oceanography,10.22449/0233-7584-2020-5-559-570,https://doi.org/10.22449/0233-7584-2020-5-559-570,Include for full text,Concentration mapping / monitoring,Retrieved; report identity and minimum detail validated,Adequate matching report retrieved and validated,Retrieved,Include,"Retain as Direct fire-specific evidence. Uses FIRMS, MODIS/VIIRS, CALIPSO, HYSPLIT, and ground observations to characterize fire-related aerosol variability and transport.",Approve,Author approved title/decision/rationale review.,2026-08-23,Include,Author verified — approved 23 Aug 2026,Direct fire-specific evidence,"Supports only the fire-specific task and evaluation setting described in the report; it does not by itself establish operational readiness, universal superiority, or cross-incident generalisation.",AI-assisted extraction from validated full-report text; existing nonblank charting preserved; no independent author verification of detailed fields claimed,Eligibility author-approved; detailed coding not independently author-verified; see data/coding_completeness.csv
R09002,Research on Remote Sensing Recognition of Forest Fire Smoke Based on Machine Learning,Kaihua Wang; Jun Pan; Lijun Jiang; Yehan Sun; Kaisi Wang; Yuwei Cao,2022,"2022 International Conference on Image Processing, Computer Vision and Machine Learning, ICICML 2022",10.1109/icicml57342.2022.10009679,https://doi.org/10.1109/icicml57342.2022.10009679,Include for full text,Concentration mapping / monitoring; Detection,Retrieved,Complete report retrieved and assessed during documented recovery audit,Retrieved,Include,Retain as Direct fire-specific evidence. The verified complete report contributes eligible fire-specific evidence within the frozen review scope.,Approve,Author approved all simplified full-text decisions on 2026-08-24.,2026-08-24,Include,Author approved full-text eligibility — 2026-08-24,Direct fire-specific evidence,"Supports offline smoke classification on the evaluated Sentinel-2 imagery; classifier results do not validate pollutant concentration, cross-region robustness or operational warning performance.",Retrieved full report assessed 2026-08-24; minimum coding prepared from the complete report and with no independent author verification of detailed fields claimed.,Eligibility author-approved; detailed coding not independently author-verified; see data/coding_completeness.csv
R09011,Research on the Comprehensive Forest Fire Monitoring System in Central Yunnan Based on Satellite Monitoring Hotspot Data and Smoke Collection Devices,Xiaojie Ma; Zhengrui Pu; Wenquan Chen; Na Li; Zhongliang Gao; Tengteng Long; Zhi Li,2026,Academic Journal of Science and Technology,10.54097/q5707919,https://doi.org/10.54097/q5707919,Include for full text,Concentration mapping / monitoring,Retrieved,Public full-text candidate located,Retrieved,Include,"Retain as Direct fire-specific evidence. The full report evaluates fire-specific smoke, aerosol, pollutant, plume, or concentration observation/estimation.",Approve,Author approved title/decision/rationale review.,2026-08-23,Include,Author verified — approved 23 Aug 2026,Direct fire-specific evidence,"Supports the reported sensing or measurement task only; operational readiness depends on setting, validation, and deployment maturity.","Full report was previously assessed, but report text is unavailable in the current archive; detailed charting remains incomplete",Eligibility author-approved; detailed coding not independently author-verified; see data/coding_completeness.csv
R09055,Respiratory health outcomes of children and adolescents exposed to wildfire smoke: a systematic review.,"Walters, Maysa K; Ward, Tony J",2026,International journal of environmental health research,10.1080/09603123.2025.2579084,https://doi.org/10.1080/09603123.2025.2579084,Include for full text,Evidence synthesis; Exposure / health-risk estimation,Retrieved,Public full-text candidate located,Retrieved,Include,Retain as Fire-specific evidence synthesis. The report synthesizes fire-specific evidence relevant to at least one review question and will be used with synthesis-level claim boundaries.,Approve,Author approved title/decision/rationale review.,2026-08-23,Include,Author verified — approved 23 Aug 2026,Fire-specific evidence synthesis,Used for scope comparison or evidence synthesis; it cannot substitute for primary comparative or deployment evidence.,"Full report was previously assessed, but report text is unavailable in the current archive; detailed charting remains incomplete",Eligibility author-approved; detailed coding not independently author-verified; see data/coding_completeness.csv
R09097,Indirect estimation of absorption properties for fine aerosol particles using AATSR observations: a case study of wildfires in Russia in 2010,E. Rodríguez; P. Kolmonen; T. Virtanen; L. Sogacheva; A. Sundström; G. Leeuw,2015,Atmospheric Measurement Techniques,10.5194/amt-8-3075-2015,https://doi.org/10.5194/amt-8-3075-2015,Include for full text,Concentration mapping / monitoring,Retrieved; report identity and minimum detail validated,Adequate matching report retrieved and validated,Retrieved,Include,Retain as Direct fire-specific evidence. The final peer-reviewed article was identified and replaces the superseded discussion version; it evaluates AATSR aerosol absorption retrievals for the 2010 Russian wildfires against AERONET and OMI.,Approve,Author approved title/decision/rationale review.,2026-08-23,Include,Author verified — approved 23 Aug 2026,Direct fire-specific evidence,"Supports only the fire-specific task and evaluation setting described in the report; it does not by itself establish operational readiness, universal superiority, or cross-incident generalisation.",AI-assisted extraction from validated full-report text; existing nonblank charting preserved; no independent author verification of detailed fields claimed,Eligibility author-approved; detailed coding not independently author-verified; see data/coding_completeness.csv
R09109,Retrieval of High Spatial Resolution Aerosol Optical Depth from Chinese gAofen Data for Australian bushfire,Yong Xue,2020,,10.5194/egusphere-egu2020-3986,https://doi.org/10.5194/egusphere-egu2020-3986,Include for full text,Concentration mapping / monitoring,Not retrieved — inaccessible after documented attempts,No complete report accessible after Zotero-assisted and manual access attempts,Not retrieved,Not retrieved,Report not retrieved after documented access attempts; eligibility remains unknown and no findings are inferred.,Approve,Author approved all simplified full-text decisions on 2026-08-24.,2026-08-24,Not retrieved — inaccessible after documented attempts,Author approved retrieval outcome — 2026-08-24,"Primary candidate — direct fire-specific operational, plume, source/perimeter, exposure/action, or decision-interface evidence; full text required",No substantive claim because the complete report was unavailable.,Retrieval-only audit; no report-level coding or findings inferred,Not applicable — report unavailable
R09135,Review of Konovalov et al. “Insights into the aging of biomass burning aerosol from satellite observations and 3D atmospheric modeling: Evolution of the aerosol optical properties in Siberian wildfire plumes”,Anonymous,2020,,10.5194/acp-2020-591-rc3,https://doi.org/10.5194/acp-2020-591-rc3,Include for full text,Evidence synthesis; Forecasting / simulation; Concentration mapping / monitoring,Retrieved,Public full-text candidate located,Retrieved,Exclude,Interactive referee comment—no independent evidence contribution. Referee report on the Konovalov et al. study; it is not an independent study or evidence synthesis.,Approve,Author approved title/decision/rationale review.,2026-08-23,Exclude,Author verified — approved 23 Aug 2026,Not included,,,Not applicable — excluded report
R09154,Review of Wildfire smoke-plume rise: a simple energy balance parameterization by Nadya Moisseeva and Roland Stull,,2020,,10.5194/acp-2020-827-rc2,https://doi.org/10.5194/acp-2020-827-rc2,Include for full text,Evidence synthesis; Forecasting / simulation,Retrieved,Public full-text candidate located,Retrieved,Exclude,Interactive referee comment—no independent evidence contribution. Referee report on the Moisseeva and Stull plume-rise paper; it is not an independent study or evidence synthesis.,Approve,Author approved title/decision/rationale review.,2026-08-23,Exclude,Author verified — approved 23 Aug 2026,Not included,,,Not applicable — excluded report
R09155,Review of Wildland Fire Smoke Dispersion Models and Suggestion for Korean Forest-Fire Smoke Impact Forecast System,Joowon Park; H. Youn; Byung-Do Lee; C. Woo; Young-beom Kim; Bok‐Soo Lee,2016,,10.9798/kosham.2016.16.6.197,https://doi.org/10.9798/kosham.2016.16.6.197,Include for full text,Evidence synthesis; Forecasting / simulation,Retrieved; report identity and minimum detail validated,Adequate matching report retrieved and validated,Retrieved,Include,Retain as Fire-specific evidence synthesis. The report synthesizes fire-specific evidence relevant to an observation-to-action review question.,Approve,Author approved title/decision/rationale review.,2026-08-23,Include,Author verified — approved 23 Aug 2026,Fire-specific evidence synthesis,Supports statements about the scope and reported findings of the reviewed literature; it is not independent deployment evidence and cannot establish algorithmic superiority.,AI-assisted extraction from validated full-report text; existing nonblank charting preserved; no independent author verification of detailed fields claimed,Eligibility author-approved; detailed coding not independently author-verified; see data/coding_completeness.csv
R09182,Risk-Aware Path Planning for Unmanned Aerial Systems in a Spreading Wildfire,Rachit Aggarwal; Alexander A. Soderlund; Mrinal Kumar; David J. Grymin,2022,Journal of Guidance Control and Dynamics,10.2514/1.g006365,https://doi.org/10.2514/1.g006365,Include for full text,Source localisation / boundary tracking,Not retrieved — inaccessible after documented attempts,No complete report accessible after Zotero-assisted and manual access attempts,Not retrieved,Not retrieved,Report not retrieved after documented access attempts; eligibility remains unknown and no findings are inferred.,Approve,Author approved all simplified full-text decisions on 2026-08-24.,2026-08-24,Not retrieved — inaccessible after documented attempts,Author approved retrieval outcome — 2026-08-24,"Primary candidate — direct fire-specific operational, plume, source/perimeter, exposure/action, or decision-interface evidence; full text required",No substantive claim because the complete report was unavailable.,Retrieval-only audit; no report-level coding or findings inferred,Not applicable — report unavailable
R09183,Risk Aware SUAS Path Planning in an Unstructured Wildfire Environment,Rachit Aggarwal; Alexander A. Soderlund; Mrinal Kumar; David J. Grymin,2020,American Control Conference,10.23919/acc45564.2020.9147696,https://doi.org/10.23919/acc45564.2020.9147696,Include for full text,Source localisation / boundary tracking,Retrieved,Complete report retrieved and assessed during documented recovery audit,Retrieved,Include,Retain as Conditional fire-source/perimeter input. The verified complete report contributes eligible fire-specific evidence within the frozen review scope.,Approve,Author approved all simplified full-text decisions on 2026-08-24.,2026-08-24,Include,Author approved full-text eligibility — 2026-08-24,Conditional fire-source/perimeter input,"Supports uncertainty-aware SUAS planning around a simulated wildfire state; it does not validate smoke sensing, airspace integration or field safety.",Retrieved full report assessed 2026-08-24; minimum coding prepared from the complete report and with no independent author verification of detailed fields claimed.,Eligibility author-approved; detailed coding not independently author-verified; see data/coding_completeness.csv
R09247,Santa Ana Airflow Observed From Wildfire Smoke Patterns in Satellite Imagery,J. Svejkovsky,1985,Monthly Weather Review,10.1175/1520-0493(1985)113<0902:saaofw>2.0.co;2,https://doi.org/10.1175/1520-0493(1985)113<0902:saaofw>2.0.co;2,Include for full text,Concentration mapping / monitoring,Retrieved,Author-supplied full report retrieved,Retrieved,Include,"Retain as Direct fire-specific evidence. The full report evaluates fire-specific smoke, aerosol, pollutant, plume, or concentration observation/estimation.",Approve,Author approved title/decision/rationale review.,2026-08-23,Include,Author verified — approved 23 Aug 2026,Direct fire-specific evidence,"Supports the reported sensing or measurement task only; operational readiness depends on setting, validation, and deployment maturity.","Full report was previously assessed, but report text is unavailable in the current archive; detailed charting remains incomplete",Eligibility author-approved; detailed coding not independently author-verified; see data/coding_completeness.csv
R09261,Satellite-based comparison of fire intensity and smoke plumes from prescribed fires and wildfires in south-eastern Australia,Williamson G.J.; Price O.F.; Henderson S.B.; Bowman D.M.J.S.,2013,International Journal of Wildland Fire,10.1071/wf11165,https://doi.org/10.1071/wf11165,Include for full text,Concentration mapping / monitoring,Retrieved,Complete report retrieved and assessed during documented recovery audit,Retrieved,Include,Retain as Direct fire-specific evidence. The verified complete report contributes eligible fire-specific evidence within the frozen review scope.,Approve,Author approved all simplified full-text decisions on 2026-08-24.,2026-08-24,Include,Author approved full-text eligibility — 2026-08-24,Direct fire-specific evidence,Supports the reported differences between the evaluated prescribed-fire and wildfire events; the small event set does not justify universal quantitative differences.,Retrieved full report assessed 2026-08-24; minimum coding prepared from the complete report and with no independent author verification of detailed fields claimed.,Eligibility author-approved; detailed coding not independently author-verified; see data/coding_completeness.csv
R09264,Satellite-Based Differentiation of Anthropogenic and Forest Fire CO2 Emission Regions,Mingdong You; Shuying Zang; Li Sun; Yusheng Shi,2025,IEEE Journal of Selected Topics in Applied Earth Observations and Remote Sensing,10.1109/jstars.2025.3595540,https://doi.org/10.1109/jstars.2025.3595540,Include for full text,Concentration mapping / monitoring; Emissions / source-term estimation,Retrieved; report identity and minimum detail validated,Adequate matching report retrieved and validated,Retrieved,Include,"Retain as Direct fire-specific evidence. The full report evaluates fire-specific ambient pollution, smoke/plume behaviour, monitoring, forecasting, exposure, intervention, or a directly related evidence synthesis.",Approve,Author approved title/decision/rationale review.,2026-08-23,Include,Author verified — approved 23 Aug 2026,Direct fire-specific evidence,"Supports only the fire-specific task and evaluation setting described in the report; it does not by itself establish operational readiness, universal superiority, or cross-incident generalisation.",AI-assisted extraction from validated full-report text; existing nonblank charting preserved; no independent author verification of detailed fields claimed,Eligibility author-approved; detailed coding not independently author-verified; see data/coding_completeness.csv
R09266,"Satellite-based Estimation of the Impacts of Summertime Wildfires on 
Particulate Matter Air Quality in United States",Zhixin Xue; P. Gupta; S. Christopher,2020,Atmospheric Chemistry and Physics,10.5194/acp-2020-1152,https://doi.org/10.5194/acp-2020-1152,Include for full text,Concentration mapping / monitoring,Retrieved,Public full-text candidate located,Retrieved,Exclude,Duplicate publication/version. Discussion/preprint version of the peer-reviewed report retained as R09267 (DOI 10.5194/acp-21-11243-2021).,Approve,Author approved title/decision/rationale review.,2026-08-23,Exclude,Author verified — approved 23 Aug 2026,Not included,,,Not applicable — excluded report
R09267,Satellite-based estimation of the impacts of summertime wildfires on PM2.5 concentration in the United States,Zhixin Xue; P. Gupta; S. Christopher,2021,Atmospheric Chemistry and Physics,10.5194/acp-21-11243-2021,https://doi.org/10.5194/acp-21-11243-2021,Include for full text,Concentration mapping / monitoring,Retrieved,Public full-text candidate located,Retrieved,Include,"Retain as Direct fire-specific evidence. The full report evaluates fire-specific smoke, aerosol, pollutant, plume, or concentration observation/estimation.",Approve,Author approved title/decision/rationale review.,2026-08-23,Include,Author verified — approved 23 Aug 2026,Direct fire-specific evidence,"Supports the reported sensing or measurement task only; operational readiness depends on setting, validation, and deployment maturity.","Full report was previously assessed, but report text is unavailable in the current archive; detailed charting remains incomplete",Eligibility author-approved; detailed coding not independently author-verified; see data/coding_completeness.csv
R09273,Satellite-borne identification and quantification of wildfire smoke emissions in North America via a novel UV-based index,Ziyi Suo; Qing Wang; Yingcheng Lu; Yixin Yao; Qingjun Song; Jing Ding; Weimin Ju; Zhengke Zhang,2025,Atmospheric Environment,10.1016/j.atmosenv.2025.121069,https://doi.org/10.1016/j.atmosenv.2025.121069,Include for full text,Smoke/plume detection; concentration mapping / monitoring; emissions estimation,Retrieved and assessed,Author supplied; complete report validated,Retrieved and assessed,Include,Retain as Direct fire-specific satellite-method evaluation evidence. Evaluates ultraviolet satellite detection and total-particulate-matter estimation for North American wildfire smoke with independent satellite products.,Approve,Author approved title/decision/rationale review.,2026-08-23,Include,Author verified — approved 23 Aug 2026,Direct fire-specific satellite-method evaluation evidence,"Supports proof-of-concept satellite smoke detection and emissions estimation for September 2020, not operational accuracy or generalisation across seasons, surfaces, and sensors.","Complete 14-page report supplied by author; identity, opening/closing pages, references, extractability and completeness validated; SHA256 d7395561f2473817eb4b82341f54c7f74b7410b17245dbdc4c0fb9c40a0f8219",Eligibility author-approved; detailed coding not independently author-verified; see data/coding_completeness.csv
R09276,Satellite data driven modeling system for predicting air quality and visibility during wildfire and prescribed burn events,U. Nair; K. Keiser; Y. Wu; M. Maskey; D. Berendes; P. Glass; A. Dhakal; S. Christopher,2012,,,,Include for full text,Forecasting / simulation; Concentration mapping / monitoring,Not retrieved — inaccessible after documented attempts,No complete report accessible after Zotero-assisted and manual access attempts,Not retrieved,Not retrieved,Report not retrieved after documented access attempts; eligibility remains unknown and no findings are inferred.,Approve,Author approved all simplified full-text decisions on 2026-08-24.,2026-08-24,Not retrieved — inaccessible after documented attempts,Author approved retrieval outcome — 2026-08-24,"Primary candidate — direct fire-specific operational, plume, source/perimeter, exposure/action, or decision-interface evidence; full text required",No substantive claim because the complete report was unavailable.,Retrieval-only audit; no report-level coding or findings inferred,Not applicable — report unavailable
R09283,Satellite detection of a continental‐scale plume of nitrogen oxides from boreal forest fires,N. Spichtinger; M. Wenig; P. James; T. Wagner; U. Platt; A. Stohl,2001,Geophysical Research Letters,10.1029/2001gl013484,https://doi.org/10.1029/2001gl013484,Include for full text,Concentration mapping / monitoring; Detection,Retrieved,Complete report retrieved and assessed during documented recovery audit,Retrieved,Include,Retain as Direct fire-specific evidence. The verified complete report contributes eligible fire-specific evidence within the frozen review scope.,Approve,Author approved all simplified full-text decisions on 2026-08-24.,2026-08-24,Include,Author approved full-text eligibility — 2026-08-24,Direct fire-specific evidence,Supports detection and transport attribution of a continental-scale NO2/smoke plume for the 1998 episode; it does not validate surface exposure or real-time forecasting.,Retrieved full report assessed 2026-08-24; minimum coding prepared from the complete report and with no independent author verification of detailed fields claimed.,Eligibility author-approved; detailed coding not independently author-verified; see data/coding_completeness.csv
R09284,Satellite detection of forest fires in Korea and associated smoke plumes,Chung Y.-S.,2003,International Journal of Remote Sensing,,,Include for full text,Concentration mapping / monitoring; Detection,Not retrieved — inaccessible after documented attempts,No complete report accessible after Zotero-assisted and manual access attempts,Not retrieved,Not retrieved,Report not retrieved after documented access attempts; eligibility remains unknown and no findings are inferred.,Approve,Author approved all simplified full-text decisions on 2026-08-24.,2026-08-24,Not retrieved — inaccessible after documented attempts,Author approved retrieval outcome — 2026-08-24,"Primary candidate — direct fire-specific operational, plume, source/perimeter, exposure/action, or decision-interface evidence; full text required",No substantive claim because the complete report was unavailable.,Retrieval-only audit; no report-level coding or findings inferred,Not applicable — report unavailable
R09291,Satellite Limb Observations of Unprecedented Forest Fire Aerosol in the Stratosphere,Bourassa A.E.; Rieger L.A.; Zawada D.J.; Khaykin S.; Thomason L.W.; Degenstein D.A.,2019,Journal of Geophysical Research - Atmospheres,10.1029/2019jd030607,https://doi.org/10.1029/2019jd030607,Include for full text,Concentration mapping / monitoring,Retrieved; report identity and minimum detail validated,Adequate matching report retrieved and validated,Retrieved,Include,"Retain as Direct fire-specific evidence. The full report evaluates fire-specific ambient pollution, smoke/plume behaviour, monitoring, forecasting, exposure, intervention, or a directly related evidence synthesis.",Approve,Author approved title/decision/rationale review.,2026-08-23,Include,Author verified — approved 23 Aug 2026,Direct fire-specific evidence,"Supports only the fire-specific task and evaluation setting described in the report; it does not by itself establish operational readiness, universal superiority, or cross-incident generalisation.",AI-assisted extraction from validated full-report text; existing nonblank charting preserved; no independent author verification of detailed fields claimed,Eligibility author-approved; detailed coding not independently author-verified; see data/coding_completeness.csv
R09292,Satellite mapping of CO emission from forest fires in Northwest America using MOPITT measurements,Jane Liu; J. Drummond; Qinbin Li; J. Gille; D. Ziskin,2005,Remote Sensing of Environment,10.1016/j.rse.2005.01.009,https://doi.org/10.1016/j.rse.2005.01.009,Include for full text,Concentration mapping / monitoring; Emissions / source-term estimation,Retrieved,Complete report retrieved and assessed during documented recovery audit,Retrieved,Include,Retain as Direct fire-specific evidence. The verified complete report contributes eligible fire-specific evidence within the frozen review scope.,Approve,Author approved all simplified full-text decisions on 2026-08-24.,2026-08-24,Include,Author approved full-text eligibility — 2026-08-24,Direct fire-specific evidence,Supports satellite CO plume mapping and event-scale emissions estimation for the evaluated fires; it does not establish near-surface PM exposure or operational response performance.,Retrieved full report assessed 2026-08-24; minimum coding prepared from the complete report and with no independent author verification of detailed fields claimed.,Eligibility author-approved; detailed coding not independently author-verified; see data/coding_completeness.csv
R09293,Satellite mapping of CO2 emission from forest fires in Indonesia using AIRS measurements.,J. Rajab; M. MatJafri; H. Lim; K. Abdullah,2009,Modern Applied Science,10.5539/mas.v3n12p68,https://doi.org/10.5539/mas.v3n12p68,Include for full text,Concentration mapping / monitoring; Emissions / source-term estimation,Retrieved,Public full-text candidate located,Retrieved,Include,"Retain as Direct fire-specific evidence. The full report evaluates fire-specific smoke, aerosol, pollutant, plume, or concentration observation/estimation.",Approve,Author approved title/decision/rationale review.,2026-08-23,Include,Author verified — approved 23 Aug 2026,Direct fire-specific evidence,"Supports the reported sensing or measurement task only; operational readiness depends on setting, validation, and deployment maturity.","Full report was previously assessed, but report text is unavailable in the current archive; detailed charting remains incomplete",Eligibility author-approved; detailed coding not independently author-verified; see data/coding_completeness.csv
R09297,Satellite monitoring for carbon monoxide and particulate matter during forest fire episodes in Northern Thailand.,"Sukitpaneenit, Manlika; Kim Oanh, Nguyen Thi",2014,Environmental monitoring and assessment,10.1007/s10661-013-3556-x,https://doi.org/10.1007/s10661-013-3556-x,Include for full text,Concentration mapping / monitoring,Retrieved; report identity and minimum detail validated,Adequate matching report retrieved and validated,Retrieved,Include,"Retain as Direct fire-specific evidence. The full report evaluates fire-specific ambient pollution, smoke/plume behaviour, monitoring, forecasting, exposure, intervention, or a directly related evidence synthesis.",Approve,Author approved title/decision/rationale review.,2026-08-23,Include,Author verified — approved 23 Aug 2026,Direct fire-specific evidence,"Supports only the fire-specific task and evaluation setting described in the report; it does not by itself establish operational readiness, universal superiority, or cross-incident generalisation.",AI-assisted extraction from validated full-report text; existing nonblank charting preserved; no independent author verification of detailed fields claimed,Eligibility author-approved; detailed coding not independently author-verified; see data/coding_completeness.csv
R09301,Satellite monitoring of forest fires and associated smoke plumes occurring in Korea,Chung Y.S.; Kim H.S.,2008,"Air Quality, Atmosphere and Health",10.1007/s11869-008-0012-0,https://doi.org/10.1007/s11869-008-0012-0,Include for full text,Concentration mapping / monitoring,Retrieved,Public full-text candidate located,Retrieved,Include,"Retain as Direct fire-specific evidence. The full report evaluates fire-specific smoke, aerosol, pollutant, plume, or concentration observation/estimation.",Approve,Author approved title/decision/rationale review.,2026-08-23,Include,Author verified — approved 23 Aug 2026,Direct fire-specific evidence,"Supports the reported sensing or measurement task only; operational readiness depends on setting, validation, and deployment maturity.","Full report was previously assessed, but report text is unavailable in the current archive; detailed charting remains incomplete",Eligibility author-approved; detailed coding not independently author-verified; see data/coding_completeness.csv
R09308,Satellite monitoring of trace gas and aerosol emissions during wildfires in Russia,Bondur V.G.,2016,"Izvestiya, Atmospheric and Oceanic Physics",10.1134/s0001433816090103,https://doi.org/10.1134/s0001433816090103,Include for full text,Concentration mapping / monitoring; Emissions / source-term estimation,Not retrieved — inaccessible after documented attempts,No complete report accessible after Zotero-assisted and manual access attempts,Not retrieved,Not retrieved,Report not retrieved after documented access attempts; eligibility remains unknown and no findings are inferred.,Approve,Author approved all simplified full-text decisions on 2026-08-24.,2026-08-24,Not retrieved — inaccessible after documented attempts,Author approved retrieval outcome — 2026-08-24,"Primary candidate — direct fire-specific operational, plume, source/perimeter, exposure/action, or decision-interface evidence; full text required",No substantive claim because the complete report was unavailable.,Retrieval-only audit; no report-level coding or findings inferred,Not applicable — report unavailable
R09350,School and childcare facility air quality decision-makers' perspectives on using low-cost sensors for wildfire smoke response.,"Stampfer, Orly; Farquhar, Stephanie; Seto, Edmund; Karr, Catherine J",2023,BMC public health,10.1186/s12889-023-16989-7,https://doi.org/10.1186/s12889-023-16989-7,Include for full text,Intervention / decision planning; Concentration mapping / monitoring,Retrieved,Public full-text candidate located,Retrieved,Include,Retain as Direct fire-specific evidence. The full report contains an eligible fire-specific observation-to-action contribution.,Approve,Author approved title/decision/rationale review.,2026-08-23,Include,Author verified — approved 23 Aug 2026,Direct fire-specific evidence,Supports an operationally relevant fire-specific task; detailed task and maturity coding has completeness reported in the field-level audit.,"Full report was previously assessed, but report text is unavailable in the current archive; detailed charting remains incomplete",Eligibility author-approved; detailed coding not independently author-verified; see data/coding_completeness.csv
R09401,SegNet: A Segmented Deep Learning based Convolutional Neural Network Approach for Drones Wildfire Detection,Aditya V. Jonnalagadda; Hashim A. Hashim,2024,Remote Sensing Applications: Society and Environment,10.1016/j.rsase.2024.101181,https://doi.org/10.1016/j.rsase.2024.101181,Uncertain,Detection,Retrieved,Public full-text candidate located,Retrieved,Exclude,Flame/smoke visual detection only. Evaluates drone-image classification for wildfire detection without an ambient pollution or material plume-response endpoint.,Approve,Author approved title/decision/rationale review.,2026-08-23,Exclude,Author verified — approved 23 Aug 2026,Not included,,,Not applicable — excluded report
R09406,Self-lofting of wildfire smoke in the troposphere and stratosphere: simulations and space lidar observations,Kevin Ohneiser; A. Ansmann; Jonas Witthuhn; H. Deneke; A. Chudnovsky; Gregor Walter; F. Senf,2023,Atmospheric Chemistry and Physics,10.5194/acp-23-2901-2023,https://doi.org/10.5194/acp-23-2901-2023,Include for full text,Forecasting / simulation; Concentration mapping / monitoring,Retrieved,Public full-text candidate located,Retrieved,Include,"Retain as Direct fire-specific evidence. The full report evaluates fire-specific smoke, aerosol, pollutant, plume, or concentration observation/estimation.",Approve,Author approved title/decision/rationale review.,2026-08-23,Include,Author verified — approved 23 Aug 2026,Direct fire-specific evidence,"Supports the reported sensing or measurement task only; operational readiness depends on setting, validation, and deployment maturity.","Full report was previously assessed, but report text is unavailable in the current archive; detailed charting remains incomplete",Eligibility author-approved; detailed coding not independently author-verified; see data/coding_completeness.csv
R09433,Sensitivity of Regional WRF‐Chem Air Quality and Weather Simulations to Biomass‐Burning Emission Data Sets: A Case Study of the Impact of Canadian Wildfire on the US,Sicheng Wu; Rajesh Kumar; Peiyuan Li; R. Kotamarthi; S. Collis; S. Shams; Ashish Sharma,2025,Journal of Geophysical Research - Atmospheres,10.1029/2025jd043944,https://doi.org/10.1029/2025jd043944,Include for full text,Forecasting / simulation; Concentration mapping / monitoring; Emissions / source-term estimation,Retrieved,Complete report retrieved and assessed during documented recovery audit,Retrieved,Include,Retain as Direct fire-specific evidence. The verified complete report contributes eligible fire-specific evidence within the frozen review scope.,Approve,Author approved all simplified full-text decisions on 2026-08-24.,2026-08-24,Include,Author approved full-text eligibility — 2026-08-24,Direct fire-specific evidence,Supports emissions-input sensitivity and the reported underprediction for this WRF-Chem case; QFED's within-study performance does not establish general emissions-product superiority.,Retrieved full report assessed 2026-08-24; minimum coding prepared from the complete report and with no independent author verification of detailed fields claimed.,Eligibility author-approved; detailed coding not independently author-verified; see data/coding_completeness.csv
R09518,"Simulating Forest Fire Plume Dispersion, Chemistry, and Aerosol Formation Using SAM-ASP version 1.0",C. Lonsdale; M. Alvarado; A. Hodshire; Emily Ramnarine; J. Pierce,2019,,10.5194/gmd-2019-221,https://doi.org/10.5194/gmd-2019-221,Include for full text,Forecasting / simulation; Concentration mapping / monitoring,Retrieved; report identity and minimum detail validated,Adequate matching report retrieved and validated,Retrieved,Exclude,GMD discussion/prepublication DOI 10.5194/gmd-2019-221 appears to be the same study later published as R09535 (GMD 2020).,Approve,Discussion/prepublication version reconciled to final report R09535.,2026-08-23,Exclude,Author verified — approved 23 Aug 2026,Not included — superseded report,,AI-assisted extraction from validated full-report text; existing nonblank charting preserved; no independent author verification of detailed fields claimed,Not applicable — excluded report
R09526,Simulating smoke transport from wildland fires with a regional-scale air quality model: sensitivity to spatiotemporal allocation of fire emissions.,"Garcia-Menendez, Fernando; Hu, Yongtao; Odman, Mehmet T",2014,The Science of the total environment,10.1016/j.scitotenv.2014.05.108,https://doi.org/10.1016/j.scitotenv.2014.05.108,Include for full text,Forecasting / simulation,Retrieved,Author-supplied report validated and assessed,Retrieved,Include,"Retain as Direct fire-specific evidence. Performs structured sensitivity experiments on spatial, vertical, and temporal allocation of fire emissions in a regional air-quality model.",Approve,Author approved title/decision/rationale review.,2026-08-23,Include,Author verified — approved 23 Aug 2026,Direct fire-specific evidence,Supports sensitivity of modeled Atlanta PM2.5 to emissions allocation for one 2007 smoke episode; it does not rank all dispersion models or prove real-time forecast superiority.,Full report text extracted and AI-assisted detailed charting proposal; no independent author verification of detailed fields claimed,Eligibility author-approved; detailed coding not independently author-verified; see data/coding_completeness.csv
R09527,Simulating smoke transport from wildland fires with a regional‐scale air quality model: Sensitivity to uncertain wind fields,F. Garcia‐Menendez; Yongtao Hu; M. Odman,2013,Journal of Geophysical Research: Atmospheres,10.1002/jgrd.50524,https://doi.org/10.1002/jgrd.50524,Include for full text,Forecasting / simulation; Concentration mapping / monitoring,Retrieved,Complete report retrieved and assessed during documented recovery audit,Retrieved,Include,Retain as Direct fire-specific evidence. The verified complete report contributes eligible fire-specific evidence within the frozen review scope.,Approve,Author approved all simplified full-text decisions on 2026-08-24.,2026-08-24,Include,Author approved full-text eligibility — 2026-08-24,Direct fire-specific evidence,Supports the sensitivity of simulated wildfire PM2.5 to wind-field uncertainty in the two evaluated cases; it does not quantify all sources of forecast uncertainty or operational utility.,Retrieved full report assessed 2026-08-24; minimum coding prepared from the complete report and with no independent author verification of detailed fields claimed.,Eligibility author-approved; detailed coding not independently author-verified; see data/coding_completeness.csv
R09530,Simulating the Air Quality Impact of Prescribed Fires Using a Graph Neural Network-Based PM2.5 Emissions Forecasting System,Kyleen Liao; Jatan Buch; Kara D. Lamb; Pierre Gentine,2023,arXiv.org,10.48550/arxiv.2312.04291,https://doi.org/10.48550/arxiv.2312.04291,Include for full text,Forecasting / simulation; Concentration mapping / monitoring; Emissions / source-term estimation,Retrieved; report identity and minimum detail validated,Adequate matching report retrieved and validated,Retrieved,Include,"Retain as Direct fire-specific evidence. The full report evaluates fire-specific ambient pollution, smoke/plume behaviour, monitoring, forecasting, exposure, intervention, or a directly related evidence synthesis.",Approve,Author approved title/decision/rationale review.,2026-08-23,Include,Author verified — approved 23 Aug 2026,Direct fire-specific evidence,"Supports only the fire-specific task and evaluation setting described in the report; it does not by itself establish operational readiness, universal superiority, or cross-incident generalisation.",AI-assisted extraction from validated full-report text; existing nonblank charting preserved; no independent author verification of detailed fields claimed,Eligibility author-approved; detailed coding not independently author-verified; see data/coding_completeness.csv
R09535,"Simulating the forest fire plume dispersion, chemistry, and aerosol formation using SAM-ASP version 1.0",Lonsdale C.R.; Alvarado M.J.; Hodshire A.L.; Ramnarine E.; Pierce J.R.,2020,Geoscientific Model Development,10.5194/gmd-13-4579-2020,https://doi.org/10.5194/gmd-13-4579-2020,Include for full text,Forecasting / simulation; Concentration mapping / monitoring,Retrieved,Public full-text candidate located,Retrieved,Include,"Retain as Direct fire-specific evidence. The full report evaluates fire-specific smoke, plume, air-quality, or exposure forecasting/simulation.",Approve,Author approved title/decision/rationale review.,2026-08-23,Include,Author verified — approved 23 Aug 2026,Direct fire-specific evidence,Supports the reported model or simulation task and validation setting; it does not establish universal superiority or real-time deployment.,"Full report was previously assessed, but report text is unavailable in the current archive; detailed charting remains incomplete",Eligibility author-approved; detailed coding not independently author-verified; see data/coding_completeness.csv
R09539,Simulating wildfire emissions and plume rise using geostationary satellite fire radiative power measurements: a case study of the 2019 Williams Flats fire,Aditya Kumar; R. Pierce; R. Ahmadov; G. Pereira; S. Freitas; G. Grell; C. Schmidt; Allen J. Lenzen; J. Schwarz; A. Perring; J. Katich; J. Hair; J. L. Jimenez; P. Campuzano‐Jost; Hongyu Guo,2022,Atmospheric Chemistry and Physics,10.5194/acp-22-10195-2022,https://doi.org/10.5194/acp-22-10195-2022,Include for full text,Forecasting / simulation; Concentration mapping / monitoring; Emissions / source-term estimation,Retrieved; report identity and minimum detail validated,Adequate matching report retrieved and validated,Retrieved,Include,"Retain as Direct fire-specific evidence. The full report evaluates fire-specific ambient pollution, smoke/plume behaviour, monitoring, forecasting, exposure, intervention, or a directly related evidence synthesis.",Approve,Author approved title/decision/rationale review.,2026-08-23,Include,Author verified — approved 23 Aug 2026,Direct fire-specific evidence,"Supports only the fire-specific task and evaluation setting described in the report; it does not by itself establish operational readiness, universal superiority, or cross-incident generalisation.",AI-assisted extraction from validated full-report text; existing nonblank charting preserved; no independent author verification of detailed fields claimed,Eligibility author-approved; detailed coding not independently author-verified; see data/coding_completeness.csv
R09542,Simulation and Experiment of Air Quality Effects of Prescribed Fires in the Southeast,Yongqiang Liu; G. Achtemeier; Scott L. Goodrick,2005,,,,Include for full text,Forecasting / simulation; Concentration mapping / monitoring,Not retrieved — inaccessible after documented attempts,No complete report accessible after Zotero-assisted and manual access attempts,Not retrieved,Not retrieved,Report not retrieved after documented access attempts; eligibility remains unknown and no findings are inferred.,Approve,Author approved all simplified full-text decisions on 2026-08-24.,2026-08-24,Not retrieved — inaccessible after documented attempts,Author approved retrieval outcome — 2026-08-24,"Primary candidate — direct fire-specific operational, plume, source/perimeter, exposure/action, or decision-interface evidence; full text required",No substantive claim because the complete report was unavailable.,Retrieval-only audit; no report-level coding or findings inferred,Not applicable — report unavailable
R09549,Simulation of Air Pollution in Kyiv Caused by Wildfires in the Fall of 2024,Kovalets I.V.; Koval S.D.; Maistrenko S.Y.; Synkevych R.O.; Khurtsilava K.V.,2026,Science and innovation,10.15407/scine22.01.032,https://doi.org/10.15407/scine22.01.032,Include for full text,Forecasting / simulation; concentration mapping / monitoring,Retrieved and assessed,Author supplied; complete report validated,Retrieved and assessed,Include,Retain as Direct fire-specific dispersion case evidence. Demonstrates satellite-derived wildfire emissions and atmospheric dispersion modelling against Kyiv PM2.5 monitoring for a documented 2024 event.,Approve,Author approved title/decision/rationale review.,2026-08-23,Include,Author verified — approved 23 Aug 2026,Direct fire-specific dispersion case evidence,"Supports feasibility of the reported satellite-emissions/dispersion workflow for one Kyiv event, not validated forecast accuracy, source attribution, or operational readiness.","Complete 9-page report supplied by author; identity, opening/closing pages, references, extractability and completeness validated; SHA256 d321cde08ba4735605c18c1ae7a9871f25a354583468c8281ab4ad7bc7ca818b",Eligibility author-approved; detailed coding not independently author-verified; see data/coding_completeness.csv
R09550,Simulation of Air Pollution Produced by Forest Fires Using the WRF-SFIRE-CHEM Model in Greece: Study Cases,I. Sakellaris; J. Bartzis; Emmanouil Grillakis; Ioannis Bakouros; Dimitris Kyriazanos; D. Saraga; A. Voulgarakis; T. Maggos,2025,Fire technology,10.1007/s10694-025-01784-0,https://doi.org/10.1007/s10694-025-01784-0,Include for full text,Forecasting / simulation; Concentration mapping / monitoring,Retrieved; report identity and minimum detail validated,Adequate matching report retrieved and validated,Retrieved,Include,"Retain as Direct fire-specific evidence. The full report evaluates fire-specific ambient pollution, smoke/plume behaviour, monitoring, forecasting, exposure, intervention, or a directly related evidence synthesis.",Approve,Author approved title/decision/rationale review.,2026-08-23,Include,Author verified — approved 23 Aug 2026,Direct fire-specific evidence,"Supports only the fire-specific task and evaluation setting described in the report; it does not by itself establish operational readiness, universal superiority, or cross-incident generalisation.",AI-assisted extraction from validated full-report text; existing nonblank charting preserved; no independent author verification of detailed fields claimed,Eligibility author-approved; detailed coding not independently author-verified; see data/coding_completeness.csv
R09551,Simulation of air quality impacts from prescribed fires on an urban area.,"Hu, Yongtao; Odman, M Talat; Chang, Michael E; Jackson, William; Lee, Sangil; Edgerton, Eric S; Baumann, Karsten; Russell, Armistead G",2008,Environmental Science and Technology,10.1021/es071703k,https://doi.org/10.1021/es071703k,Include for full text,Forecasting / simulation; Concentration mapping / monitoring,Retrieved,Complete report retrieved and assessed during documented recovery audit,Retrieved,Include,Retain as Direct fire-specific evidence. The verified complete report contributes eligible fire-specific evidence within the frozen review scope.,Approve,Author approved all simplified full-text decisions on 2026-08-24.,2026-08-24,Include,Author approved full-text eligibility — 2026-08-24,Direct fire-specific evidence,Supports estimated prescribed-fire contributions to Atlanta air quality for the evaluated period and model configuration; it does not establish incident-time forecast accuracy.,Retrieved full report assessed 2026-08-24; minimum coding prepared from the complete report and with no independent author verification of detailed fields claimed.,Eligibility author-approved; detailed coding not independently author-verified; see data/coding_completeness.csv
R09556,Simulation of Forest Fires Smoke Using WRF-Chem Model with FINN Fire Emissions in Sumatera☆,D. Nuryanto,2015,Procedia environmental sciences,10.1016/j.proenv.2015.03.010,https://doi.org/10.1016/j.proenv.2015.03.010,Include for full text,Forecasting / simulation; Emissions / source-term estimation,Retrieved,Complete report retrieved and assessed during documented recovery audit,Retrieved,Include,Retain as Direct fire-specific evidence. The verified complete report contributes eligible fire-specific evidence within the frozen review scope.,Approve,Author approved all simplified full-text decisions on 2026-08-24.,2026-08-24,Include,Author approved full-text eligibility — 2026-08-24,Direct fire-specific evidence,Supports WRF-Chem representation of broad smoke evolution and documents model bias for the 2014 case; it does not validate routine operational forecasts.,Retrieved full report assessed 2026-08-24; minimum coding prepared from the complete report and with no independent author verification of detailed fields claimed.,Eligibility author-approved; detailed coding not independently author-verified; see data/coding_completeness.csv
R09559,Simulation of Smoke-Haze Dispersion from Wildfires in South East Asia with a Lagrangian Particle Model,D. Hertwig; L. Burgin; Christopher Gan; M. Hort; A. Jones; Felicia Shaw; C. Witham; K. Zhang,2014,,,,Include for full text,Forecasting / simulation,Not retrieved — inaccessible after documented attempts,No complete report accessible after Zotero-assisted and manual access attempts,Not retrieved,Not retrieved,Report not retrieved after documented access attempts; eligibility remains unknown and no findings are inferred.,Approve,Author approved all simplified full-text decisions on 2026-08-24.,2026-08-24,Not retrieved — inaccessible after documented attempts,Author approved retrieval outcome — 2026-08-24,"Primary candidate — direct fire-specific operational, plume, source/perimeter, exposure/action, or decision-interface evidence; full text required",No substantive claim because the complete report was unavailable.,Retrieval-only audit; no report-level coding or findings inferred,Not applicable — report unavailable
R09562,Simulation of spread of air pollution plumes from forest fires with the use of COSMO-Ru7-ART chemical-transport model,Surkova G.V.; Blinov D.V.; Kirsanov A.A.; Revokatova A.P.; Rivin G.S.,2014,Atmospheric and Oceanic Optics,10.1134/s1024856014030105,https://doi.org/10.1134/s1024856014030105,Include for full text,Forecasting / simulation; Concentration mapping / monitoring,Retrieved,Complete report retrieved and assessed during documented recovery audit,Retrieved,Include,Retain as Direct fire-specific evidence. The verified complete report contributes eligible fire-specific evidence within the frozen review scope.,Approve,Author approved all simplified full-text decisions on 2026-08-24.,2026-08-24,Include,Author approved full-text eligibility — 2026-08-24,Direct fire-specific evidence,Supports regional emissions-and-transport simulation for the August 2010 fires; it does not establish universally accurate incident-scale concentration forecasts.,Retrieved full report assessed 2026-08-24; minimum coding prepared from the complete report and with no independent author verification of detailed fields claimed.,Eligibility author-approved; detailed coding not independently author-verified; see data/coding_completeness.csv
R09565,Simulation Research of Path Planning for Robots Detecting the Forest Fire Source,Chen Jun,2008,Journal of Agricultural Mechanization Research,,,Include for full text,Forecasting / simulation; Source localisation / boundary tracking; Detection,Not retrieved — inaccessible after documented attempts,No complete report accessible after Zotero-assisted and manual access attempts,Not retrieved,Not retrieved,Report not retrieved after documented access attempts; eligibility remains unknown and no findings are inferred.,Approve,Author approved all simplified full-text decisions on 2026-08-24.,2026-08-24,Not retrieved — inaccessible after documented attempts,Author approved retrieval outcome — 2026-08-24,"Primary candidate — direct fire-specific operational, plume, source/perimeter, exposure/action, or decision-interface evidence; full text required",No substantive claim because the complete report was unavailable.,Retrieval-only audit; no report-level coding or findings inferred,Not applicable — report unavailable
R09572,Simultaneous Monitoring of Wildfire and Smoke Using Geostationary Satellite Infrared Channel Observations,Kwon-Ho Lee; Kwanchul Kim; Dasom Lee; Jong-Sung Ha; Heeseob Kim,2024,Journal of Korean Society for Atmospheric Environment,10.5572/kosae.2024.40.3.337,https://doi.org/10.5572/kosae.2024.40.3.337,Include for full text,Concentration mapping / monitoring,Retrieved,Complete report retrieved and assessed during documented recovery audit,Retrieved,Include,Retain as Direct fire-specific evidence. The verified complete report contributes eligible fire-specific evidence within the frozen review scope.,Approve,Author approved all simplified full-text decisions on 2026-08-24.,2026-08-24,Include,Author approved full-text eligibility — 2026-08-24,Direct fire-specific evidence,Supports simultaneous geostationary-satellite observation of fire and smoke in the evaluated scenes; it does not directly measure surface concentration or validate emergency decisions.,Retrieved full report assessed 2026-08-24; minimum coding prepared from the complete report and with no independent author verification of detailed fields claimed.,Eligibility author-approved; detailed coding not independently author-verified; see data/coding_completeness.csv
R09628,SMFM Alert: Wildfire Smoke and Pregnancy,Society for Maternal-Fetal Medicine (SMFM),2025,Society for Maternal-Fetal Medicine,10.65352/kuxt8548,https://doi.org/10.65352/kuxt8548,Include for full text,Exposure / health-risk estimation; Intervention / decision planning,Retrieved; report identity and minimum detail validated,Adequate matching report retrieved and validated,Retrieved,Include,"Retain as Authoritative operational guidance. Professional-society alert provides actionable AQI, filtration, mask, monitoring, and evacuation recommendations for pregnancy during wildfire smoke.",Approve,Author approved title/decision/rationale review.,2026-08-23,Include,Author verified — approved 23 Aug 2026,Authoritative operational guidance,"Supports operational, legal, or policy context only; it is not algorithm-performance evidence.",AI-assisted extraction from validated full-report text; existing nonblank charting preserved; no independent author verification of detailed fields claimed,Eligibility author-approved; detailed coding not independently author-verified; see data/coding_completeness.csv
R09644,Smoke and the eyes: A review of the harmful effects of wildfire smoke and air pollution on the ocular surface.,"Jaiswal, Sukanya; Jalbert, Isabelle; Schmid, Katrina; Tein, Natasha; Wang, Sarah; Golebiowski, Blanka",2022,"Environmental pollution (Barking, Essex : 1987)",10.1016/j.envpol.2022.119732,https://doi.org/10.1016/j.envpol.2022.119732,Include for full text,Evidence synthesis; Exposure / health-risk estimation; Health protection,Retrieved,Author-supplied report validated and assessed,Retrieved,Include,"Retain as Fire-specific evidence synthesis with adjacent-source transfer. Review of wildfire-smoke and broader air-pollution effects on the ocular surface, including mechanisms, exposure reduction, and management; much of the supporting evidence comes from adjacent air-pollution sources.",Approve,Author approved title/decision/rationale review.,2026-08-23,Include,Author verified — approved 23 Aug 2026,Fire-specific evidence synthesis with adjacent-source transfer,"Supports ocular-health context and plausible protective measures, but wildfire-specific clinical evidence is sparse and findings transferred from traffic, tobacco, biomass, and general air pollution must be labelled as such.",Full report text extracted and AI-assisted detailed charting proposal; no independent author verification of detailed fields claimed,Eligibility author-approved; detailed coding not independently author-verified; see data/coding_completeness.csv
R09647,Smoke characterization for incipient wildfire detection from Sentinel-2 sensor based on sigmoid activation function and momentum gradient descent optimizer,Athule Sali; Sandisiwe Nomqupu; A. Nyamugama; Naledzani Ndou,2025,Earth Science Informatics,10.1007/s12145-025-01991-x,https://doi.org/10.1007/s12145-025-01991-x,Include for full text,Concentration mapping / monitoring; Detection,Retrieved; report identity and minimum detail validated,Adequate matching report retrieved and validated,Retrieved,Include,"Retain as Fire-specific smoke-detection evidence (non-concentration). Evaluates Sentinel-2 spectral discrimination of wildfire smoke and clouds, with reported ROC/AUC but no ground validation.",Approve,Author approved title/decision/rationale review.,2026-08-23,Include,Author verified — approved 23 Aug 2026,Fire-specific smoke-detection evidence (non-concentration),"Supports fire/smoke detection, localisation, or source/perimeter inputs only; it does not validate ambient concentration mapping, exposure estimation, health-risk prediction, or operational deployment of the end-to-end pipeline.",AI-assisted extraction from validated full-report text; existing nonblank charting preserved; no independent author verification of detailed fields claimed,Eligibility author-approved; detailed coding not independently author-verified; see data/coding_completeness.csv
R09650,Smoke-Column Observations from Two Forest Fires Using Doppler Lidar and Doppler Radar,R. Banta; L. Olivier; E. Holloway; R. Kropfli; B. Bartram; R. Cupp; M. Post,1992,Journal of Applied Meteorology,10.1175/1520-0450(1992)031<1328:scoftf>2.0.co;2,https://doi.org/10.1175/1520-0450(1992)031<1328:scoftf>2.0.co;2,Include for full text,Concentration mapping / monitoring,Retrieved,Complete report retrieved and assessed during documented recovery audit,Retrieved,Include,Retain as Direct fire-specific evidence. The verified complete report contributes eligible fire-specific evidence within the frozen review scope.,Approve,Author approved all simplified full-text decisions on 2026-08-24.,2026-08-24,Include,Author approved full-text eligibility — 2026-08-24,Direct fire-specific evidence,"Supports radar/lidar observation of plume motion, injection and downwind structure for two fires; it does not establish pollutant-concentration accuracy or general operational performance.",Retrieved full report assessed 2026-08-24; minimum coding prepared from the complete report and with no independent author verification of detailed fields claimed.,Eligibility author-approved; detailed coding not independently author-verified; see data/coding_completeness.csv
R09662,"Smoke Dispersion from Forest Fire Combustion Products—Implementation at Strategic, Tactical and Operational Level",Nikolaos Iliopoulos; Michail Chalaris; S. Solomos; C. Kontoes; Nikolaos S. Bartsotas; Alexandros Malounis; V. Amiridis; E. Marinou; Konstantinos Eleftheratos; N. Mihalopoulos; E. Gerasopoulos; Christos Zerefos,2023,"16th International Conference on Meteorology, Climatology and Atmospheric Physics—COMECAP 2023",10.3390/environsciproc2023026189,https://doi.org/10.3390/environsciproc2023026189,Include for full text,Forecasting / simulation,Retrieved,Public full-text candidate located,Retrieved,Include,"Retain as Direct fire-specific evidence. The full report evaluates fire-specific smoke, plume, air-quality, or exposure forecasting/simulation.",Approve,Author approved title/decision/rationale review.,2026-08-23,Include,Author verified — approved 23 Aug 2026,Direct fire-specific evidence,Supports the reported model or simulation task and validation setting; it does not establish universal superiority or real-time deployment.,"Full report was previously assessed, but report text is unavailable in the current archive; detailed charting remains incomplete",Eligibility author-approved; detailed coding not independently author-verified; see data/coding_completeness.csv
R09686,"Smoke Injection Height of Wildfire Event Based on Multi-Source Remote Sensing Data in Yunnan Province, China",Wenjia Wang; Qixing Zhang; Jie Luo; Ranran Zhao; Yongming Zhang,2020,International Geoscience and Remote Sensing Symposium (IGARSS),10.1109/igarss39084.2020.9324388,https://doi.org/10.1109/igarss39084.2020.9324388,Include for full text,Concentration mapping / monitoring,Retrieved,Complete report retrieved and assessed during documented recovery audit,Retrieved,Include,Retain as Direct fire-specific evidence. The verified complete report contributes eligible fire-specific evidence within the frozen review scope.,Approve,Author approved all simplified full-text decisions on 2026-08-24.,2026-08-24,Include,Author approved full-text eligibility — 2026-08-24,Direct fire-specific evidence,Supports injection-height and plume-structure characterisation for the evaluated Yunnan event; one case does not validate general or real-time performance.,Retrieved full report assessed 2026-08-24; minimum coding prepared from the complete report and with no independent author verification of detailed fields claimed.,Eligibility author-approved; detailed coding not independently author-verified; see data/coding_completeness.csv
R09689,Smoke monitoring and measurement using image processing: application to forest fires,F. Gomez-Rodriguez; Begoña C. Arrue; A. Ollero,2003,Proceedings of SPIE - The International Society for Optical Engineering,10.1117/12.487050,https://doi.org/10.1117/12.487050,Include for full text,Concentration mapping / monitoring,Retrieved,Complete report retrieved and assessed during documented recovery audit,Retrieved,Include,Retain as Direct fire-specific evidence. The verified complete report contributes eligible fire-specific evidence within the frozen review scope.,Approve,Author approved all simplified full-text decisions on 2026-08-24.,2026-08-24,Include,Author approved full-text eligibility — 2026-08-24,Direct fire-specific evidence,Supports image-based smoke detection and apparent plume-dynamics estimation in the evaluated controlled-fire sequences; it does not provide calibrated pollutant concentrations or autonomous response validation.,Retrieved full report assessed 2026-08-24; minimum coding prepared from the complete report and with no independent author verification of detailed fields claimed.,Eligibility author-approved; detailed coding not independently author-verified; see data/coding_completeness.csv
R09694,Smoke or cloud: Real-time satellite image segmentation in a wildfire data integration application,Sequoia R. Andrade; N. Shafiei; P. Mehlitz,2025,Computational Geosciences,10.1016/j.cageo.2025.105960,https://doi.org/10.1016/j.cageo.2025.105960,Include for full text,Concentration mapping / monitoring,Retrieved,Complete report retrieved and assessed during documented recovery audit,Retrieved,Include,Retain as Direct fire-specific evidence. The verified complete report contributes eligible fire-specific evidence within the frozen review scope.,Approve,Author approved all simplified full-text decisions on 2026-08-24.,2026-08-24,Include,Author approved full-text eligibility — 2026-08-24,Direct fire-specific evidence,"Supports near-real-time satellite smoke segmentation in the reported ODIN prototype and dataset; it does not validate surface concentration, broad incident robustness or health-action outcomes.",Retrieved full report assessed 2026-08-24; minimum coding prepared from the complete report and with no independent author verification of detailed fields claimed.,Eligibility author-approved; detailed coding not independently author-verified; see data/coding_completeness.csv
R09714,Smoke Sky - Exploring New Frontiers of Unmanned Aerial Systems for Wildland Fire Science and Applications,E. N. Stavros; A. Agha; A. Sirota; M. Quadrelli; K. Ebadi; Kyongsik Yun,2019,arXiv.org,,,Include for full text,Task requires full-report confirmation,Retrieved,Public full-text candidate located,Retrieved,Include,Retain as Direct fire-specific evidence. The full report contains an eligible fire-specific observation-to-action contribution.,Approve,Author approved title/decision/rationale review.,2026-08-23,Include,Author verified — approved 23 Aug 2026,Direct fire-specific evidence,Supports an operationally relevant fire-specific task; detailed task and maturity coding has completeness reported in the field-level audit.,"Full report was previously assessed, but report text is unavailable in the current archive; detailed charting remains incomplete",Eligibility author-approved; detailed coding not independently author-verified; see data/coding_completeness.csv
R09748,Social media approaches to modeling wildfire smoke dispersion: spatiotemporal and social scientific investigations,Sonya S. Sachdeva; Sarah McCaffrey; D. Locke,2017,Information Communication and Society,10.1080/1369118x.2016.1218528,https://doi.org/10.1080/1369118x.2016.1218528,Include for full text,Forecasting / simulation,Retrieved,Complete report retrieved and assessed during documented recovery audit,Retrieved,Include,Retain as Direct fire-specific evidence. The verified complete report contributes eligible fire-specific evidence within the frozen review scope.,Approve,Author approved all simplified full-text decisions on 2026-08-24.,2026-08-24,Include,Author approved full-text eligibility — 2026-08-24,Direct fire-specific evidence,Supports social-media signals as a supplementary indicator of smoke conditions and public concerns in the evaluated events; it does not replace calibrated sensors or establish causal health effects.,Retrieved full report assessed 2026-08-24; minimum coding prepared from the complete report and with no independent author verification of detailed fields claimed.,Eligibility author-approved; detailed coding not independently author-verified; see data/coding_completeness.csv
R09759,Software-Based Simulations of Wildfire Spread and Wind-Fire Interaction,M. Ghodrat; F. Shakeriaski; S. A. Fanaee; A. Simeoni,2022,Fire,10.3390/fire6010012,https://doi.org/10.3390/fire6010012,Uncertain,Forecasting / simulation,Retrieved,Public full-text candidate located,Retrieved,Exclude,Standalone review of wildfire spread and wind–fire simulation software. Amendment 015 places standalone fire-behaviour material outside the primary corpus unless it supplies the required observation-coupled/source-state/uncertainty/decision interface.,Approve,Wildfire-spread/wind-fire simulator background without the required observation-coupled source-state/plume interface.,2026-08-23,Exclude,Author verified — approved 23 Aug 2026,Contextual fire-specific background,May support background on wildfire simulation families only; not primary included evidence.,Existing charting retained; current full-report archive incomplete; no independent author verification of detailed fields claimed,Not applicable — excluded report
R09849,Spatial and temporal distribution of forest fire PM10 emission estimation by using remote sensing information.,Agapol Junpen; S. Garivait; S. Bonnet; A. Pongpullponsak,2011,International journal of environmental science and development,10.7763/ijesd.2011.v2.115,https://doi.org/10.7763/ijesd.2011.v2.115,Include for full text,Concentration mapping / monitoring; Emissions / source-term estimation,Retrieved,Complete report retrieved and assessed during documented recovery audit,Retrieved,Include,Retain as Direct fire-specific evidence. The verified complete report contributes eligible fire-specific evidence within the frozen review scope.,Approve,Author approved all simplified full-text decisions on 2026-08-24.,2026-08-24,Include,Author approved full-text eligibility — 2026-08-24,Direct fire-specific evidence,Supports a retrospective regional PM10 emissions inventory from detected fires for 2005-2009; estimated emissions are not direct surface-concentration or exposure measurements.,Retrieved full report assessed 2026-08-24; minimum coding prepared from the complete report and with no independent author verification of detailed fields claimed.,Eligibility author-approved; detailed coding not independently author-verified; see data/coding_completeness.csv
R09852,"Spatial and temporal estimates of population exposure to wildfire smoke during the Washington state 2012 wildfire season using blended model, satellite, and in situ data.","Lassman, William; Ford, Bonne; Gan, Ryan W; Pfister, Gabriele; Magzamen, Sheryl; Fischer, Emily V; Pierce, Jeffrey R",2017,GeoHealth,10.1002/2017gh000049,https://doi.org/10.1002/2017gh000049,Include for full text,Exposure / health-risk estimation; Forecasting / simulation; Concentration mapping / monitoring,Retrieved,Public full-text candidate located,Retrieved,Include,"Retain as Direct fire-specific evidence. The full report evaluates fire-specific smoke, aerosol, pollutant, plume, or concentration observation/estimation.",Approve,Author approved title/decision/rationale review.,2026-08-23,Include,Author verified — approved 23 Aug 2026,Direct fire-specific evidence,"Supports the reported sensing or measurement task only; operational readiness depends on setting, validation, and deployment maturity.","Full report was previously assessed, but report text is unavailable in the current archive; detailed charting remains incomplete",Eligibility author-approved; detailed coding not independently author-verified; see data/coding_completeness.csv
R09865,Spatial-Aware Uncertainty Quantification for Low-Cost PM2.5 Sensors: GeoConformal Prediction vs. Monte Carlo Dropout Under Wildfire Distribution Shift,Anusha Srirenganathan Malarvizhi; Kaylee A Smith; Seren Smith; J. Roberts; George Chang; Mohammad Pourhomayoun; C. Yang,2026,Atmosphere,10.3390/atmos17070692,https://doi.org/10.3390/atmos17070692,Include for full text,Forecasting / simulation; Concentration mapping / monitoring,Retrieved,Public full-text candidate located,Retrieved,Include,"Retain as Direct fire-specific evidence. The full report evaluates fire-specific smoke, plume, air-quality, or exposure forecasting/simulation.",Approve,Author approved title/decision/rationale review.,2026-08-23,Include,Author verified — approved 23 Aug 2026,Direct fire-specific evidence,Supports the reported model or simulation task and validation setting; it does not establish universal superiority or real-time deployment.,Existing charting retained; current full-report archive incomplete; no independent author verification of detailed fields claimed,Eligibility author-approved; detailed coding not independently author-verified; see data/coding_completeness.csv
R09887,Spatial Surface PM 2.5 Concentration Estimates for Wildfire Smoke Plumes in the Western U.S. Using Satellite Retrievals and Data Assimilation Techniques,Loria Salazar; Sandra Marcela,2015,,,,Include for full text,Concentration mapping / monitoring,Not retrieved — inaccessible after documented attempts,No complete report accessible after Zotero-assisted and manual access attempts,Not retrieved,Not retrieved,Report not retrieved after documented access attempts; eligibility remains unknown and no findings are inferred.,Approve,Author approved all simplified full-text decisions on 2026-08-24.,2026-08-24,Not retrieved — inaccessible after documented attempts,Author approved retrieval outcome — 2026-08-24,"Primary candidate — direct fire-specific operational, plume, source/perimeter, exposure/action, or decision-interface evidence; full text required",No substantive claim because the complete report was unavailable.,Retrieval-only audit; no report-level coding or findings inferred,Not applicable — report unavailable
R09915,Spatiotemporal assessment of wildfire smoke exposure using a low-cost air quality monitoring system in a developing Amazonian city.,"de Oliveira Almeida, Domingas; Dos Santos Gomes, Ana Carla; Alves Batalha, Sarah Suely; Mandú, Tiago Bentes; Souza do Nascimento, Fernanda; da Silva, Glauce Vitor; Costa, Maria João; de Souza Fernandes Duarte, Ediclê",2026,Journal of environmental management,10.1016/j.jenvman.2026.128875,https://doi.org/10.1016/j.jenvman.2026.128875,Include for full text,Pollutant / plume monitoring; Exposure / health-risk estimation,Retrieved,Author-supplied report validated and assessed,Retrieved,Include,"Retain as Direct fire-specific field evidence. Integrates a dense low-cost sensor network with fire radiative power and meteorology across 2023, then derives an operationally lightweight transport-corridor tool.",Approve,Author approved title/decision/rationale review.,2026-08-23,Include,Author verified — approved 23 Aug 2026,Direct fire-specific field evidence,Supports Santarém-specific seasonal and neighborhood smoke patterns and a prototype situational-awareness tool; one year and one city do not establish general calibration or deployment effectiveness.,Full report text extracted and AI-assisted detailed charting proposal; no independent author verification of detailed fields claimed,Eligibility author-approved; detailed coding not independently author-verified; see data/coding_completeness.csv
R09926,Spatiotemporal modeling of wildfire smoke exposure in Northern California using satellite data and chemical transport models,C. Reid; M. Jerrett; I. Tager; M. Petersen; P. Morefield; J. Balmes,2013,,10.1289/isee.2013.p-3-04-19,https://doi.org/10.1289/isee.2013.p-3-04-19,Include for full text,Exposure / health-risk estimation; Forecasting / simulation; Concentration mapping / monitoring,Not retrieved — inaccessible after documented attempts,No complete report accessible after Zotero-assisted and manual access attempts,Not retrieved,Not retrieved,Report not retrieved after documented access attempts; eligibility remains unknown and no findings are inferred.,Approve,Author approved all simplified full-text decisions on 2026-08-24.,2026-08-24,Not retrieved — inaccessible after documented attempts,Author approved retrieval outcome — 2026-08-24,"Primary candidate — direct fire-specific operational, plume, source/perimeter, exposure/action, or decision-interface evidence; full text required",No substantive claim because the complete report was unavailable.,Retrieval-only audit; no report-level coding or findings inferred,Not applicable — report unavailable
R09930,Spatiotemporal prediction of fine particulate matter during the 2008 northern California wildfires using machine learning.,"Reid, Colleen E; Jerrett, Michael; Petersen, Maya L; Pfister, Gabriele G; Morefield, Philip E; Tager, Ira B; Raffuse, Sean M; Balmes, John R",2015,Environmental Science and Technology,10.1021/es505846r,https://doi.org/10.1021/es505846r,Include for full text,Concentration mapping; exposure estimation; comparative modelling,Retrieved — adequate report,Complete report validated and assessed,Retrieved — adequate report,Include,Retain as Direct fire-specific comparative retrospective modelling. Complete report assessed 22 Aug 2026; Compares 11 algorithms and multi-source predictors for daily PM2.5 exposure mapping during the 2008 Northern California fires.,Approve,Author approved title/decision/rationale review.,2026-08-23,Include,Author verified — approved 23 Aug 2026,Direct fire-specific comparative retrospective modelling,Supports GBM/RF performance for this event and dataset. It does not establish universal algorithm superiority or live forecast performance.,Complete report assessed 22 Aug 2026; Compares 11 algorithms and multi-source predictors for daily PM2.5 exposure mapping during the 2008 Northern California fires.,Eligibility author-approved; detailed coding not independently author-verified; see data/coding_completeness.csv
R09970,Stacking Deep Learning Models for Early Detection of Wildfire Smoke Plumes,Gonçalo Falcão; A. Fernandes; N. Garcia; Helena Aidos; P. Tomás,2023,European Signal Processing Conference,10.23919/eusipco58844.2023.10289811,https://doi.org/10.23919/eusipco58844.2023.10289811,Include for full text,Exposure / health-risk estimation; Forecasting / simulation; Detection,Retrieved,Complete report retrieved and assessed during documented recovery audit,Retrieved,Include,Retain as Direct fire-specific evidence. The verified complete report contributes eligible fire-specific evidence within the frozen review scope.,Approve,Author approved all simplified full-text decisions on 2026-08-24.,2026-08-24,Include,Author approved full-text eligibility — 2026-08-24,Direct fire-specific evidence,"Supports early smoke classification on the evaluated camera dataset; it does not establish field reliability, pollutant concentration or downstream emergency benefit.",Retrieved full report assessed 2026-08-24; minimum coding prepared from the complete report and with no independent author verification of detailed fields claimed.,Eligibility author-approved; detailed coding not independently author-verified; see data/coding_completeness.csv
R09995,Statistical downscaling with spatial misalignment: Application to wildland fire PM2.5 concentration forecasting.,"Majumder, Suman; Guan, Yawen; Reich, Brian J; O'Neill, Susan; Rappold, Ana G",2021,"Journal of agricultural, biological, and environmental statistics",10.1007/s13253-020-00420-4,https://doi.org/10.1007/s13253-020-00420-4,Include for full text,Forecasting / simulation; Concentration mapping / monitoring,Retrieved,Public full-text candidate located,Retrieved,Include,"Retain as Direct fire-specific evidence. The full report evaluates fire-specific smoke, plume, air-quality, or exposure forecasting/simulation.",Approve,Author approved title/decision/rationale review.,2026-08-23,Include,Author verified — approved 23 Aug 2026,Direct fire-specific evidence,Supports the reported model or simulation task and validation setting; it does not establish universal superiority or real-time deployment.,"Full report was previously assessed, but report text is unavailable in the current archive; detailed charting remains incomplete",Eligibility author-approved; detailed coding not independently author-verified; see data/coding_completeness.csv
R10066,Study of Fuel-Smoke Dynamics in a Prescribed Fire of Boreal Black Spruce Forest through Field-Deployable Micro Sensor Systems,Quamrul Huda; D. Lyder; Marty Collins; D. Schroeder; D. Thompson; G. Marshall; A. Leon; Ken Hidalgo; Masum Hossain,2020,Fire,10.3390/fire3030030,https://doi.org/10.3390/fire3030030,Include for full text,Concentration mapping / monitoring,Retrieved,Public full-text candidate located,Retrieved,Include,"Retain as Direct fire-specific evidence. The full report evaluates fire-specific smoke, aerosol, pollutant, plume, or concentration observation/estimation.",Approve,Author approved title/decision/rationale review.,2026-08-23,Include,Author verified — approved 23 Aug 2026,Direct fire-specific evidence,"Supports the reported sensing or measurement task only; operational readiness depends on setting, validation, and deployment maturity.","Full report was previously assessed, but report text is unavailable in the current archive; detailed charting remains incomplete",Eligibility author-approved; detailed coding not independently author-verified; see data/coding_completeness.csv
R10127,"Supplementary material to ""Insights into the aging of biomass burning aerosol from satellite observations and 3D atmospheric modeling: Evolution of the aerosol optical properties in Siberian wildfire plumes""",I. Konovalov; N. A. Golovushkin; M. Beekmann; M. Andreae,2020,,10.5194/acp-2020-591-supplement,https://doi.org/10.5194/acp-2020-591-supplement,Include for full text,Forecasting / simulation; Concentration mapping / monitoring,Retrieved; report identity and minimum detail validated,Adequate matching report retrieved and validated,Retrieved,Exclude,"No independent evidence contribution. The retrieved item is supplementary, corrective, or commentary material rather than a complete independent report.",Approve,Author approved title/decision/rationale review.,2026-08-23,Exclude,Author verified — approved 23 Aug 2026,Not included,,,Not applicable — excluded report
R10129,"Supplementary material to ""Quantifying the sensitivity of aerosol optical properties to the
parameterizations of physico-chemical processes during the 2010
Russian wildfires and heatwave""",Laura Palacios-Peña; P. Stier; R. Lorente‐Plazas; P. Jiménez‐Guerrero,2020,,10.5194/acp-2020-42-supplement,https://doi.org/10.5194/acp-2020-42-supplement,Include for full text,Concentration mapping / monitoring,Retrieved; report identity and minimum detail validated,Adequate matching report retrieved and validated,Retrieved,Exclude,"No independent evidence contribution. The retrieved item is supplementary, corrective, or commentary material rather than a complete independent report.",Approve,Author approved title/decision/rationale review.,2026-08-23,Exclude,Author verified — approved 23 Aug 2026,Not included,,,Not applicable — excluded report
R10136,"Surface Wildfire Regime and Simulation-Based Wildfire Exposure in the Golestan National Park, NE Iran",R. Jahdi; V. Bacciu; M. Salis; Liliana Del Giudice; A. Cerdà,2023,Fire,10.3390/fire6060244,https://doi.org/10.3390/fire6060244,Include for full text,Exposure / health-risk estimation; Forecasting / simulation,Retrieved,Public full-text candidate located,Retrieved,Exclude,"Fire occurrence/spread exposure only. Models burn probability, flame length, fire size, and wildfire regime; it does not evaluate smoke, ambient pollution, or a plume-response input.",Approve,Author approved title/decision/rationale review.,2026-08-23,Exclude,Author verified — approved 23 Aug 2026,Not included,,,Not applicable — excluded report
R10204,"Systematic review of impacts of occupational exposure to wildfire smoke on respiratory function, symptoms, measures and diseases.","Wah, Win; Gelaw, Asmare; Glass, Deborah C; Sim, Malcolm R; Hoy, Ryan F; Berecki-Gisolf, Janneke; Walker-Bone, Karen",2025,International journal of hygiene and environmental health,10.1016/j.ijheh.2024.114463,https://doi.org/10.1016/j.ijheh.2024.114463,Include for full text,Evidence synthesis; Occupational exposure / health-risk estimation,Retrieved,Author-supplied report validated and assessed,Retrieved,Include,Retain as Fire-specific evidence synthesis. Systematic review of 23 moderate-to-high-quality studies on occupational wildfire-smoke exposure and respiratory outcomes in wildland firefighters.,Approve,Author approved title/decision/rationale review.,2026-08-23,Include,Author verified — approved 23 Aug 2026,Fire-specific evidence synthesis,Supports occupational respiratory-risk and prevention statements; it is not evidence of an autonomous monitoring system or real-time individual risk predictor.,Full report text extracted and AI-assisted detailed charting proposal; no independent author verification of detailed fields claimed,Eligibility author-approved; detailed coding not independently author-verified; see data/coding_completeness.csv
R10276,The 2019 Raikoke volcanic eruption – Part 2: Particle-phase dispersion and concurrent wildfire smoke emissions,Martin Osborne; Johannes de Leeuw; C. Witham; A. Schmidt; F. Beckett; N. Kristiansen; J. Buxmann; C. Saint; E. Welton; J. Fochesatto; André Gomes; U. Bundke; A. Petzold; F. Marenco; J. Haywood,2021,Atmospheric Chemistry and Physics,10.5194/acp-22-2975-2022,https://doi.org/10.5194/acp-22-2975-2022,Include for full text,Forecasting / simulation; Emissions / source-term estimation,Retrieved,Public full-text candidate located,Retrieved,Include,"Retain as Direct fire-specific evidence. The full report evaluates fire-specific smoke, plume, air-quality, or exposure forecasting/simulation.",Approve,Author approved title/decision/rationale review.,2026-08-23,Include,Author verified — approved 23 Aug 2026,Direct fire-specific evidence,Supports the reported model or simulation task and validation setting; it does not establish universal superiority or real-time deployment.,"Full report was previously assessed, but report text is unavailable in the current archive; detailed charting remains incomplete",Eligibility author-approved; detailed coding not independently author-verified; see data/coding_completeness.csv
R10333,The British Columbia Asthma Prediction System (BCAPS): A Surveillance System to Forecast the Public Health Impacts of Wildfire Smoke,Kathleen E. McLean; Kathryn T. Morrison; Jiayun Yao; G. Shaddick; D. Buckeridge; Sarah B. Henderson,2018,ISEE Conference Abstracts,10.1289/isesisee.2018.o03.01.08,https://doi.org/10.1289/isesisee.2018.o03.01.08,Include for full text,Exposure / health-risk estimation; Forecasting / simulation,Not retrieved — inaccessible after documented attempts,No complete report accessible after Zotero-assisted and manual access attempts,Not retrieved,Not retrieved,Report not retrieved after documented access attempts; eligibility remains unknown and no findings are inferred.,Approve,Author approved all simplified full-text decisions on 2026-08-24.,2026-08-24,Not retrieved — inaccessible after documented attempts,Author approved retrieval outcome — 2026-08-24,"Primary candidate — direct fire-specific operational, plume, source/perimeter, exposure/action, or decision-interface evidence; full text required",No substantive claim because the complete report was unavailable.,Retrieval-only audit; no report-level coding or findings inferred,Not applicable — report unavailable
R10350,The changing risk and burden of wildfire in the United States.,"Burke, Marshall; Driscoll, Anne; Heft-Neal, Sam; Xue, Jiani; Burney, Jennifer; Wara, Michael",2021,Proceedings of the National Academy of Sciences of the United States of America,10.1073/pnas.2011048118,https://doi.org/10.1073/pnas.2011048118,Uncertain,Background / enabling method,Retrieved,Public full-text candidate located,Retrieved,Include,Retain as Direct fire-specific evidence. The full report contains an eligible fire-specific observation-to-action contribution.,Approve,Author approved title/decision/rationale review.,2026-08-23,Include,Author verified — approved 23 Aug 2026,Direct fire-specific evidence,Supports only the fire-specific task and evaluation setting described in the report; detailed coding has completeness reported in the field-level audit.,Existing charting retained; current full-report archive incomplete; no independent author verification of detailed fields claimed,Eligibility author-approved; detailed coding not independently author-verified; see data/coding_completeness.csv
R10430,The effect of wildfire smoke on children's health: A systematic review.,"Syed, Amal; Basu, Rupa",2025,Paediatric and perinatal epidemiology,10.1111/ppe.13141,https://doi.org/10.1111/ppe.13141,Include for full text,Evidence synthesis; Exposure / health-risk estimation,Retrieved,Author-supplied report validated and assessed,Retrieved,Include,"Retain as Fire-specific evidence synthesis. Systematic review of 24 epidemiological studies on respiratory and non-respiratory child health outcomes, explicitly intended to identify gaps and inform protective decisions.",Approve,Author approved title/decision/rationale review.,2026-08-23,Include,Author verified — approved 23 Aug 2026,Fire-specific evidence synthesis,Supports child-health vulnerability and evidence-gap statements; it does not provide incident-level exposure forecasting or validated decision-support performance.,Full report text extracted and AI-assisted detailed charting proposal; no independent author verification of detailed fields claimed,Eligibility author-approved; detailed coding not independently author-verified; see data/coding_completeness.csv
R10436,The effects of bushfire smoke exposure on oxidative stress and inflammatory biomarkers: a systematic review.,"Nazli, Siti Nurshahida; Langan, Gaurav; Iles, Sophie; Rathnayake, Leron; Rampersad, Dhiya; Araba, Iyanuoluwa; Sly, Peter D; Vilcins, Dwan",2026,Reviews on environmental health,10.1515/reveh-2025-0109,https://doi.org/10.1515/reveh-2025-0109,Include for full text,Evidence synthesis; Exposure / health-risk estimation; Biomarker assessment,Retrieved,Author-supplied report validated and assessed,Retrieved,Include,"Retain as Fire-specific evidence synthesis. PROSPERO-registered PRISMA review of 14 studies on oxidative-stress and inflammatory biomarkers after bushfire-smoke exposure, with NIH risk-of-bias appraisal and a limited random-effects synthesis.",Approve,Author approved title/decision/rationale review.,2026-08-23,Include,Author verified — approved 23 Aug 2026,Fire-specific evidence synthesis,"Supports biomarker and occupational/public-health context, especially short-term IL-8 findings; high heterogeneity and small samples preclude operational thresholds or personalised risk claims.",Full report text extracted and AI-assisted detailed charting proposal; no independent author verification of detailed fields claimed,Eligibility author-approved; detailed coding not independently author-verified; see data/coding_completeness.csv
R10481,The FireWork air quality forecast system with biomass burning emissions from the Canadian Forest Fire Emissions Prediction System,Jack Chen; Kerry Anderson; R. Pavlovic; M. Moran; P. Englefield; D. Thompson; R. Munoz-Alpizar; H. Landry,2019,,,,Include for full text,Forecasting / simulation; Concentration mapping / monitoring; Emissions / source-term estimation,Retrieved,Complete report retrieved and assessed during documented recovery audit,Retrieved,Include,Retain as Direct fire-specific evidence. The verified complete report contributes eligible fire-specific evidence within the frozen review scope.,Approve,Author approved all simplified full-text decisions on 2026-08-24.,2026-08-24,Include,Author approved full-text eligibility — 2026-08-24,Direct fire-specific evidence,Supports operational wildfire-smoke air-quality forecasting and the reported v2.0 improvements within the Canadian system/evaluation; it does not establish universal forecast superiority or individual health-risk accuracy.,Retrieved full report assessed 2026-08-24; minimum coding prepared from the complete report and with no independent author verification of detailed fields claimed.,Eligibility author-approved; detailed coding not independently author-verified; see data/coding_completeness.csv
R10482,The FireWork air quality forecast system with near-real-time biomass burning emissions: Recent developments and evaluation of performance for the 2015 North American wildfire season.,"Pavlovic, Radenko; Chen, Jack; Anderson, Kerry; Moran, Michael D; Beaulieu, Paul-André; Davignon, Didier; Cousineau, Sophie",2016,Journal of the Air & Waste Management Association (1995),10.1080/10962247.2016.1158214,https://doi.org/10.1080/10962247.2016.1158214,Include for full text,Forecasting / simulation; Concentration mapping / monitoring; Emissions / source-term estimation,Retrieved,Public full-text candidate located,Retrieved,Include,"Retain as Direct fire-specific evidence. The full report evaluates fire-specific smoke, plume, air-quality, or exposure forecasting/simulation.",Approve,Author approved title/decision/rationale review.,2026-08-23,Include,Author verified — approved 23 Aug 2026,Direct fire-specific evidence,Supports the reported model or simulation task and validation setting; it does not establish universal superiority or real-time deployment.,"Full report was previously assessed, but report text is unavailable in the current archive; detailed charting remains incomplete",Eligibility author-approved; detailed coding not independently author-verified; see data/coding_completeness.csv
R10483,The FireWork v2.0 air quality forecast system with biomass burning emissions from the Canadian Forest Fire Emissions Prediction System v2.03,Jack Chen; Kerry Anderson; R. Pavlovic; M. Moran; P. Englefield; D. Thompson; R. Munoz-Alpizar; H. Landry,2019,Geoscientific Model Development,10.5194/gmd-12-3283-2019,https://doi.org/10.5194/gmd-12-3283-2019,Include for full text,Forecasting / simulation; Concentration mapping / monitoring; Emissions / source-term estimation,Retrieved,Public full-text candidate located,Retrieved,Include,"Retain as Direct fire-specific evidence. The full report evaluates fire-specific smoke, plume, air-quality, or exposure forecasting/simulation.",Approve,Author approved title/decision/rationale review.,2026-08-23,Include,Author verified — approved 23 Aug 2026,Direct fire-specific evidence,Supports the reported model or simulation task and validation setting; it does not establish universal superiority or real-time deployment.,"Full report was previously assessed, but report text is unavailable in the current archive; detailed charting remains incomplete",Eligibility author-approved; detailed coding not independently author-verified; see data/coding_completeness.csv
R10518,The Impact of a Wildland Fire on Air Pollution Concentrations Using WRF/Chem/Fire: An Application over Murcia (Spain),R. S. José; J. Pérez; R. M. González; J. Pecci; M. Palacios,2014,Springer Proceedings in Complexity,10.1007/978-3-319-04379-1_99,https://doi.org/10.1007/978-3-319-04379-1_99,Include for full text,Forecasting / simulation; Concentration mapping / monitoring,Not retrieved — inaccessible after documented attempts,No complete report accessible after Zotero-assisted and manual access attempts,Not retrieved,Not retrieved,Report not retrieved after documented access attempts; eligibility remains unknown and no findings are inferred.,Approve,Author approved all simplified full-text decisions on 2026-08-24.,2026-08-24,Not retrieved — inaccessible after documented attempts,Author approved retrieval outcome — 2026-08-24,"Primary candidate — direct fire-specific operational, plume, source/perimeter, exposure/action, or decision-interface evidence; full text required",No substantive claim because the complete report was unavailable.,Retrieval-only audit; no report-level coding or findings inferred,Not applicable — report unavailable
R10520,"The Impact of Air Pollution from Industrial Fires in Urban Settings: Monitoring, Modelling, Health, and Environmental Justice Perspectives",M. Deary; Simon D. Griffiths,2024,Environments - MDPI,10.3390/environments11070157,https://doi.org/10.3390/environments11070157,Include for full text,Governance / policy; Exposure / health-risk estimation; Forecasting / simulation; Concentration mapping / monitoring,Retrieved,Public full-text candidate located,Retrieved,Include,"Retain as Direct fire-specific evidence. The full report evaluates fire-specific smoke, aerosol, pollutant, plume, or concentration observation/estimation.",Approve,Author approved title/decision/rationale review.,2026-08-23,Include,Author verified — approved 23 Aug 2026,Direct fire-specific evidence,"Supports the reported sensing or measurement task only; operational readiness depends on setting, validation, and deployment maturity.",Existing charting retained; current full-report archive incomplete; no independent author verification of detailed fields claimed,Eligibility author-approved; detailed coding not independently author-verified; see data/coding_completeness.csv
R10550,The impact of MISR-derived injection height initialization on wildfire and volcanic plume dispersion in the HYSPLIT model,C. Vernon; Ryan M. Bolt; T. Canty; R. Kahn,2018,Atmospheric Measurement Techniques,10.5194/amt-11-6289-2018,https://doi.org/10.5194/amt-11-6289-2018,Include for full text,Forecasting / simulation,Retrieved,Public full-text candidate located,Retrieved,Include,"Retain as Direct fire-specific evidence. The full report evaluates fire-specific smoke, plume, air-quality, or exposure forecasting/simulation.",Approve,Author approved title/decision/rationale review.,2026-08-23,Include,Author verified — approved 23 Aug 2026,Direct fire-specific evidence,Supports the reported model or simulation task and validation setting; it does not establish universal superiority or real-time deployment.,"Full report was previously assessed, but report text is unavailable in the current archive; detailed charting remains incomplete",Eligibility author-approved; detailed coding not independently author-verified; see data/coding_completeness.csv
R10567,The impact of US wildland fires on ozone and particulate matter: a comparison of measurements and CMAQ model predictions from 2008 to 2012.,"Wilkins, Joseph L; Pouliot, George; Foley, Kristen; Appel, Wyat; Pierce, Thomas",2018,International journal of wildland fire,10.1071/wf18053,https://doi.org/10.1071/wf18053,Include for full text,Forecasting / simulation; Concentration mapping / monitoring,Retrieved,Public full-text candidate located,Retrieved,Include,"Retain as Direct fire-specific evidence. The full report evaluates fire-specific smoke, plume, air-quality, or exposure forecasting/simulation.",Approve,Author approved title/decision/rationale review.,2026-08-23,Include,Author verified — approved 23 Aug 2026,Direct fire-specific evidence,Supports the reported model or simulation task and validation setting; it does not establish universal superiority or real-time deployment.,"Full report was previously assessed, but report text is unavailable in the current archive; detailed charting remains incomplete",Eligibility author-approved; detailed coding not independently author-verified; see data/coding_completeness.csv
R10575,The impact of wildfire smoke on traffic evacuation dynamics,A. Rohaert; Maxine Berthiaume; Max Kinateder; J. Wahlqvist; Enrico Ronchi,2025,Safety Science,10.1016/j.ssci.2025.106812,https://doi.org/10.1016/j.ssci.2025.106812,Include for full text,Intervention / decision planning,Retrieved; report identity and minimum detail validated,Adequate matching report retrieved and validated,Retrieved,Include,"Retain as Direct fire-specific evidence. The full report evaluates fire-specific ambient pollution, smoke/plume behaviour, monitoring, forecasting, exposure, intervention, or a directly related evidence synthesis.",Approve,Author approved title/decision/rationale review.,2026-08-23,Include,Author verified — approved 23 Aug 2026,Direct fire-specific evidence,"Supports only the fire-specific task and evaluation setting described in the report; it does not by itself establish operational readiness, universal superiority, or cross-incident generalisation.",AI-assisted extraction from validated full-report text; existing nonblank charting preserved; no independent author verification of detailed fields claimed,Eligibility author-approved; detailed coding not independently author-verified; see data/coding_completeness.csv
R10588,The impacts of transported wildfire smoke aerosols on surface air quality in New York State: A multi-year study using machine learning,W. Hung; Cheng-Hsuan Lu; S. Alessandrini; Rajesh Kumar; Chin-An Lin,2021,Atmospheric Environment,10.1016/j.atmosenv.2021.118513,https://doi.org/10.1016/j.atmosenv.2021.118513,Include for full text,Exposure / health-risk estimation; Forecasting / simulation; Concentration mapping / monitoring,Retrieved,Complete report retrieved and assessed during documented recovery audit,Retrieved,Include,Retain as Direct fire-specific evidence. The verified complete report contributes eligible fire-specific evidence within the frozen review scope.,Approve,Author approved all simplified full-text decisions on 2026-08-24.,2026-08-24,Include,Author approved full-text eligibility — 2026-08-24,Direct fire-specific evidence,Supports retrospective estimation of surface PM2.5 during the evaluated transported-smoke events using the reported predictors; it does not validate incident-time personalised exposure or intervention decisions.,Retrieved full report assessed 2026-08-24; minimum coding prepared from the complete report and with no independent author verification of detailed fields claimed.,Eligibility author-approved; detailed coding not independently author-verified; see data/coding_completeness.csv
R10616,The Influence of South East Asia Forest Fires on Ambient Particulate Matter Concentrations in Singapore: An Ecological Study Using Random Forest and Vector Autoregressive Models.,"Rajarethinam, Jayanthi; Aik, Joel; Tian, Jing",2020,International journal of environmental research and public health,10.3390/ijerph17249345,https://doi.org/10.3390/ijerph17249345,Include for full text,Exposure / health-risk estimation; Forecasting / simulation; Concentration mapping / monitoring,Retrieved,Public full-text candidate located,Retrieved,Include,"Retain as Direct fire-specific evidence. The report develops or evaluates an exposure, risk, vulnerability, health-impact, or public-health forecasting method relevant to fire smoke.",Approve,Author approved title/decision/rationale review.,2026-08-23,Include,Author verified — approved 23 Aug 2026,Direct fire-specific evidence,"Supports the reported exposure, risk, or public-health estimation task; it does not establish prospective clinical decision support unless evaluated.","Full report was previously assessed, but report text is unavailable in the current archive; detailed charting remains incomplete",Eligibility author-approved; detailed coding not independently author-verified; see data/coding_completeness.csv
R10656,The mental health and well-being effects of wildfire smoke: a scoping review.,"Eisenman, David P; Galway, Lindsay P",2022,BMC public health,10.1186/s12889-022-14662-z,https://doi.org/10.1186/s12889-022-14662-z,Include for full text,Evidence synthesis; Exposure / health-risk estimation,Retrieved,Public full-text candidate located,Retrieved,Include,Retain as Fire-specific evidence synthesis. The report synthesizes fire-specific evidence relevant to at least one review question and will be used with synthesis-level claim boundaries.,Approve,Author approved title/decision/rationale review.,2026-08-23,Include,Author verified — approved 23 Aug 2026,Fire-specific evidence synthesis,Used for scope comparison or evidence synthesis; it cannot substitute for primary comparative or deployment evidence.,"Full report was previously assessed, but report text is unavailable in the current archive; detailed charting remains incomplete",Eligibility author-approved; detailed coding not independently author-verified; see data/coding_completeness.csv
R10672,"The Nighttime Fire Observations eXperiment (NightFOX) - UAS wildfire measurements for air quality, fire weather forecasting, and satellite validations",R. Gao; T. Thornberry; K. Rosenlof; B. Argrow; Cory Dixon; Jack Elston; J. Mandel; A. Kochanski,2018,,,,Include for full text,Forecasting / simulation; Concentration mapping / monitoring,Not retrieved — inaccessible after documented attempts,No complete report accessible after Zotero-assisted and manual access attempts,Not retrieved,Not retrieved,Report not retrieved after documented access attempts; eligibility remains unknown and no findings are inferred.,Approve,Author approved all simplified full-text decisions on 2026-08-24.,2026-08-24,Not retrieved — inaccessible after documented attempts,Author approved retrieval outcome — 2026-08-24,"Primary candidate — direct fire-specific operational, plume, source/perimeter, exposure/action, or decision-interface evidence; full text required",No substantive claim because the complete report was unavailable.,Retrieval-only audit; no report-level coding or findings inferred,Not applicable — report unavailable
R10769,The Smokewise simulation framework: Integrating multiple models for strategic wildfire smoke modeling,Joseph L. Crockett; Daniel Krofcheck; Satyanadh Gundimada; Zachary Morrow; Jonathan Minoff; Esther John; M. Campos,2025,,10.2172/3385059,https://doi.org/10.2172/3385059,Include for full text,Forecasting / simulation,Retrieved; report identity and minimum detail validated,Adequate matching report retrieved and validated,Retrieved,Include,"Retain as Direct fire-specific evidence. The full report evaluates fire-specific ambient pollution, smoke/plume behaviour, monitoring, forecasting, exposure, intervention, or a directly related evidence synthesis.",Approve,Author approved title/decision/rationale review.,2026-08-23,Include,Author verified — approved 23 Aug 2026,Direct fire-specific evidence,"Supports only the fire-specific task and evaluation setting described in the report; it does not by itself establish operational readiness, universal superiority, or cross-incident generalisation.",AI-assisted extraction from validated full-report text; existing nonblank charting preserved; no independent author verification of detailed fields claimed,Eligibility author-approved; detailed coding not independently author-verified; see data/coding_completeness.csv
R10830,"Theoretical Investigations on Mapping Mean Distributions of Particulate Matter, Inert, Reactive, and Secondary Pollutants from Wildfires by Unmanned Air Vehicles (UAVs)",N. Mölders; Mary K. Butwin; J. M. Madden; H. Tran; K. Sassen; G. Kramm,2015,,10.4236/ojap.2015.43014,https://doi.org/10.4236/ojap.2015.43014,Include for full text,Concentration mapping / monitoring,Retrieved; report identity and minimum detail validated,Adequate matching report retrieved and validated,Retrieved,Include,"Retain as Direct fire-specific evidence. The full report evaluates fire-specific ambient pollution, smoke/plume behaviour, monitoring, forecasting, exposure, intervention, or a directly related evidence synthesis.",Approve,Author approved title/decision/rationale review.,2026-08-23,Include,Author verified — approved 23 Aug 2026,Direct fire-specific evidence,"Supports only the fire-specific task and evaluation setting described in the report; it does not by itself establish operational readiness, universal superiority, or cross-incident generalisation.",AI-assisted extraction from validated full-report text; existing nonblank charting preserved; no independent author verification of detailed fields claimed,Eligibility author-approved; detailed coding not independently author-verified; see data/coding_completeness.csv
R10844,Thermal RGB Fusion for Micro-UAV Wildfire Perimeter Tracking with Minimal Comms,Ercan Erkalkan; V. Topuz; A. Ak,2025,arXiv.org,10.48550/arxiv.2512.12199,https://doi.org/10.48550/arxiv.2512.12199,Include for full text,Source localisation / boundary tracking,Retrieved,Public full-text candidate located,Retrieved,Include,"Retain as Conditional fire-source/perimeter input. The report supplies a fire-specific source, perimeter, spread, coverage, or routing input that can materially support plume monitoring or incident decisions.",Approve,Author approved title/decision/rationale review.,2026-08-23,Include,Author verified — approved 23 Aug 2026,Conditional fire-source/perimeter input,"Supplies a possible source, perimeter, rate-of-spread, or routing input; it is not direct evidence of pollutant concentration mapping or health protection.","Full report was previously assessed, but report text is unavailable in the current archive; detailed charting remains incomplete",Eligibility author-approved; detailed coding not independently author-verified; see data/coding_completeness.csv
R10886,Timely Wildfire Perimeter Mapping for Unmanned Aerial Platforms,Andrew Rittenbach; Connor Imes; John Paul Walters,2024,"3D Image Acquisition and Display: Technology, Perception and Applications, 3D 2024 in Proceedings Optica Imaging Congress 2024, 3D, AOMS, COSI, ISA, pcAOP - Part of Optica Imaging Congress",10.1364/pcaop.2024.fd1.7,https://doi.org/10.1364/pcaop.2024.fd1.7,Include for full text,Concentration mapping / monitoring; Source localisation / boundary tracking,Retrieved,Complete report retrieved and assessed during documented recovery audit,Retrieved,Include,Retain as Conditional fire-source/perimeter input. The verified complete report contributes eligible fire-specific evidence within the frozen review scope.,Approve,Author approved all simplified full-text decisions on 2026-08-24.,2026-08-24,Include,Author approved full-text eligibility — 2026-08-24,Conditional fire-source/perimeter input,"Supports onboard multispectral fire-perimeter segmentation on the evaluated embedded platform; it is a source-state input and does not validate smoke concentration, field deployment or health action.",Retrieved full report assessed 2026-08-24; minimum coding prepared from the complete report and with no independent author verification of detailed fields claimed.,Eligibility author-approved; detailed coding not independently author-verified; see data/coding_completeness.csv
R10939,Towards Decentralized Importance-based Multi-UAS Path Planning for Wildfire Monitoring,Towhidul Islam S.M.; Hu X.,2022,"2022 17th Annual System of Systems Engineering Conference, SOSE 2022",10.1109/sose55472.2022.9812651,https://doi.org/10.1109/sose55472.2022.9812651,Include for full text,Concentration mapping / monitoring; Source localisation / boundary tracking,Retrieved,Complete report retrieved and assessed during documented recovery audit,Retrieved,Include,Retain as Conditional fire-source/perimeter input. The verified complete report contributes eligible fire-specific evidence within the frozen review scope.,Approve,Author approved all simplified full-text decisions on 2026-08-24.,2026-08-24,Include,Author approved full-text eligibility — 2026-08-24,Conditional fire-source/perimeter input,Supports preliminary decentralised multi-UAS monitoring of a simulated evolving fire boundary; it does not establish field-safe plume sensing or operational performance.,Retrieved full report assessed 2026-08-24; minimum coding prepared from the complete report and with no independent author verification of detailed fields claimed.,Eligibility author-approved; detailed coding not independently author-verified; see data/coding_completeness.csv
R10945,"Towards Intelligent Wildfire Detection: A Review of Hybrid WSN, AI, UAV, and IoT-Based Monitoring Systems",A. A; T. E.; L. K; P. K; Ajay Kumar Reddy P.,2026,IRO Journal on Sustainable Wireless Systems,10.36548/jsws.2026.3.008,https://doi.org/10.36548/jsws.2026.3.008,Include for full text,Evidence synthesis; Concentration mapping / monitoring; Detection,Retrieved; report identity and minimum detail validated,Adequate matching report retrieved and validated,Retrieved,Include,"Retain as Fire-specific evidence synthesis—source/detection layer. Reviews WSN, IoT, UAV, and AI systems for wildfire detection, including smoke/gas sensors, datasets, and deployment constraints; retained for the sensing layer only.",Approve,Author approved title/decision/rationale review.,2026-08-23,Include,Author verified — approved 23 Aug 2026,Fire-specific evidence synthesis—source/detection layer,Supports statements about the scope and reported findings of the reviewed literature; it is not independent deployment evidence and cannot establish algorithmic superiority.,AI-assisted extraction from validated full-report text; existing nonblank charting preserved; no independent author verification of detailed fields claimed,Eligibility author-approved; detailed coding not independently author-verified; see data/coding_completeness.csv
R10953,Towards Proactive Decentralized Adaptation of Unmanned Aerial Vehicles for Wildfire Tracking,Enrique Vilchez; Javier Troya; Javier Cámara,2024,International Symposium on Software Engineering for Adaptive and Self-Managing Systems,10.1145/3643915.3644081,https://doi.org/10.1145/3643915.3644081,Include for full text,Source localisation / boundary tracking,Retrieved,Complete report retrieved and assessed during documented recovery audit,Retrieved,Include,Retain as Conditional fire-source/perimeter input. The verified complete report contributes eligible fire-specific evidence within the frozen review scope.,Approve,Author approved all simplified full-text decisions on 2026-08-24.,2026-08-24,Include,Author approved full-text eligibility — 2026-08-24,Conditional fire-source/perimeter input,"Supports proactive adaptation only when sufficiently accurate environmental predictions are available in the evaluated exemplar; it does not establish algorithm superiority, field tracking or smoke-concentration sensing.",Retrieved full report assessed 2026-08-24; minimum coding prepared from the complete report and with no independent author verification of detailed fields claimed.,Eligibility author-approved; detailed coding not independently author-verified; see data/coding_completeness.csv
R10990,Tracking Smoke from a Prescribed Fire and Its Impacts on Local Air Quality Using Temporally Resolved GOES-16 ABI Aerosol Optical Depth (AOD),Huff A.K.; Kondragunta S.; Zhang H.; Laszlo I.; Zhou M.; Caicedo V.; Delgado R.; Levy R.,2021,Journal of Atmospheric and Oceanic Technology,10.1175/jtech-d-20-0162.1,https://doi.org/10.1175/jtech-d-20-0162.1,Include for full text,Concentration mapping / monitoring; Source localisation / boundary tracking,Not retrieved — inaccessible after documented attempts,No complete report accessible after Zotero-assisted and manual access attempts,Not retrieved,Not retrieved,Report not retrieved after documented access attempts; eligibility remains unknown and no findings are inferred.,Approve,Author approved all simplified full-text decisions on 2026-08-24.,2026-08-24,Not retrieved — inaccessible after documented attempts,Author approved retrieval outcome — 2026-08-24,Direct fire-specific evidence,No substantive claim because the complete report was unavailable.,Retrieval-only audit; no report-level coding or findings inferred,Not applicable — report unavailable
R11020,Transport of Canadian forest fire smoke over the UK as observed by lidar,Vaughan G.; Draude A.P.; Ricketts H.M.A.; Schultz D.M.; Adam M.; Sugier J.; Wareing D.P.,2018,Atmospheric Chemistry and Physics,10.5194/acp-18-11375-2018,https://doi.org/10.5194/acp-18-11375-2018,Include for full text,Forecasting / simulation; Concentration mapping / monitoring,Retrieved,Public full-text candidate located,Retrieved,Include,"Retain as Direct fire-specific evidence. The full report evaluates fire-specific smoke, aerosol, pollutant, plume, or concentration observation/estimation.",Approve,Author approved title/decision/rationale review.,2026-08-23,Include,Author verified — approved 23 Aug 2026,Direct fire-specific evidence,"Supports the reported sensing or measurement task only; operational readiness depends on setting, validation, and deployment maturity.","Full report was previously assessed, but report text is unavailable in the current archive; detailed charting remains incomplete",Eligibility author-approved; detailed coding not independently author-verified; see data/coding_completeness.csv
R11083,Two-stage interrupted time series analysis with machine learning: evaluating the health effects of the 2018 wildfire smoke event in San Francisco County as a case study.,"Dey, Arnab K; Ma, Yiqun; Carrasco-Escobar, Gabriel; Han, Changwoo; Rerolle, François; Benmarhnia, Tarik",2025,American journal of epidemiology,10.1093/aje/kwaf147,https://doi.org/10.1093/aje/kwaf147,Include for full text,Exposure / health-risk estimation,Retrieved,Public full-text candidate located,Retrieved,Include,Uses ML/ITS to estimate counterfactual hospitalisations after a wildfire-smoke event. Unclear whether this meets the frozen operational health-risk/public-health forecasting threshold or is background health-impact methodology.,Approve,Retained under Amendment 001 as a retrospective health-impact/healthcare-demand modelling method.,2026-08-23,Include,Author verified — approved 23 Aug 2026,Direct fire-specific evidence,Supports retrospective public-health/healthcare-demand estimation; it does not establish prospective clinical decision support.,"Full report was previously assessed, but report text is unavailable in the current archive; detailed charting remains incomplete",Eligibility author-approved; detailed coding not independently author-verified; see data/coding_completeness.csv
R11105,UAV-based forest fire detection and tracking using image processing techniques,C. Yuan; Zhixiang Liu; Youmin Zhang,2015,International Conference on Unmanned Aircraft Systems,10.1109/icuas.2015.7152345,https://doi.org/10.1109/icuas.2015.7152345,Include for full text,Source localisation / boundary tracking; Detection,Retrieved,Complete report retrieved and assessed during documented recovery audit,Retrieved,Include,Retain as Conditional fire-source/perimeter input. The verified complete report contributes eligible fire-specific evidence within the frozen review scope.,Approve,Author approved all simplified full-text decisions on 2026-08-24.,2026-08-24,Include,Author approved full-text eligibility — 2026-08-24,Conditional fire-source/perimeter input,Supports image-based fire-pixel extraction and tracking in the evaluated sequences; it supplies possible source-state information rather than smoke concentration or operational-response evidence.,Retrieved full report assessed 2026-08-24; minimum coding prepared from the complete report and with no independent author verification of detailed fields claimed.,Eligibility author-approved; detailed coding not independently author-verified; see data/coding_completeness.csv
R11112,UAV-based system for real-time wildfire perimeter propagation tracking,Constantinos Heracleous; P. Kolios; C. Panayiotou,2023,"2023 31st Mediterranean Conference on Control and Automation, MED 2023",10.1109/med59994.2023.10185693,https://doi.org/10.1109/med59994.2023.10185693,Include for full text,Source localisation / boundary tracking,Retrieved,Complete report retrieved and assessed during documented recovery audit,Retrieved,Include,Retain as Conditional fire-source/perimeter input. The verified complete report contributes eligible fire-specific evidence within the frozen review scope.,Approve,Author approved all simplified full-text decisions on 2026-08-24.,2026-08-24,Include,Author approved full-text eligibility — 2026-08-24,Conditional fire-source/perimeter input,"Supports observation-model fusion for simulated wildfire-perimeter tracking; it does not validate field sensing, smoke transport, concentration or emergency decisions.",Retrieved full report assessed 2026-08-24; minimum coding prepared from the complete report and with no independent author verification of detailed fields claimed.,Eligibility author-approved; detailed coding not independently author-verified; see data/coding_completeness.csv
R11130,UAV Path Planning for Wildfire Tracking Using Partially Observable Markov Decision Process,Poorya Shobeiry; M. Xin; Xiaolin Hu; Haiyang Chao,2020,AIAA Scitech 2021 Forum,10.2514/6.2021-1677,https://doi.org/10.2514/6.2021-1677,Include for full text,Intervention / decision planning; Concentration mapping / monitoring; Source localisation / boundary tracking,Not retrieved — inaccessible after documented attempts,No complete report accessible after Zotero-assisted and manual access attempts,Not retrieved,Not retrieved,Report not retrieved after documented access attempts; eligibility remains unknown and no findings are inferred.,Approve,Author approved all simplified full-text decisions on 2026-08-24.,2026-08-24,Not retrieved — inaccessible after documented attempts,Author approved retrieval outcome — 2026-08-24,"Primary candidate — direct fire-specific operational, plume, source/perimeter, exposure/action, or decision-interface evidence; full text required",No substantive claim because the complete report was unavailable.,Retrieval-only audit; no report-level coding or findings inferred,Not applicable — report unavailable
R11154,Uncertainties in prescribed fire emissions and their Impact on smoke dispersion predictions,Aika Yano,2011,,,,Include for full text,Forecasting / simulation; Emissions / source-term estimation,Not retrieved — inaccessible after documented attempts,No complete report accessible after Zotero-assisted and manual access attempts,Not retrieved,Not retrieved,Report not retrieved after documented access attempts; eligibility remains unknown and no findings are inferred.,Approve,Author approved all simplified full-text decisions on 2026-08-24.,2026-08-24,Not retrieved — inaccessible after documented attempts,Author approved retrieval outcome — 2026-08-24,"Primary candidate — direct fire-specific operational, plume, source/perimeter, exposure/action, or decision-interface evidence; full text required",No substantive claim because the complete report was unavailable.,Retrieval-only audit; no report-level coding or findings inferred,Not applicable — report unavailable
R11159,Uncertainty-Aware Wildfire Smoke Density Classification from Satellite Imagery via CBAM-Augmented EfficientNet with Evidential Deep Learning,Ranjith Chodavarapu,2026,arXiv.org,10.48550/arxiv.2605.15894,https://doi.org/10.48550/arxiv.2605.15894,Include for full text,Concentration mapping / monitoring; Detection,Retrieved,Public full-text candidate located,Retrieved,Include,"Retain as Direct fire-specific evidence. The full report evaluates fire-specific smoke, aerosol, pollutant, plume, or concentration observation/estimation.",Approve,Author approved title/decision/rationale review.,2026-08-23,Include,Author verified — approved 23 Aug 2026,Direct fire-specific evidence,"Supports the reported sensing or measurement task only; operational readiness depends on setting, validation, and deployment maturity.","Full report was previously assessed, but report text is unavailable in the current archive; detailed charting remains incomplete",Eligibility author-approved; detailed coding not independently author-verified; see data/coding_completeness.csv
R11177,Understanding green house gases emission dynamics from forest fires in Thailand using predictive models,F. Shahzad; Kaleem Mehmood; S. A. Anees; Muhammad Adnan; Khadim Hussain; Waseem Razzaq Khan; Munawar Shah; P. Jamjareegulgarn; Manuela Oliveira; J. Borges,2026,Global and Planetary Change,10.1016/j.gloplacha.2025.105236,https://doi.org/10.1016/j.gloplacha.2025.105236,Include for full text,Forecasting / simulation; Emissions / source-term estimation,Retrieved; report identity and minimum detail validated,Adequate matching report retrieved and validated,Retrieved,Include,"Retain as Direct fire-specific evidence. The full report evaluates fire-specific ambient pollution, smoke/plume behaviour, monitoring, forecasting, exposure, intervention, or a directly related evidence synthesis.",Approve,Author approved title/decision/rationale review.,2026-08-23,Include,Author verified — approved 23 Aug 2026,Direct fire-specific evidence,"Supports only the fire-specific task and evaluation setting described in the report; it does not by itself establish operational readiness, universal superiority, or cross-incident generalisation.",AI-assisted extraction from validated full-report text; existing nonblank charting preserved; no independent author verification of detailed fields claimed,Eligibility author-approved; detailed coding not independently author-verified; see data/coding_completeness.csv
R11207,Unmanned Aerial Vehicle-Based Forest Fire Detection Systems: A Comprehensive Review,Jyoti Patel; Mallikarjun Bhusnoor; Dhrumil Patel; Akshara Mehta; S. Sainkar; N. Mehendale,2023,Social Science Research Network,10.2139/ssrn.4603404,https://doi.org/10.2139/ssrn.4603404,Include for full text,Review / positioning,Retrieved,Author-supplied report validated and assessed,Retrieved,Include,"Retain as Evidence synthesis / review-positioning. Narratively reviews UAV platforms, sensors, computer-vision methods, reported performance, integration challenges, and research gaps for forest-fire detection.",Approve,Author approved title/decision/rationale review.,2026-08-23,Include,Author verified — approved 23 Aug 2026,Evidence synthesis / review-positioning,"Supports taxonomy, problem framing, and identification of reported UAV-detection challenges; its undocumented search and appraisal process and heterogeneous source metrics cannot support systematic completeness, comparative algorithm superiority, or operational robustness claims.",Full report text extracted and AI-assisted detailed charting proposal; no independent author verification of detailed fields claimed,Eligibility author-approved; detailed coding not independently author-verified; see data/coding_completeness.csv
R11221,Unmanned-Aircraft-System-Assisted Early Wildfire Detection with Air Quality Sensors,Doaa Rjoub; Ahmad Alsharoa; Ala’eddin Masadeh,2023,Electronics (Switzerland),10.3390/electronics12051239,https://doi.org/10.3390/electronics12051239,Include for full text,Concentration mapping / monitoring; Detection,Retrieved,Public full-text candidate located,Retrieved,Include,Retain as Direct fire-specific evidence. The full report contains an eligible fire-specific observation-to-action contribution.,Approve,Author approved title/decision/rationale review.,2026-08-23,Include,Author verified — approved 23 Aug 2026,Direct fire-specific evidence,Supports an operationally relevant fire-specific task; detailed task and maturity coding has completeness reported in the field-level audit.,"Full report was previously assessed, but report text is unavailable in the current archive; detailed charting remains incomplete",Eligibility author-approved; detailed coding not independently author-verified; see data/coding_completeness.csv
R11245,"Unveiling the Impact of Wildfires on Nanoparticle Characteristics and Exposure Disparities through Mobile and Fixed-Site Monitoring in Toronto, Canada.","Xu, Junshi; Ganji, Arman; Saeedi, Milad; Jeong, Cheol-Heon; Su, Yushan; Munoz, Tony; Lloyd, Marshall; Weichenthal, Scott; Evans, Greg; Hatzopoulou, Marianne",2025,Environmental Science and Technology,10.1021/acs.est.4c08675,https://doi.org/10.1021/acs.est.4c08675,Include for full text,Exposure / health-risk estimation; Concentration mapping / monitoring,Not retrieved — inaccessible after documented attempts,No complete report accessible after Zotero-assisted and manual access attempts,Not retrieved,Not retrieved,Report not retrieved after documented access attempts; eligibility remains unknown and no findings are inferred.,Approve,Author approved all simplified full-text decisions on 2026-08-24.,2026-08-24,Not retrieved — inaccessible after documented attempts,Author approved retrieval outcome — 2026-08-24,"Primary candidate — direct fire-specific operational, plume, source/perimeter, exposure/action, or decision-interface evidence; full text required",No substantive claim because the complete report was unavailable.,Retrieval-only audit; no report-level coding or findings inferred,Not applicable — report unavailable
R11295,Use of IoT sensing and occupant surveys for determining the resilience of buildings to forest fire generated PM2.5.,"Pantelic, Jovan; Dawe, Megan; Licina, Dusan",2019,PloS one,10.1371/journal.pone.0223136,https://doi.org/10.1371/journal.pone.0223136,Include for full text,Concentration mapping / monitoring,Retrieved,Public full-text candidate located,Retrieved,Include,"Retain as Direct fire-specific evidence. The full report evaluates fire-specific smoke, aerosol, pollutant, plume, or concentration observation/estimation.",Approve,Author approved title/decision/rationale review.,2026-08-23,Include,Author verified — approved 23 Aug 2026,Direct fire-specific evidence,"Supports the reported sensing or measurement task only; operational readiness depends on setting, validation, and deployment maturity.","Full report was previously assessed, but report text is unavailable in the current archive; detailed charting remains incomplete",Eligibility author-approved; detailed coding not independently author-verified; see data/coding_completeness.csv
R11302,Use of MODIS products to simplify and evaluate a forest fire plume dispersion model for PM10 exposure assessment,Sarah B. Henderson; B. Burkholder; P. Jackson; M. Brauer; C. Ichoku,2008,Atmospheric Environment,10.1016/j.atmosenv.2008.05.008,https://doi.org/10.1016/j.atmosenv.2008.05.008,Include for full text,Exposure / health-risk estimation; Forecasting / simulation,Retrieved,Complete report retrieved and assessed during documented recovery audit,Retrieved,Include,Retain as Direct fire-specific evidence. The verified complete report contributes eligible fire-specific evidence within the frozen review scope.,Approve,Author approved all simplified full-text decisions on 2026-08-24.,2026-08-24,Include,Author approved full-text eligibility — 2026-08-24,Direct fire-specific evidence,Supports the MODIS-CALPUFF exposure-mapping workflow and moderate agreement in the evaluated event; it does not establish universally accurate or operational exposure forecasts.,Retrieved full report assessed 2026-08-24; minimum coding prepared from the complete report and with no independent author verification of detailed fields claimed.,Eligibility author-approved; detailed coding not independently author-verified; see data/coding_completeness.csv
R11319,"Using a Statistical Model to Estimate the Effect of Wildland Fire Smoke on Ground Level PM2.5 and Asthma in California, USA",Donald W. Schweizer; H. Preisler; Marcela R. Entwistle; H. Gharibi; Ricardo Cisneros,2023,Fire,10.3390/fire6040159,https://doi.org/10.3390/fire6040159,Include for full text,Exposure / health-risk estimation; Forecasting / simulation; Concentration mapping / monitoring,Retrieved,Public full-text candidate located,Retrieved,Include,"Retain as Direct fire-specific evidence. The report develops or evaluates an exposure, risk, vulnerability, health-impact, or public-health forecasting method relevant to fire smoke.",Approve,Author approved title/decision/rationale review.,2026-08-23,Include,Author verified — approved 23 Aug 2026,Direct fire-specific evidence,"Supports the reported exposure, risk, or public-health estimation task; it does not establish prospective clinical decision support unless evaluated.","Full report was previously assessed, but report text is unavailable in the current archive; detailed charting remains incomplete",Eligibility author-approved; detailed coding not independently author-verified; see data/coding_completeness.csv
R11321,Using AOD and UVAI to Reduce the Uncertainties in Wildfire Emission and Air Quality Modeling,Yunyao Li; D. Tong; Yeseul Jeon; B. S. Lee; Jaewoo Park; S. Kondragunta; Xiaoyang Zhang; Naphat Siripun; Stephanie Song; Charu Mehta; J. Chen,2025,Journal of Geophysical Research - Atmospheres,10.1029/2024jd041816,https://doi.org/10.1029/2024jd041816,Include for full text,Forecasting / simulation; Concentration mapping / monitoring; Emissions / source-term estimation,Retrieved; report identity and minimum detail validated,Adequate matching report retrieved and validated,Retrieved,Include,"Retain as Direct fire-specific evidence. The full report evaluates fire-specific ambient pollution, smoke/plume behaviour, monitoring, forecasting, exposure, intervention, or a directly related evidence synthesis.",Approve,Author approved title/decision/rationale review.,2026-08-23,Include,Author verified — approved 23 Aug 2026,Direct fire-specific evidence,"Supports only the fire-specific task and evaluation setting described in the report; it does not by itself establish operational readiness, universal superiority, or cross-incident generalisation.",AI-assisted extraction from validated full-report text; existing nonblank charting preserved; no independent author verification of detailed fields claimed,Eligibility author-approved; detailed coding not independently author-verified; see data/coding_completeness.csv
R11355,Using machine learning to estimate wildfire PM2.5 at California ZIP codes (2006-2020),Rosana Aguilera; N. Luo; R. Basu; Jun Wu; A. Gershunov; T. Benmarhnia,2021,,10.33774/chemrxiv-2021-9hk6q,https://doi.org/10.33774/chemrxiv-2021-9hk6q,Include for full text,Exposure / health-risk estimation; Forecasting / simulation,Retrieved,Author-supplied report validated and assessed,Retrieved,Include,Retain as Direct fire-specific evidence. Develops and validates an ensemble model for daily total and wildfire-specific PM2.5 at California ZIP-code scale from 2006–2020.,Approve,Author approved title/decision/rationale review.,2026-08-23,Include,Author verified — approved 23 Aug 2026,Direct fire-specific evidence,Supports retrospective ZIP-level exposure estimation for California; it is a preprint and does not establish real-time incident forecasting or external-state performance.,Full report text extracted and AI-assisted detailed charting proposal; no independent author verification of detailed fields claimed,Eligibility author-approved; detailed coding not independently author-verified; see data/coding_completeness.csv
R11372,Using Satellite‐Derived Fire Arrival Times for Coupled Wildfire‐Air Quality Simulations at Regional Scales of the 2020 California Wildfire Season,Lassman W.; Mirocha J.D.; Arthur R.S.; Kochanski A.K.; Farguell Caus A.; Bagley A.M.; Carreras Sospedra M.; Dabdub D.; Barbato M.,2023,Journal of Geophysical Research - Atmospheres,10.1029/2022jd037062,https://doi.org/10.1029/2022jd037062,Include for full text,Forecasting / simulation; Concentration mapping / monitoring,Retrieved,Complete report retrieved and assessed during documented recovery audit,Retrieved,Include,Retain as Direct fire-specific evidence. The verified complete report contributes eligible fire-specific evidence within the frozen review scope.,Approve,Author approved all simplified full-text decisions on 2026-08-24.,2026-08-24,Include,Author approved full-text eligibility — 2026-08-24,Direct fire-specific evidence,Supports satellite-derived fire-arrival constraints for the evaluated regional coupled simulations; results are retrospective and do not establish universal or incident-time forecast superiority.,Retrieved full report assessed 2026-08-24; minimum coding prepared from the complete report and with no independent author verification of detailed fields claimed.,Eligibility author-approved; detailed coding not independently author-verified; see data/coding_completeness.csv
R11385,Using the High resolution VOC Atmospheric Chemistry in Canopies (Hi-VACC) Model to Simulate Smoke Dispersion from Forest Fires,W. Kenny,2013,,,,Include for full text,Forecasting / simulation,Not retrieved — inaccessible after documented attempts,No complete report accessible after Zotero-assisted and manual access attempts,Not retrieved,Not retrieved,Report not retrieved after documented access attempts; eligibility remains unknown and no findings are inferred.,Approve,Author approved all simplified full-text decisions on 2026-08-24.,2026-08-24,Not retrieved — inaccessible after documented attempts,Author approved retrieval outcome — 2026-08-24,"Primary candidate — direct fire-specific operational, plume, source/perimeter, exposure/action, or decision-interface evidence; full text required",No substantive claim because the complete report was unavailable.,Retrieval-only audit; no report-level coding or findings inferred,Not applicable — report unavailable
R11391,Utilisation FINN data version 2.5 for forecasting PM2.5 during forest fire 2019 in Sumatra by using WRF–Chem,P. Kombara; A. Pratama; Waluyo Eko Cahyono; W. Setyawati; Emmanuel Adetya; H. Fitriana,2023,Journal of Southern Hemisphere Earth Systems Science,10.1071/es22030,https://doi.org/10.1071/es22030,Include for full text,Forecasting / simulation; Concentration mapping / monitoring,Retrieved,Complete report retrieved and assessed during documented recovery audit,Retrieved,Include,Retain as Direct fire-specific evidence. The verified complete report contributes eligible fire-specific evidence within the frozen review scope.,Approve,Author approved all simplified full-text decisions on 2026-08-24.,2026-08-24,Include,Author approved full-text eligibility — 2026-08-24,Direct fire-specific evidence,"Supports the reported WRF-Chem/FINN v2.5 case evaluation and, importantly, documents limited predictive performance; it does not justify operational deployment without further development.",Retrieved full report assessed 2026-08-24; minimum coding prepared from the complete report and with no independent author verification of detailed fields claimed.,Eligibility author-approved; detailed coding not independently author-verified; see data/coding_completeness.csv
R11392,Utilisation of WRF-HYSPLIT modelling approach and GEMS to identify PM2.5 sources in Central Kalimantan – study case: 2023 forest fire,A. Nurlatifah; P. Kombara; A. Pratama; Rizky Faristyawan; Aulia Arip Rakhman; Nindia Noviastuti,2025,Journal of Southern Hemisphere Earth Systems Science,10.1071/es24006,https://doi.org/10.1071/es24006,Include for full text,Forecasting / simulation; Concentration mapping / monitoring,Retrieved,Complete report retrieved and assessed during documented recovery audit,Retrieved,Include,Retain as Direct fire-specific evidence. The verified complete report contributes eligible fire-specific evidence within the frozen review scope.,Approve,Author approved all simplified full-text decisions on 2026-08-24.,2026-08-24,Include,Author approved full-text eligibility — 2026-08-24,Direct fire-specific evidence,Supports southeast-source attribution and smoke-transport characterisation for the evaluated Central Kalimantan period; it does not establish general forecast accuracy or causal health effects.,Retrieved full report assessed 2026-08-24; minimum coding prepared from the complete report and with no independent author verification of detailed fields claimed.,Eligibility author-approved; detailed coding not independently author-verified; see data/coding_completeness.csv
R11394,Utility of Commercial Satellite Shortwave Infrared Multispectral Imagery for Precise Geo-location of Active Wildfires Through Heavy Smoke Clouds over the California Camp Fire,K. Kolodner,2019,International Symposium on Electronic Commerce,10.1109/isecon.2019.8882105,https://doi.org/10.1109/isecon.2019.8882105,Include for full text,Concentration mapping / monitoring,Not retrieved — inaccessible after documented attempts,No complete report accessible after Zotero-assisted and manual access attempts,Not retrieved,Not retrieved,Report not retrieved after documented access attempts; eligibility remains unknown and no findings are inferred.,Approve,Author approved all simplified full-text decisions on 2026-08-24.,2026-08-24,Not retrieved — inaccessible after documented attempts,Author approved retrieval outcome — 2026-08-24,"Primary candidate — direct fire-specific operational, plume, source/perimeter, exposure/action, or decision-interface evidence; full text required",No substantive claim because the complete report was unavailable.,Retrieval-only audit; no report-level coding or findings inferred,Not applicable — report unavailable
R11409,Validation of BlueSky Smoke Prediction System Using Surface and Satellite Observations During Major Wildland Fire Events in Northern California,Lesley A. Fusina; S. Zhong; Julide Koracin; T. Brown; A. Esperanza; Leland Tarney; H. Preisler,2007,,,,Include for full text,Forecasting / simulation; Concentration mapping / monitoring,Retrieved,Complete report retrieved and assessed during documented recovery audit,Retrieved,Include,Retain as Direct fire-specific evidence. The verified complete report contributes eligible fire-specific evidence within the frozen review scope.,Approve,Author approved all simplified full-text decisions on 2026-08-24.,2026-08-24,Include,Author approved full-text eligibility — 2026-08-24,Direct fire-specific evidence,Supports operational use and the reported event validations of the BlueSky framework; the proceedings evidence does not establish universal concentration accuracy.,Retrieved full report assessed 2026-08-24; minimum coding prepared from the complete report and with no independent author verification of detailed fields claimed.,Eligibility author-approved; detailed coding not independently author-verified; see data/coding_completeness.csv
R11433,"Variations of aerosol optical depth, black carbon, carbon monoxide and methane from satellite observations of the atmosphere during the forest fire season in the Yakutsk Region in 2013–2021",N. V. Rodionova,2022,Sovremennye problemy distantsionnogo zondirovaniya Zemli iz kosmosa,10.21046/2070-7401-2022-19-2-232-242,https://doi.org/10.21046/2070-7401-2022-19-2-232-242,Include for full text,Concentration mapping / monitoring,Retrieved; report identity and minimum detail validated,Adequate matching report retrieved and validated,Retrieved,Include,"Retain as Direct fire-specific evidence. The full report evaluates fire-specific ambient pollution, smoke/plume behaviour, monitoring, forecasting, exposure, intervention, or a directly related evidence synthesis.",Approve,Author approved title/decision/rationale review.,2026-08-23,Include,Author verified — approved 23 Aug 2026,Direct fire-specific evidence,"Supports only the fire-specific task and evaluation setting described in the report; it does not by itself establish operational readiness, universal superiority, or cross-incident generalisation.",AI-assisted extraction from validated full-report text; existing nonblank charting preserved; no independent author verification of detailed fields claimed,Eligibility author-approved; detailed coding not independently author-verified; see data/coding_completeness.csv
R11437,Vector Field based Tracking of a Dynamic Wildfire Boundary with an UAV,Licheng Feng; J. Katupitiya,2022,IFAC-PapersOnLine,10.1016/j.ifacol.2022.11.148,https://doi.org/10.1016/j.ifacol.2022.11.148,Include for full text,Source localisation / boundary tracking,Retrieved,Complete report retrieved and assessed during documented recovery audit,Retrieved,Include,Retain as Conditional fire-source/perimeter input. The verified complete report contributes eligible fire-specific evidence within the frozen review scope.,Approve,Author approved all simplified full-text decisions on 2026-08-24.,2026-08-24,Include,Author approved full-text eligibility — 2026-08-24,Conditional fire-source/perimeter input,Supports convergence and patrol behaviour around simulated expanding boundaries; it does not demonstrate field operation or smoke/concentration monitoring.,Retrieved full report assessed 2026-08-24; minimum coding prepared from the complete report and with no independent author verification of detailed fields claimed.,Eligibility author-approved; detailed coding not independently author-verified; see data/coding_completeness.csv
R11470,Visibility Estimation Due To Forest Fire Smoke Using Backward Elimination Multiple Regression of Himawari_8 Satellite Data over Sumatera and Borneo Island Indonesia,Ismanto H.; Hartono H.; Marfai M.A.,2020,IOP Conference Series: Earth and Environmental Science,10.1088/1755-1315/451/1/012086,https://doi.org/10.1088/1755-1315/451/1/012086,Include for full text,Concentration mapping / monitoring,Retrieved,Complete report retrieved and assessed during documented recovery audit,Retrieved,Include,Retain as Direct fire-specific evidence. The verified complete report contributes eligible fire-specific evidence within the frozen review scope.,Approve,Author approved all simplified full-text decisions on 2026-08-24.,2026-08-24,Include,Author approved full-text eligibility — 2026-08-24,Direct fire-specific evidence,Supports the reported Himawari-8 visibility model for evaluated Sumatra/Borneo smoke conditions; it does not establish general aviation-grade reliability.,Retrieved full report assessed 2026-08-24; minimum coding prepared from the complete report and with no independent author verification of detailed fields claimed.,Eligibility author-approved; detailed coding not independently author-verified; see data/coding_completeness.csv
R11530,Wearable Personal PM2.5 Monitoring During Wildfire Smoke Episodes in Metro Detroit,C. Zundel; T. Fikes; E. Strobel; M. Schrimpf; H. Marusak,2026,medRxiv,10.64898/2026.07.30.26359253,https://doi.org/10.64898/2026.07.30.26359253,Include for full text,Concentration mapping / monitoring,Retrieved; report identity and minimum detail validated,Adequate matching report retrieved and validated,Retrieved,Include,"Retain as Direct fire-specific evidence. The full report evaluates fire-specific ambient pollution, smoke/plume behaviour, monitoring, forecasting, exposure, intervention, or a directly related evidence synthesis.",Approve,Author approved title/decision/rationale review.,2026-08-23,Include,Author verified — approved 23 Aug 2026,Direct fire-specific evidence,"Supports only the fire-specific task and evaluation setting described in the report; it does not by itself establish operational readiness, universal superiority, or cross-incident generalisation.",AI-assisted extraction from validated full-report text; existing nonblank charting preserved; no independent author verification of detailed fields claimed,Eligibility author-approved; detailed coding not independently author-verified; see data/coding_completeness.csv
R11567,What Went Wrong: A Survey of Wildfire UAS Mishaps through Named Entity Recognition,Sequoia R. Andrade; Hannah S. Walsh,2022,AIAA/IEEE Digital Avionics Systems Conference - Proceedings,10.1109/dasc55683.2022.9925798,https://doi.org/10.1109/dasc55683.2022.9925798,Include for full text,Governance / safety / accountable deployment,Retrieved,Author-supplied report validated and assessed,Retrieved,Include,Retain as Fire-specific task-interface evidence. Fine-tunes a BERT named-entity-recognition model and applies it to 180 wildfire UAS SAFECOM mishap reports to construct an FMEA-style safety survey.,Approve,Author approved title/decision/rationale review.,2026-08-23,Include,Author verified — approved 23 Aug 2026,Fire-specific task-interface evidence,"Supports feasibility of extracting recurring failure entities from a real incident-reporting system and identifies operational safety categories; the weighted F1 of 0.33, manual clustering, small wildfire subset, and reporting-system biases preclude claims of reliable automated surveillance or incident prevalence.",Full report text extracted and AI-assisted detailed charting proposal; no independent author verification of detailed fields claimed,Eligibility author-approved; detailed coding not independently author-verified; see data/coding_completeness.csv
R11602,Wildfire Aerosol and Cloud Radiative Forcing in the Mackenzie River Basin from Satellite Observations,Song Guo; H. Leighton; Jian Feng; A. Trishchenko,2008,Cold Region Atmospheric and Hydrologic Studies. The Mackenzie GEWEX Experience: Volume 1: Atmospheric Dynamics,10.1007/978-3-540-73936-4_21,https://doi.org/10.1007/978-3-540-73936-4_21,Include for full text,Concentration mapping / monitoring,Retrieved; report identity and minimum detail validated,Adequate matching report retrieved and validated,Retrieved,Include,"Retain as Direct fire-specific evidence. The full report evaluates fire-specific ambient pollution, smoke/plume behaviour, monitoring, forecasting, exposure, intervention, or a directly related evidence synthesis.",Approve,Author approved title/decision/rationale review.,2026-08-23,Include,Author verified — approved 23 Aug 2026,Direct fire-specific evidence,"Supports only the fire-specific task and evaluation setting described in the report; it does not by itself establish operational readiness, universal superiority, or cross-incident generalisation.",AI-assisted extraction from validated full-report text; existing nonblank charting preserved; no independent author verification of detailed fields claimed,Eligibility author-approved; detailed coding not independently author-verified; see data/coding_completeness.csv
R11608,Wildfire Air Quality Prediction,S. Dhar; J. Gao,2023,International Journal of Disaster Response and Emergency Management,10.4018/ijdrem.330148,https://doi.org/10.4018/ijdrem.330148,Include for full text,Forecasting / simulation; Concentration mapping / monitoring,Retrieved,Complete report retrieved and assessed during documented recovery audit,Retrieved,Include,Retain as Direct fire-specific evidence. The verified complete report contributes eligible fire-specific evidence within the frozen review scope.,Approve,Author approved all simplified full-text decisions on 2026-08-24.,2026-08-24,Include,Author approved full-text eligibility — 2026-08-24,Direct fire-specific evidence,"Supports pollutant prediction on the assembled northern California dataset; it does not establish incident-time generalisation, causal wildfire attribution or health-action accuracy.",Retrieved full report assessed 2026-08-24; minimum coding prepared from the complete report and with no independent author verification of detailed fields claimed.,Eligibility author-approved; detailed coding not independently author-verified; see data/coding_completeness.csv
R11620,Wildfire and smoke early detection for drone applications: A light-weight deep learning approach,Abhinav Kumar; Adolfo Perrusquía; Saba Al-Rubaye; Weisi Guo,2024,Engineering applications of artificial intelligence,10.1016/j.engappai.2024.108977,https://doi.org/10.1016/j.engappai.2024.108977,Include for full text,Concentration mapping / monitoring; Detection,Retrieved,Complete report retrieved and assessed during documented recovery audit,Retrieved,Include,Retain as Direct fire-specific evidence. The verified complete report contributes eligible fire-specific evidence within the frozen review scope.,Approve,Author approved all simplified full-text decisions on 2026-08-24.,2026-08-24,Include,Author approved full-text eligibility — 2026-08-24,Direct fire-specific evidence,Supports lightweight fire/smoke segmentation on the evaluated datasets; model size and offline accuracy do not by themselves establish onboard field reliability or concentration measurement.,Retrieved full report assessed 2026-08-24; minimum coding prepared from the complete report and with no independent author verification of detailed fields claimed.,Eligibility author-approved; detailed coding not independently author-verified; see data/coding_completeness.csv
R11621,Wildfire and smoke effects on power transmission and distribution systems safety: an analytical review,N. Manousakis; K. Kalkanis; D. P. Sinioros; Apostolos Kokkosis; C. Psomopoulos,2026,Frontiers in Energy Research,10.3389/fenrg.2026.1759856,https://doi.org/10.3389/fenrg.2026.1759856,Include for full text,Evidence synthesis,Retrieved; report identity and minimum detail validated,Adequate matching report retrieved and validated,Retrieved,Include,"Retain as Fire-specific evidence synthesis—response/infrastructure layer. Reviews wildfire and smoke effects, risk modelling, monitoring, early warning, and mitigation for power systems; retained as decision/infrastructure synthesis rather than public-health or algorithm-performance evidence.",Approve,Author approved title/decision/rationale review.,2026-08-23,Include,Author verified — approved 23 Aug 2026,Fire-specific evidence synthesis—response/infrastructure layer,Supports statements about the scope and reported findings of the reviewed literature; it is not independent deployment evidence and cannot establish algorithmic superiority.,AI-assisted extraction from validated full-report text; existing nonblank charting preserved; no independent author verification of detailed fields claimed,Eligibility author-approved; detailed coding not independently author-verified; see data/coding_completeness.csv
R11625,Wildfire and Wood Smoke Effects on Human Airway Epithelial Cells: A Scoping Review.,"Heibati, Behzad; Renz, Harald; Lacy, Paige",2025,Environmental research,10.1016/j.envres.2025.121153,https://doi.org/10.1016/j.envres.2025.121153,Include for full text,Evidence synthesis; Mechanistic exposure / health-risk context,Retrieved,Author-supplied report validated and assessed,Retrieved,Include,Retain as Fire-specific evidence synthesis with adjacent-source transfer. Scoping review of 23 in-vitro human airway epithelial-cell studies involving wildfire and wood smoke; wildfire-specific and laboratory wood-smoke evidence are mixed and must be separated in claims.,Approve,Author approved title/decision/rationale review.,2026-08-23,Include,Author verified — approved 23 Aug 2026,Fire-specific evidence synthesis with adjacent-source transfer,"Supports mechanistic toxicity context only. Many included exposures are laboratory wood smoke rather than uncontrolled-wildfire smoke, and findings cannot establish population risk, real-time thresholds, or operational response effectiveness.",Full report text extracted and AI-assisted detailed charting proposal; no independent author verification of detailed fields claimed,Eligibility author-approved; detailed coding not independently author-verified; see data/coding_completeness.csv
R11658,Wildfire Duration Model for Air Quality Forecast System,Jong-Jae Lee,2013,,,,Include for full text,Forecasting / simulation; Concentration mapping / monitoring,Not retrieved — inaccessible after documented attempts,No complete report accessible after Zotero-assisted and manual access attempts,Not retrieved,Not retrieved,Report not retrieved after documented access attempts; eligibility remains unknown and no findings are inferred.,Approve,Author approved all simplified full-text decisions on 2026-08-24.,2026-08-24,Not retrieved — inaccessible after documented attempts,Author approved retrieval outcome — 2026-08-24,"Primary candidate — direct fire-specific operational, plume, source/perimeter, exposure/action, or decision-interface evidence; full text required",No substantive claim because the complete report was unavailable.,Retrieval-only audit; no report-level coding or findings inferred,Not applicable — report unavailable
R11664,Wildfire Emergency Response and Evacuation Framework Using Drones: Phase I,Hovannes Kulhandjian,2025,Mineta Transportation Institute Report 2446,10.31979/mti.2025.2446,https://doi.org/10.31979/mti.2025.2446,Uncertain,Source / perimeter input; Intervention / decision support,Retrieved,Author-supplied report validated and assessed,Retrieved,Include,"Retain as Fire-specific interface/prototype evidence. Presents an integrated drone, sensor-fusion, evacuation-routing, and SAR framework with Phase-I prototype tests and simulations.",Approve,Author approved title/decision/rationale review.,2026-08-23,Include,Author verified — approved 23 Aug 2026,Fire-specific interface/prototype evidence,"Supports architecture and preliminary prototype/simulation feasibility only; it does not measure ambient plume concentration and does not establish live wildfire deployment, regulatory viability, or the claimed percentage gains across independent incidents.",Full report text extracted and AI-assisted detailed charting proposal; no independent author verification of detailed fields claimed,Eligibility author-approved; detailed coding not independently author-verified; see data/coding_completeness.csv
R11668,Wildfire emitted particulate matter induces ovarian hyperandrogenism through aryl hydrocarbon receptor activation.,"Mali, Kuhelika; Zhang, Delong; Bazina, Lila; Abramova, Elena; Zhang, Jiyang; Zhan, Tingjie; Pattarawat, Pawat; Moularas, Kostas; Zhang, Qiang; Gaskins, Audrey J; Gow, Andrew; Demokritou, Philip; Xiao, Shuo",2026,bioRxiv : the preprint server for biology,10.64898/2026.02.19.701615,https://doi.org/10.64898/2026.02.19.701615,Include for full text,Concentration mapping / monitoring,Retrieved,Public full-text candidate located,Retrieved,Exclude,"Toxicology only—no operational model or action interface. Laboratory mouse and follicle experiments establish biological effects but do not evaluate an exposure/risk model, actionable stratification, or intervention.",Approve,Author approved title/decision/rationale review.,2026-08-23,Exclude,Author verified — approved 23 Aug 2026,Not included,,,Not applicable — excluded report
R11672,Wildfire Exposure and Respiratory Health: A Comprehensive Review of Emerging Evidence.,"Gu, Kang-Mo; Lee, Taeseung; Myong, Jun-Pyo",2025,Tuberculosis and respiratory diseases,10.4046/trd.2025.0064,https://doi.org/10.4046/trd.2025.0064,Include for full text,Evidence synthesis; Exposure / health-risk estimation,Retrieved,Public full-text candidate located,Retrieved,Include,Retain as Fire-specific evidence synthesis. The report synthesizes fire-specific evidence relevant to at least one review question and will be used with synthesis-level claim boundaries.,Approve,Author approved title/decision/rationale review.,2026-08-23,Include,Author verified — approved 23 Aug 2026,Fire-specific evidence synthesis,Used for scope comparison or evidence synthesis; it cannot substitute for primary comparative or deployment evidence.,"Full report was previously assessed, but report text is unavailable in the current archive; detailed charting remains incomplete",Eligibility author-approved; detailed coding not independently author-verified; see data/coding_completeness.csv
R11673,Wildfire exposure during pregnancy and the risk of adverse birth outcomes: A systematic review.,"Amjad, Sana; Chojecki, Dagmara; Osornio-Vargas, Alvaro; Ospina, Maria B",2021,Environment international,10.1016/j.envint.2021.106644,https://doi.org/10.1016/j.envint.2021.106644,Include for full text,Evidence synthesis; Exposure / health-risk estimation,Retrieved,Author-supplied report validated and assessed,Retrieved,Include,"Retain as Fire-specific evidence synthesis. Systematic review of observational evidence on wildfire exposure during pregnancy and adverse birth outcomes, with NTP-OHAT risk-of-bias assessment.",Approve,Author approved title/decision/rationale review.,2026-08-23,Include,Author verified — approved 23 Aug 2026,Fire-specific evidence synthesis,"Supports pregnancy and birth-outcome context; it does not provide a prospective maternal-risk system, personalised alert threshold, or causal incident-level estimate.",Full report text extracted and AI-assisted detailed charting proposal; no independent author verification of detailed fields claimed,Eligibility author-approved; detailed coding not independently author-verified; see data/coding_completeness.csv
R11680,Wildfire impact assessment through air quality monitoring in natural conservation areas and WRF-HYSPLIT coupled modelling,Jessica Castagna; A. Senatore; M. Bencardino; F. D’Amore; F. Sprovieri; N. Pirrone; G. Mendicino,2021,,10.5194/egusphere-egu21-12811,https://doi.org/10.5194/egusphere-egu21-12811,Include for full text,Forecasting / simulation; Concentration mapping / monitoring,Not retrieved — inaccessible after documented attempts,No complete report accessible after Zotero-assisted and manual access attempts,Not retrieved,Not retrieved,Report not retrieved after documented access attempts; eligibility remains unknown and no findings are inferred.,Approve,Author approved all simplified full-text decisions on 2026-08-24.,2026-08-24,Not retrieved — inaccessible after documented attempts,Author approved retrieval outcome — 2026-08-24,"Primary candidate — direct fire-specific operational, plume, source/perimeter, exposure/action, or decision-interface evidence; full text required",No substantive claim because the complete report was unavailable.,Retrieval-only audit; no report-level coding or findings inferred,Not applicable — report unavailable
R11713,Wildfire Plume Tracking and Dynamics Using UAS,F. Keating; Taylor Mitchell; J. Kidd; J. Jacob,2016,,10.2514/6.2016-1005,https://doi.org/10.2514/6.2016-1005,Include for full text,Concentration mapping / monitoring; Source localisation / boundary tracking,Not retrieved — inaccessible after documented attempts,No complete report accessible after Zotero-assisted and manual access attempts,Not retrieved,Not retrieved,Report not retrieved after documented access attempts; eligibility remains unknown and no findings are inferred.,Approve,Author approved all simplified full-text decisions on 2026-08-24.,2026-08-24,Not retrieved — inaccessible after documented attempts,Author approved retrieval outcome — 2026-08-24,"Primary candidate — direct fire-specific operational, plume, source/perimeter, exposure/action, or decision-interface evidence; full text required",No substantive claim because the complete report was unavailable.,Retrieval-only audit; no report-level coding or findings inferred,Not applicable — report unavailable
R11722,Wildfire-Related Air Pollution and Infectious Diseases: Systematic Review and Meta-Analysis.,"Mahendran, Rahini; Ju, Ke; Yang, Zhengyu; Gao, Yuan; Huang, Wenzhong; Yu, Wenhua; Liu, Yanming; Hundessa, Samuel; Yu, Pei; Xu, Rongbin; Zhang, Lei; Li, Shanshan; Guo, Yuming",2025,ACS environmental Au,10.1021/acsenvironau.4c00087,https://doi.org/10.1021/acsenvironau.4c00087,Include for full text,Evidence synthesis; Concentration mapping / monitoring,Retrieved,Public full-text candidate located,Retrieved,Include,Retain as Fire-specific evidence synthesis. The report synthesizes fire-specific evidence relevant to at least one review question and will be used with synthesis-level claim boundaries.,Approve,Author approved title/decision/rationale review.,2026-08-23,Include,Author verified — approved 23 Aug 2026,Fire-specific evidence synthesis,Used for scope comparison or evidence synthesis; it cannot substitute for primary comparative or deployment evidence.,"Full report was previously assessed, but report text is unavailable in the current archive; detailed charting remains incomplete",Eligibility author-approved; detailed coding not independently author-verified; see data/coding_completeness.csv
R11755,"Wildfire Smoke and Firefighter Safety: A Review of Toxic Particle Exposure, Clothing Performance and Health Implications",MD. Momtaz Islam; S. Mandal; Habeeb H. Al-Mashala; Elijah G. Schnitzler; Adriana Petrova; Robert J. Agnew; Lynn M. Boorady,2025,Fire and Materials,10.1002/fam.70020,https://doi.org/10.1002/fam.70020,Include for full text,Evidence synthesis; Occupational exposure / health protection; Intervention planning,Retrieved,Author-supplied report validated and assessed,Retrieved,Include,"Retain as Fire-specific evidence synthesis - occupational safety layer. Review integrating wildfire-smoke toxic-particle exposure, firefighter biomonitoring, protective clothing performance, decontamination, and occupational-health implications.",Approve,Author approved title/decision/rationale review.,2026-08-23,Include,Author verified — approved 23 Aug 2026,Fire-specific evidence synthesis - occupational safety layer,"Supports firefighter exposure, PPE, and decontamination context; it does not establish real-time exposure prediction, comparative PPE effectiveness across incidents, or autonomous-system performance.",Full report text extracted and AI-assisted detailed charting proposal; no independent author verification of detailed fields claimed,Eligibility author-approved; detailed coding not independently author-verified; see data/coding_completeness.csv
R11764,Wildfire Smoke and Private Provision of Public Air-Quality Monitoring,Michael Coury; Liam Falconer; Andrea La Nauze,2024,Journal of Environmental Economics and Management,10.1016/j.jeem.2024.103036,https://doi.org/10.1016/j.jeem.2024.103036,Include for full text,Concentration mapping / monitoring,Retrieved; report identity and minimum detail validated,Adequate matching report retrieved and validated,Retrieved,Include,"Retain as Direct fire-specific evidence. The full report evaluates fire-specific ambient pollution, smoke/plume behaviour, monitoring, forecasting, exposure, intervention, or a directly related evidence synthesis.",Approve,Author approved title/decision/rationale review.,2026-08-23,Include,Author verified — approved 23 Aug 2026,Direct fire-specific evidence,"Supports only the fire-specific task and evaluation setting described in the report; it does not by itself establish operational readiness, universal superiority, or cross-incident generalisation.",AI-assisted extraction from validated full-report text; existing nonblank charting preserved; no independent author verification of detailed fields claimed,Eligibility author-approved; detailed coding not independently author-verified; see data/coding_completeness.csv
R11782,Wildfire Smoke Effects on Health: Implementing an Air Quality Alert System for UC San Diego,M. Cunha,2019,,,,Include for full text,Exposure / health-risk estimation; Intervention / decision planning; Concentration mapping / monitoring,Retrieved,Complete report retrieved and assessed during documented recovery audit,Retrieved,Include,Retain as Direct fire-specific evidence. The verified complete report contributes eligible fire-specific evidence within the frozen review scope.,Approve,Author approved all simplified full-text decisions on 2026-08-24.,2026-08-24,Include,Author approved full-text eligibility — 2026-08-24,Direct fire-specific evidence,Supports concrete requirements and artefacts for a university wildfire-smoke alert workflow; it does not demonstrate prospective reductions in exposure or health harm.,Retrieved full report assessed 2026-08-24; minimum coding prepared from the complete report and with no independent author verification of detailed fields claimed.,Eligibility author-approved; detailed coding not independently author-verified; see data/coding_completeness.csv
R11792,Wildfire smoke exposure and radiation oncology outcomes in rural Manitoba lung cancer patients: a systematic review,Sheen Dube; B. Bashir; N. Patil; K. George; Patricia Tai; Vibhay Pareek,2026,Exploration of Medicine,10.37349/emed.2026.1001386,https://doi.org/10.37349/emed.2026.1001386,Include for full text,Evidence synthesis; Exposure / health-risk estimation,Retrieved; report identity and minimum detail validated,Adequate matching report retrieved and validated,Retrieved,Include,Retain as Fire-specific evidence synthesis. Systematic review links wildfire-smoke exposure to radiation-oncology outcomes and treatment continuity for vulnerable rural and Indigenous patients.,Approve,Author approved title/decision/rationale review.,2026-08-23,Include,Author verified — approved 23 Aug 2026,Fire-specific evidence synthesis,Supports statements about the scope and reported findings of the reviewed literature; it is not independent deployment evidence and cannot establish algorithmic superiority.,AI-assisted extraction from validated full-report text; existing nonblank charting preserved; no independent author verification of detailed fields claimed,Eligibility author-approved; detailed coding not independently author-verified; see data/coding_completeness.csv
R11798,"Wildfire Smoke Exposure during Pregnancy: A Review of Potential Mechanisms of Placental Toxicity, Impact on Obstetric Outcomes, and Strategies to Reduce Exposure.","Basilio, Emilia; Chen, Rebecca; Fernandez, Anna Claire; Padula, Amy M; Robinson, Joshua F; Gaw, Stephanie L",2022,International journal of environmental research and public health,10.3390/ijerph192113727,https://doi.org/10.3390/ijerph192113727,Include for full text,Evidence synthesis; Exposure / health-risk estimation,Retrieved,Public full-text candidate located,Retrieved,Include,Retain as Fire-specific evidence synthesis. The report synthesizes fire-specific evidence relevant to at least one review question and will be used with synthesis-level claim boundaries.,Approve,Author approved title/decision/rationale review.,2026-08-23,Include,Author verified — approved 23 Aug 2026,Fire-specific evidence synthesis,Used for scope comparison or evidence synthesis; it cannot substitute for primary comparative or deployment evidence.,"Full report was previously assessed, but report text is unavailable in the current archive; detailed charting remains incomplete",Eligibility author-approved; detailed coding not independently author-verified; see data/coding_completeness.csv
R11799,"Wildfire smoke exposure during pregnancy and perinatal, obstetric, and early childhood health outcomes: A systematic review and meta-analysis.","Foo, Damien; Stewart, Rory; Heo, Seulkee; Dhamrait, Gursimran; Choi, Hayon Michelle; Song, Yimeng; Bell, Michelle L",2024,Environmental research,10.1016/j.envres.2023.117527,https://doi.org/10.1016/j.envres.2023.117527,Include for full text,Evidence synthesis; Exposure / health-risk estimation,Retrieved,Author-supplied report validated and assessed,Retrieved,Include,"Retain as Fire-specific evidence synthesis. Registered systematic review and meta-analysis of 31 studies on maternal wildfire-smoke exposure and perinatal, obstetric, and early-childhood outcomes, with paired screening and risk-of-bias assessment.",Approve,Author approved title/decision/rationale review.,2026-08-23,Include,Author verified — approved 23 Aug 2026,Fire-specific evidence synthesis,"Supports maternal/child-health association and evidence-gap statements; it does not establish personalised warnings, prospective clinical support, or causal incident-level effects.",Full report text extracted and AI-assisted detailed charting proposal; no independent author verification of detailed fields claimed,Eligibility author-approved; detailed coding not independently author-verified; see data/coding_completeness.csv
R11807,Wildfire Smoke Exposure Modeling: Investigating CMAQ-Modeled Aerosol Concentrations Using a Satellite-Based Wildfire Emissions Inventory,C. Ivey,2018,,,,Include for full text,Exposure / health-risk estimation; Forecasting / simulation; Concentration mapping / monitoring; Emissions / source-term estimation,Not retrieved — inaccessible after documented attempts,No complete report accessible after Zotero-assisted and manual access attempts,Not retrieved,Not retrieved,Report not retrieved after documented access attempts; eligibility remains unknown and no findings are inferred.,Approve,Author approved all simplified full-text decisions on 2026-08-24.,2026-08-24,Not retrieved — inaccessible after documented attempts,Author approved retrieval outcome — 2026-08-24,"Primary candidate — direct fire-specific operational, plume, source/perimeter, exposure/action, or decision-interface evidence; full text required",No substantive claim because the complete report was unavailable.,Retrieval-only audit; no report-level coding or findings inferred,Not applicable — report unavailable
R11825,Wildfire smoke indoors: A review of infiltration risk factors and exposure mitigation strategies.,"Bolden, Nathan; Kilkenny, Kiernan; MacCarty, Nordica",2026,Journal of the Air & Waste Management Association (1995),10.1080/10962247.2026.2692674,https://doi.org/10.1080/10962247.2026.2692674,Include for full text,Exposure / health-risk estimation; intervention planning / decision support,Retrieved and assessed,Author supplied; complete report validated,Retrieved and assessed,Include,"Retain as Fire-specific narrative evidence synthesis / mitigation evidence. Synthesises wildfire-smoke infiltration risk factors and indoor exposure-mitigation strategies, including reported portable-air-cleaner performance and implementation constraints.",Approve,Author approved title/decision/rationale review.,2026-08-23,Include,Author verified — approved 23 Aug 2026,Fire-specific narrative evidence synthesis / mitigation evidence,"Supports a qualitative synthesis of reported infiltration and mitigation factors. It does not establish a pooled causal efficacy estimate, a universally effective device, or population-wide generalisation.","Complete 25-page report supplied by author; identity, opening/closing pages, references, extractability and completeness validated; SHA256 d1ccb1de6727d6e17434596f7094556462e08288cdf19f499a89230258f89242",Eligibility author-approved; detailed coding not independently author-verified; see data/coding_completeness.csv
R11831,"Wildfire Smoke Is Associated with Larger Outdoor–Indoor PM2.5 Difference in U.S. Homes: A Multi-Region Paired-Sensor Analysis, 2019–2024",X. Huang; Ke Xu; J. Sarnat; Yang Liu,2026,Fire,10.3390/fire9050190,https://doi.org/10.3390/fire9050190,Include for full text,Concentration mapping / monitoring,Retrieved,Public full-text candidate located,Retrieved,Include,"Retain as Direct fire-specific evidence. The full report evaluates fire-specific smoke, aerosol, pollutant, plume, or concentration observation/estimation.",Approve,Author approved title/decision/rationale review.,2026-08-23,Include,Author verified — approved 23 Aug 2026,Direct fire-specific evidence,"Supports the reported sensing or measurement task only; operational readiness depends on setting, validation, and deployment maturity.","Full report was previously assessed, but report text is unavailable in the current archive; detailed charting remains incomplete",Eligibility author-approved; detailed coding not independently author-verified; see data/coding_completeness.csv
R11835,Wildfire Smoke Monitoring for Agricultural Safety and Health in Rural Washington.,"Schollaert, Claire; Austin, Elena; Seto, Edmund; Spector, June; Waller, Scott; Kasner, Edward",2023,Journal of agromedicine,10.1080/1059924x.2023.2213232,https://doi.org/10.1080/1059924x.2023.2213232,Include for full text,Exposure / health-risk estimation; Concentration mapping / monitoring,Retrieved,Public full-text candidate located,Retrieved,Include,"Retain as Direct fire-specific evidence. The full report evaluates fire-specific smoke, aerosol, pollutant, plume, or concentration observation/estimation.",Approve,Author approved title/decision/rationale review.,2026-08-23,Include,Author verified — approved 23 Aug 2026,Direct fire-specific evidence,"Supports the reported sensing or measurement task only; operational readiness depends on setting, validation, and deployment maturity.","Full report was previously assessed, but report text is unavailable in the current archive; detailed charting remains incomplete",Eligibility author-approved; detailed coding not independently author-verified; see data/coding_completeness.csv
R11839,Wildfire Smoke Particulate Matter Concentration Measurements Using Radio Links From Cellular Communication Networks,A. Guyot; J. Pudashine; R. Uijlenhoet; A. Protat; V. Pauwels; V. Louf; J. Walker,2021,AGU Advances,10.1029/2020av000258,https://doi.org/10.1029/2020av000258,Include for full text,Pollutant / plume monitoring,Retrieved,Author-supplied report validated and assessed,Retrieved,Include,Retain as Direct fire-specific field evidence. Evaluates cellular microwave-link signal fluctuations as an opportunistic PM proxy across multiple 2019–2020 Australian wildfire-smoke events.,Approve,Author approved title/decision/rationale review.,2026-08-23,Include,Author verified — approved 23 Aug 2026,Direct fire-specific field evidence,"Supports feasibility of opportunistic link-based smoke sensing under the analyzed Melbourne events; performance varies by event, path length and frequency and is not a replacement for calibrated PM monitors.",Full report text extracted and AI-assisted detailed charting proposal; no independent author verification of detailed fields claimed,Eligibility author-approved; detailed coding not independently author-verified; see data/coding_completeness.csv
R11840,Wildfire smoke-plume rise: a simple energy balance parameterization,N. Moisseeva; R. Stull,2020,Atmospheric Chemistry and Physics,10.5194/acp-21-1407-2021,https://doi.org/10.5194/acp-21-1407-2021,Include for full text,Forecasting / simulation,Retrieved; report identity and minimum detail validated,Adequate matching report retrieved and validated,Retrieved,Include,"Retain as Direct fire-specific evidence. The full report evaluates fire-specific ambient pollution, smoke/plume behaviour, monitoring, forecasting, exposure, intervention, or a directly related evidence synthesis.",Approve,Author approved title/decision/rationale review.,2026-08-23,Include,Author verified — approved 23 Aug 2026,Direct fire-specific evidence,"Supports only the fire-specific task and evaluation setting described in the report; it does not by itself establish operational readiness, universal superiority, or cross-incident generalisation.",AI-assisted extraction from validated full-report text; existing nonblank charting preserved; no independent author verification of detailed fields claimed,Eligibility author-approved; detailed coding not independently author-verified; see data/coding_completeness.csv
R11841,Wildfire smoke plume segmentation using geostationary satellite imagery,Jeff Wen; M. Burke,2021,arXiv.org,,,Include for full text,Concentration mapping / monitoring,Retrieved,Public full-text candidate located,Retrieved,Include,"Retain as Direct fire-specific evidence. The full report evaluates fire-specific smoke, aerosol, pollutant, plume, or concentration observation/estimation.",Approve,Author approved title/decision/rationale review.,2026-08-23,Include,Author verified — approved 23 Aug 2026,Direct fire-specific evidence,"Supports the reported sensing or measurement task only; operational readiness depends on setting, validation, and deployment maturity.","Full report was previously assessed, but report text is unavailable in the current archive; detailed charting remains incomplete",Eligibility author-approved; detailed coding not independently author-verified; see data/coding_completeness.csv
R11847,Wildfire Smoke Risk Communication Efficacy: A Content Analysis of Washington State's 2018 Statewide Smoke Event Public Health Messaging.,"Van Deventer, Darcy; Marecaux, Justine; Doubleday, Annie; Errett, Nicole; Isaksen, Tania M Busch",2020,Journal of public health management and practice : JPHMP,10.1097/phh.0000000000001151,https://doi.org/10.1097/phh.0000000000001151,Include for full text,Exposure / health-risk estimation; Intervention / decision planning,Not retrieved — inaccessible after documented attempts,No complete report accessible after Zotero-assisted and manual access attempts,Not retrieved,Not retrieved,Report not retrieved after documented access attempts; eligibility remains unknown and no findings are inferred.,Approve,Author approved all simplified full-text decisions on 2026-08-24.,2026-08-24,Not retrieved — inaccessible after documented attempts,Author approved retrieval outcome — 2026-08-24,Eligible full-text candidate; evidence not used because the complete report was unavailable,No substantive claim because the complete report was unavailable.,Retrieval-only audit; no report-level coding or findings inferred,Not applicable — report unavailable
R11849,"Wildfire Smoke, the Clean Air Act, and the Exceptional Events Rule: Implications and Policy Alternatives.","Krupnick, Alan; Richardson, Nathan; Wibbenmeyer, Matthew; Zhu, Yuqi",2025,Environmental Science and Technology,10.1021/acs.est.4c08946,https://doi.org/10.1021/acs.est.4c08946,Include for full text,Governance / policy; Intervention / decision planning,Retrieved,Complete report retrieved and assessed during documented recovery audit,Retrieved,Include,Retain as Fire-specific evidence synthesis. The verified complete report contributes eligible fire-specific evidence within the frozen review scope.,Approve,Author approved all simplified full-text decisions on 2026-08-24.,2026-08-24,Include,Author approved full-text eligibility — 2026-08-24,Fire-specific evidence synthesis,Supports claims about the US Exceptional Events framework and the authors' proposed policy alternative; it is jurisdiction-specific and does not establish technical system performance.,Retrieved full report assessed 2026-08-24; minimum coding prepared from the complete report and with no independent author verification of detailed fields claimed.,Eligibility author-approved; detailed coding not independently author-verified; see data/coding_completeness.csv
R11852,Wildfire smoke triggers cirrus formation: lidar observations over the eastern Mediterranean,Mamouri R.-E.; Ansmann A.; Ohneiser K.; Knopf D.A.; Nisantzi A.; Bühl J.; Engelmann R.; Skupin A.; Seifert P.; Baars H.; Ene D.; Wandinger U.; Hadjimitsis D.,2023,Atmospheric Chemistry and Physics,10.5194/acp-23-14097-2023,https://doi.org/10.5194/acp-23-14097-2023,Include for full text,Concentration mapping / monitoring,Retrieved; report identity and minimum detail validated,Adequate matching report retrieved and validated,Retrieved,Include,"Retain as Direct fire-specific evidence. The full report evaluates fire-specific ambient pollution, smoke/plume behaviour, monitoring, forecasting, exposure, intervention, or a directly related evidence synthesis.",Approve,Author approved title/decision/rationale review.,2026-08-23,Include,Author verified — approved 23 Aug 2026,Direct fire-specific evidence,"Supports only the fire-specific task and evaluation setting described in the report; it does not by itself establish operational readiness, universal superiority, or cross-incident generalisation.",AI-assisted extraction from validated full-report text; existing nonblank charting preserved; no independent author verification of detailed fields claimed,Eligibility author-approved; detailed coding not independently author-verified; see data/coding_completeness.csv
R11858,Wildfire-Specific PM2.5 Asthma Risk Across a Disproportionately Burdened Pediatric Population in Northern California.,"Sugrue, Rebecca; Holm, Stephanie; Nguyen, Andrew; Ye, Morgan; Aguilera, Rosana; Long, Dayna; Benmarhnia, Tarik; De La Rosa, Rosemarie; Thakur, Neeta",2026,GeoHealth,10.1029/2025gh001530,https://doi.org/10.1029/2025gh001530,Include for full text,Exposure / health-risk estimation; Concentration mapping / monitoring,Retrieved,Public full-text candidate located,Retrieved,Include,Include under Amendment 001 as paediatric wildfire-PM2.5 vulnerability and asthma-risk stratification in a disproportionately burdened population.,Approve,Retained under Amendment 001 as wildfire-specific paediatric vulnerability/risk stratification.,2026-08-23,Include,Author verified — approved 23 Aug 2026,Direct fire-specific evidence,Supports wildfire-PM asthma-risk stratification in a vulnerable paediatric population; it does not establish prospective clinical decision support.,"Full report was previously assessed, but report text is unavailable in the current archive; detailed charting remains incomplete",Eligibility author-approved; detailed coding not independently author-verified; see data/coding_completeness.csv
R11880,Wildfires and Anthropogenic Emissions in the HRRR: Forecasting Dispersion of Smoke (HRRR-Smoke) and its Impact on Numerical Weather Prediction,G. Grell,2017,,,,Include for full text,Forecasting / simulation; Emissions / source-term estimation,Not retrieved — inaccessible after documented attempts,No complete report accessible after Zotero-assisted and manual access attempts,Not retrieved,Not retrieved,Report not retrieved after documented access attempts; eligibility remains unknown and no findings are inferred.,Approve,Author approved all simplified full-text decisions on 2026-08-24.,2026-08-24,Not retrieved — inaccessible after documented attempts,Author approved retrieval outcome — 2026-08-24,"Primary candidate — direct fire-specific operational, plume, source/perimeter, exposure/action, or decision-interface evidence; full text required",No substantive claim because the complete report was unavailable.,Retrieval-only audit; no report-level coding or findings inferred,Not applicable — report unavailable
R11947,Wildland fire decision support system air quality tools,S. Larkin; T. Brown; P. Lahm; T. Zimmerman,2010,,,,Include for full text,Intervention / decision planning; Concentration mapping / monitoring,Retrieved,Complete report retrieved and assessed during documented recovery audit,Retrieved,Include,Retain as Direct fire-specific evidence. The verified complete report contributes eligible fire-specific evidence within the frozen review scope.,Approve,Author approved all simplified full-text decisions on 2026-08-24.,2026-08-24,Include,Author approved full-text eligibility — 2026-08-24,Direct fire-specific evidence,Supports the existence and intended operational decision interface of WFDSS-AQ in 2010; it does not quantify decision benefits or validate every integrated tool.,Retrieved full report assessed 2026-08-24; minimum coding prepared from the complete report and with no independent author verification of detailed fields claimed.,Eligibility author-approved; detailed coding not independently author-verified; see data/coding_completeness.csv
R11985,"Wildland Fires: Monitoring, Plume Modelling, Impact on Atmospheric Composition and Climate",M. Sofiev,2013,Developments in environmental science,10.1016/b978-0-08-098349-3.00021-9,https://doi.org/10.1016/b978-0-08-098349-3.00021-9,Include for full text,Forecasting / simulation; Concentration mapping / monitoring,Retrieved,Complete report retrieved and assessed during documented recovery audit,Retrieved,Include,Retain as Fire-specific evidence synthesis. The verified complete report contributes eligible fire-specific evidence within the frozen review scope.,Approve,Author approved all simplified full-text decisions on 2026-08-24.,2026-08-24,Include,Author approved full-text eligibility — 2026-08-24,Fire-specific evidence synthesis,Supports background taxonomy and known uncertainties across monitoring and plume modelling; it is not a common-benchmark comparison or incident-time validation.,Retrieved full report assessed 2026-08-24; minimum coding prepared from the complete report and with no independent author verification of detailed fields claimed.,Eligibility author-approved; detailed coding not independently author-verified; see data/coding_completeness.csv
R11986,Wildland Fires: Toward Improved Understanding and Forecasting of Air Quality Impacts,,2022,,10.17226/26465,https://doi.org/10.17226/26465,Include for full text,Forecasting / simulation; Concentration mapping / monitoring,Retrieved,Complete report retrieved and assessed during documented recovery audit,Retrieved,Include,Retain as Fire-specific evidence synthesis. The verified complete report contributes eligible fire-specific evidence within the frozen review scope.,Approve,Author approved all simplified full-text decisions on 2026-08-24.,2026-08-24,Include,Author approved full-text eligibility — 2026-08-24,Fire-specific evidence synthesis,Supports a map of research and operational challenges discussed at the workshop; the proceedings explicitly do not represent consensus recommendations or comparative validation.,Retrieved full report assessed 2026-08-24; minimum coding prepared from the complete report and with no independent author verification of detailed fields claimed.,Eligibility author-approved; detailed coding not independently author-verified; see data/coding_completeness.csv
R11988,"Wildland forest fire smoke: health effects and intervention evaluation, Hoopa, California, 1999.","Mott, Joshua A; Meyer, Pamela; Mannino, David; Redd, Stephen C; Smith, Eva M; Gotway-Crawford, Carol; Chase, Emmett",2002,The Western journal of medicine,10.1136/ewjm.176.3.157,https://doi.org/10.1136/ewjm.176.3.157,Include for full text,Exposure / health-risk estimation; Intervention / decision planning,Retrieved,Public full-text candidate located,Retrieved,Include,"Retain as Direct fire-specific evidence. The report evaluates a fire-smoke intervention, warning, communication, protection, or decision-support contribution.",Approve,Author approved title/decision/rationale review.,2026-08-23,Include,Author verified — approved 23 Aug 2026,Direct fire-specific evidence,"Supports the evaluated intervention, communication, or decision setting only; transfer to emergency operations requires workflow validation.","Full report was previously assessed, but report text is unavailable in the current archive; detailed charting remains incomplete",Eligibility author-approved; detailed coding not independently author-verified; see data/coding_completeness.csv
R12039,Workplace Exposures May Mask Wildfire Smoke-Related Exposure Inequities and Mortality.,"Shkembi, Abas; Adar, Sara D; Neitzel, Richard L; Childs, Marissa L",2026,Environmental Science and Technology Letters,10.1021/acs.estlett.6c00273,https://doi.org/10.1021/acs.estlett.6c00273,Include for full text,Exposure / health-risk estimation; Intervention / decision planning,Retrieved,Public full-text candidate located,Retrieved,Include,"Retain as Direct fire-specific evidence. The report evaluates a fire-smoke intervention, warning, communication, protection, or decision-support contribution.",Approve,Author approved title/decision/rationale review.,2026-08-23,Include,Author verified — approved 23 Aug 2026,Direct fire-specific evidence,"Supports the evaluated intervention, communication, or decision setting only; transfer to emergency operations requires workflow validation.","Full report was previously assessed, but report text is unavailable in the current archive; detailed charting remains incomplete",Eligibility author-approved; detailed coding not independently author-verified; see data/coding_completeness.csv
R12046,WRF/Chem forecasting of wildfire smoke in Alaska,M. Stuefer; G. Grell; S. Freitas; A. Kulchitsky; G. Newby,2009,,,,Include for full text,Forecasting / simulation,Not retrieved — inaccessible after documented attempts,No complete report accessible after Zotero-assisted and manual access attempts,Not retrieved,Not retrieved,Report not retrieved after documented access attempts; eligibility remains unknown and no findings are inferred.,Approve,Author approved all simplified full-text decisions on 2026-08-24.,2026-08-24,Not retrieved — inaccessible after documented attempts,Author approved retrieval outcome — 2026-08-24,"Primary candidate — direct fire-specific operational, plume, source/perimeter, exposure/action, or decision-interface evidence; full text required",No substantive claim because the complete report was unavailable.,Retrieval-only audit; no report-level coding or findings inferred,Not applicable — report unavailable
R12047,WRF-Chem Simulations of Aerosol Transport During the Attika Forest Fire Event of July 2018,Srikanth Madala; Tan Li; S. Salinas; Soo Chin Liew,2020,International Geoscience and Remote Sensing Symposium (IGARSS),10.1109/igarss39084.2020.9324510,https://doi.org/10.1109/igarss39084.2020.9324510,Include for full text,Forecasting / simulation; Concentration mapping / monitoring,Retrieved,Complete report retrieved and assessed during documented recovery audit,Retrieved,Include,Retain as Direct fire-specific evidence. The verified complete report contributes eligible fire-specific evidence within the frozen review scope.,Approve,Author approved all simplified full-text decisions on 2026-08-24.,2026-08-24,Include,Author approved full-text eligibility — 2026-08-24,Direct fire-specific evidence,Supports a WRF-Chem aerosol-transport demonstration for the Attika event; the short case report does not establish broad forecast accuracy or operational readiness.,Retrieved full report assessed 2026-08-24; minimum coding prepared from the complete report and with no independent author verification of detailed fields claimed.,Eligibility author-approved; detailed coding not independently author-verified; see data/coding_completeness.csv
R12051,WRF-SFIRE LES Synthetic Wildfire Plume Dataset,N. Moisseeva; R. Stull,2020,,10.20383/102.0314,https://doi.org/10.20383/102.0314,Include for full text,Forecasting / simulation,Not retrieved — inaccessible after documented attempts,No complete report accessible after Zotero-assisted and manual access attempts,Not retrieved,Not retrieved,Report not retrieved after documented access attempts; eligibility remains unknown and no findings are inferred.,Approve,Author approved all simplified full-text decisions on 2026-08-24.,2026-08-24,Not retrieved — inaccessible after documented attempts,Author approved retrieval outcome — 2026-08-24,"Primary candidate — direct fire-specific operational, plume, source/perimeter, exposure/action, or decision-interface evidence; full text required",No substantive claim because the complete report was unavailable.,Retrieval-only audit; no report-level coding or findings inferred,Not applicable — report unavailable
R12402,A wildfire exposure risk assessment framework combining LLM and spatial-temporal knowledge hypergraphs,Huang J.; Zhong T.; Yue S.; Yeh A.G.O.; Chen M.; Lü G.,2026,"Computers, Environment and Urban Systems",10.1016/j.compenvurbsys.2026.102411,https://doi.org/10.1016/j.compenvurbsys.2026.102411,Include for full text,Intervention / decision support,Retrieved,Author-supplied report validated and assessed,Retrieved,Include,Retain as Fire-specific decision-support evidence. Combines an LLM with a spatial-temporal knowledge hypergraph and validates regional wildfire hazard classifications on Camp and Tubbs Fire cases.,Approve,Author approved title/decision/rationale review.,2026-08-23,Include,Author verified — approved 23 Aug 2026,Fire-specific decision-support evidence,"The paper’s 'exposure risk' concerns wildfire hazard/evacuation zones, not quantified smoke or PM exposure; it supports decision-knowledge integration, not health-risk prediction or autonomous plume sensing.",Full report text extracted and AI-assisted detailed charting proposal; no independent author verification of detailed fields claimed,Eligibility author-approved; detailed coding not independently author-verified; see data/coding_completeness.csv
R12450,Aerial suppression penetrating an axially symmetric and upright buoyant wildfire plume,Hansen R.,2019,International Journal of Safety and Security Engineering,10.2495/safe-v9-n4-287-304,https://doi.org/10.2495/safe-v9-n4-287-304,Include for full text,Intervention / decision planning,Retrieved; report identity and minimum detail validated,Adequate matching report retrieved and validated,Retrieved,Include,Retain as Conditional fire-specific intervention/plume interface. Models when aerial water drops penetrate a wildfire plume and compares results with operational suppression thresholds; no ambient-pollution endpoint is claimed.,Approve,Author approved title/decision/rationale review.,2026-08-23,Include,Author verified — approved 23 Aug 2026,Conditional fire-specific intervention/plume interface,Supports the fire-plume/suppression interface only; ambient pollutant concentration and health outcomes were not evaluated.,AI-assisted extraction from validated full-report text; existing nonblank charting preserved; no independent author verification of detailed fields claimed,Eligibility author-approved; detailed coding not independently author-verified; see data/coding_completeness.csv
R12529,AIR QUALITY EFFECTS OF ANTALYA FOREST FIRES IN TURKIYE,Dursun S.; Kırbıyık B.; Mankolli H.,2025,International Journal of Ecosystems and Ecology Science,10.31407/ijees15.501,https://doi.org/10.31407/ijees15.501,Include for full text,Concentration mapping / monitoring,Retrieved; report identity and minimum detail validated,Adequate matching report retrieved and validated,Retrieved,Include,"Retain as Direct fire-specific evidence. The full report evaluates fire-specific ambient pollution, smoke/plume behaviour, monitoring, forecasting, exposure, intervention, or a directly related evidence synthesis.",Approve,Author approved title/decision/rationale review.,2026-08-23,Include,Author verified — approved 23 Aug 2026,Direct fire-specific evidence,"Supports only the fire-specific task and evaluation setting described in the report; it does not by itself establish operational readiness, universal superiority, or cross-incident generalisation.",AI-assisted extraction from validated full-report text; existing nonblank charting preserved; no independent author verification of detailed fields claimed,Eligibility author-approved; detailed coding not independently author-verified; see data/coding_completeness.csv
R12716,Applications of a Generalized Lidar-Aerosol Retrieval Algorithm to Smoke retrieval - Case Study and Inversions of Extensive Observations in Wildfire Seasons,Chang Y.; Hu Q.; Goloub P.; Veselovskii I.; Podvin T.; Dubois G.,2025,Journal of Physics: Conference Series,10.1088/1742-6596/3055/1/012046,https://doi.org/10.1088/1742-6596/3055/1/012046,Include for full text,Concentration mapping / monitoring,Retrieved; report identity and minimum detail validated,Adequate matching report retrieved and validated,Retrieved,Include,"Retain as Direct fire-specific evidence. The full report evaluates fire-specific ambient pollution, smoke/plume behaviour, monitoring, forecasting, exposure, intervention, or a directly related evidence synthesis.",Approve,Author approved title/decision/rationale review.,2026-08-23,Include,Author verified — approved 23 Aug 2026,Direct fire-specific evidence,"Supports only the fire-specific task and evaluation setting described in the report; it does not by itself establish operational readiness, universal superiority, or cross-incident generalisation.",AI-assisted extraction from validated full-report text; existing nonblank charting preserved; no independent author verification of detailed fields claimed,Eligibility author-approved; detailed coding not independently author-verified; see data/coding_completeness.csv
R12894,Atmospheric Pollutant Emission Inventory of Forest Fires in Sichuan Province Based on Multi-Source Satellite Data; [基于多源卫星的四川省森林火灾大气污染物排放清单],Wu W.; Zhang Y.; He M.; Liu Z.; Qian J.,2026,Research of Environmental Sciences,10.13198/j.issn.1001-6929.2025.12.02,https://doi.org/10.13198/j.issn.1001-6929.2025.12.02,Include for full text,Concentration mapping / monitoring; Emissions / source-term estimation,Not retrieved — inaccessible after documented attempts,No complete report accessible after Zotero-assisted and manual access attempts,Not retrieved,Not retrieved,Report not retrieved after documented access attempts; eligibility remains unknown and no findings are inferred.,Approve,Author approved all simplified full-text decisions on 2026-08-24.,2026-08-24,Not retrieved — inaccessible after documented attempts,Author approved retrieval outcome — 2026-08-24,"Primary candidate — direct fire-specific operational, plume, source/perimeter, exposure/action, or decision-interface evidence; full text required",No substantive claim because the complete report was unavailable.,Retrieval-only audit; no report-level coding or findings inferred,Not applicable — report unavailable
R12965,Beyond the exceptional events rule: How the local implementation of air quality regulations affects wildfire air policy,Richmond B.,2019,Ecology Law Quarterly,10.15779/z38cv4bs12,https://doi.org/10.15779/z38cv4bs12,Include for full text,Governance / policy; Concentration mapping / monitoring,Retrieved; report identity and minimum detail validated,Adequate matching report retrieved and validated,Retrieved,Include,"Retain as Direct fire-specific evidence. The full report evaluates fire-specific ambient pollution, smoke/plume behaviour, monitoring, forecasting, exposure, intervention, or a directly related evidence synthesis.",Approve,Author approved title/decision/rationale review.,2026-08-23,Include,Author verified — approved 23 Aug 2026,Direct fire-specific evidence,"Supports only the fire-specific task and evaluation setting described in the report; it does not by itself establish operational readiness, universal superiority, or cross-incident generalisation.",AI-assisted extraction from validated full-report text; existing nonblank charting preserved; no independent author verification of detailed fields claimed,Eligibility author-approved; detailed coding not independently author-verified; see data/coding_completeness.csv
R13069,Californian Wildfire Smoke Over Europe: A First Example of the Aerosol Observing Capabilities of Aeolus Compared to Ground-Based Lidar,Baars H.; Radenz M.; Floutsi A.A.; Engelmann R.; Althausen D.; Heese B.; Ansmann A.; Flament T.; Dabas A.; Trapon D.; Reitebuch O.; Bley S.; Wandinger U.,2021,Geophysical Research Letters,10.1029/2020gl092194,https://doi.org/10.1029/2020gl092194,Include for full text,Concentration mapping / monitoring,Retrieved,Complete report retrieved and assessed during documented recovery audit,Retrieved,Include,Retain as Direct fire-specific evidence. The verified complete report contributes eligible fire-specific evidence within the frozen review scope.,Approve,Author approved all simplified full-text decisions on 2026-08-24.,2026-08-24,Include,Author approved full-text eligibility — 2026-08-24,Direct fire-specific evidence,Supports Aeolus observation of the evaluated long-range smoke plume and agreement with ground lidar; it does not validate surface exposure or routine incident-time monitoring.,Retrieved full report assessed 2026-08-24; minimum coding prepared from the complete report and with no independent author verification of detailed fields claimed.,Eligibility author-approved; detailed coding not independently author-verified; see data/coding_completeness.csv
R13340,"Climate Change, Wildfires and Air Quality Exceptional Events: At the Intersection of Science and Policy",Hameed Y.,2023,"Proceedings of the Air and Waste Management Association's Annual Conference and Exhibition, AWMA",,,Include for full text,Governance / policy; Concentration mapping / monitoring,Not retrieved — inaccessible after documented attempts,No complete report accessible after Zotero-assisted and manual access attempts,Not retrieved,Not retrieved,Report not retrieved after documented access attempts; eligibility remains unknown and no findings are inferred.,Approve,Author approved all simplified full-text decisions on 2026-08-24.,2026-08-24,Not retrieved — inaccessible after documented attempts,Author approved retrieval outcome — 2026-08-24,"Primary candidate — direct fire-specific operational, plume, source/perimeter, exposure/action, or decision-interface evidence; full text required",No substantive claim because the complete report was unavailable.,Retrieval-only audit; no report-level coding or findings inferred,Not applicable — report unavailable
R13675,Detection of Wildfire Smoke Plumes Using GEMS Images and Machine Learning,Jeong Y.; Kim S.; Kim S.-Y.; Yu J.-A.; Lee D.-W.; Lee Y.,2022,Korean Journal of Remote Sensing,10.7780/kjrs.2022.38.5.3.13,https://doi.org/10.7780/kjrs.2022.38.5.3.13,Include for full text,Exposure / health-risk estimation; Detection,Retrieved; report identity and minimum detail validated,Adequate matching report retrieved and validated,Retrieved,Include,"Retain as Direct fire-specific evidence. The full report evaluates fire-specific ambient pollution, smoke/plume behaviour, monitoring, forecasting, exposure, intervention, or a directly related evidence synthesis.",Approve,Author approved title/decision/rationale review.,2026-08-23,Include,Author verified — approved 23 Aug 2026,Direct fire-specific evidence,"Supports only the fire-specific task and evaluation setting described in the report; it does not by itself establish operational readiness, universal superiority, or cross-incident generalisation.",AI-assisted extraction from validated full-report text; existing nonblank charting preserved; no independent author verification of detailed fields claimed,Eligibility author-approved; detailed coding not independently author-verified; see data/coding_completeness.csv
R13689,Developing a high spatial resolution aerosol optical depth product using MODIS data for evaluating aerosol during large wildfire events,DeWinter J.L.; Raffuse S.M.; McCarthy M.C.; Craig K.J.; Jumbam L.K.; Lurmann F.W.; Fruin S.A.,2012,Air and Waste Management Association - Aerosol and Atmospheric Optics: Visibility and Air Pollution Specialty Conference 2012,,,Include for full text,Concentration mapping / monitoring,Retrieved,Complete report retrieved and assessed during documented recovery audit,Retrieved,Include,Retain as Direct fire-specific evidence. The verified complete report contributes eligible fire-specific evidence within the frozen review scope.,Approve,Author approved all simplified full-text decisions on 2026-08-24.,2026-08-24,Include,Author approved full-text eligibility — 2026-08-24,Direct fire-specific evidence,Supports the modified MODIS AOD product for the evaluated fire period and its potential use in exposure/model evaluation; transfer and operational assimilation were not validated.,Retrieved full report assessed 2026-08-24; minimum coding prepared from the complete report and with no independent author verification of detailed fields claimed.,Eligibility author-approved; detailed coding not independently author-verified; see data/coding_completeness.csv
R13767,Dispersion Dynamics of Wildfire Aerosol for Prognostic Error Variance Evolution and Improved Assimilation,Vogel A.; Ménard R.; Chen J.,2026,Springer Proceedings in Complexity,10.1007/978-3-032-02971-3_55,https://doi.org/10.1007/978-3-032-02971-3_55,Include for full text,Forecasting / simulation; data-assimilation design,Retrieved and assessed,Author supplied; complete report validated,Retrieved and assessed,Include,Retain as Direct fire-specific simulation/method precursor evidence. Provides a fire-specific process decomposition of an operational chemical-weather model as a precursor to reduced-order data assimilation for wildfire-smoke forecasting.,Approve,Author approved title/decision/rationale review.,2026-08-23,Include,Author verified — approved 23 Aug 2026,Direct fire-specific simulation/method precursor evidence,Supports selection of reduced physical processes for a proposed assimilation method. It does not show that the parametric Kalman filter improves forecasts or is operationally viable.,"Complete 9-page report supplied by author; identity, opening/closing pages, references, extractability and completeness validated; SHA256 b064ca5b5c7ed36acc460be7d3a80380699978ae1b8d8acdcfe362cd14510625",Eligibility author-approved; detailed coding not independently author-verified; see data/coding_completeness.csv
R13835,"Early forest fire detection and verification using optical smoke, gas and microwave sensors",Krüll W.; Tobera R.; Willms I.; Essen H.; Von Wahl N.,2012,Procedia Engineering,10.1016/j.proeng.2012.08.208,https://doi.org/10.1016/j.proeng.2012.08.208,Include for full text,Detection,Retrieved,Complete report retrieved and assessed during documented recovery audit,Retrieved,Include,Retain as Conditional fire-source/perimeter input. The verified complete report contributes eligible fire-specific evidence within the frozen review scope.,Approve,Author approved all simplified full-text decisions on 2026-08-24.,2026-08-24,Include,Author approved full-text eligibility — 2026-08-24,Conditional fire-source/perimeter input,Supports a fire-specific multisensor architecture for early detection and verification; it does not provide calibrated ambient concentration or validated end-to-end health-response evidence.,Retrieved full report assessed 2026-08-24; minimum coding prepared from the complete report and with no independent author verification of detailed fields claimed.,Eligibility author-approved; detailed coding not independently author-verified; see data/coding_completeness.csv
R13978,Emerging Trends in Wildfire Detection Through the Lens of Computer Vision and Wildfire Emission Quantification: A Comprehensive Survey,Das K.; Poovvancheri J.; Flesca S.; Roberta Calidonna C.; Chen D.,2026,IEEE Access,10.1109/access.2026.3660843,https://doi.org/10.1109/access.2026.3660843,Include for full text,Evidence synthesis; Emissions / source-term estimation; Detection,Retrieved; report identity and minimum detail validated,Adequate matching report retrieved and validated,Retrieved,Include,"Retain as Fire-specific evidence synthesis. Reviews both wildfire computer-vision detection and fire-emission quantification, including datasets, metrics, uncertainty, and deployment constraints.",Approve,Author approved title/decision/rationale review.,2026-08-23,Include,Author verified — approved 23 Aug 2026,Fire-specific evidence synthesis,Supports statements about the scope and reported findings of the reviewed literature; it is not independent deployment evidence and cannot establish algorithmic superiority.,AI-assisted extraction from validated full-report text; existing nonblank charting preserved; no independent author verification of detailed fields claimed,Eligibility author-approved; detailed coding not independently author-verified; see data/coding_completeness.csv
R14150,Evaluating DIY air cleaner variability and potential for post-construction emission of aromatic VOCs during wildfire events,Stinson B.W.; Deters A.L.; Gall E.T.,2024,Indoor Environments,10.1016/j.indenv.2024.100023,https://doi.org/10.1016/j.indenv.2024.100023,Include for full text,Exposure mitigation; intervention evaluation,Retrieved — adequate report,Complete report validated and assessed,Retrieved — adequate report,Include,Retain as Direct fire-specific laboratory intervention evidence. Complete report assessed 22 Aug 2026; Bench-tests seven novice-built Corsi-Rosenthal boxes against smoke and models particle/VOC trade-offs.,Approve,Author approved title/decision/rationale review.,2026-08-23,Include,Author verified — approved 23 Aug 2026,Direct fire-specific laboratory intervention evidence,Supports controlled performance and practical cautions for this construction protocol. It does not establish population health benefit or field effectiveness across designs and homes.,Complete report assessed 22 Aug 2026; Bench-tests seven novice-built Corsi-Rosenthal boxes against smoke and models particle/VOC trade-offs.,Eligibility author-approved; detailed coding not independently author-verified; see data/coding_completeness.csv
R14188,Evaluation of Filtration Efficiency of Various Filter Media in Addressing Wildfire Smoke in Indoor Environments: Importance of Particle Size and Composition,Shirman T.; Shirman E.; Liu S.,2023,Atmosphere,10.3390/atmos14121729,https://doi.org/10.3390/atmos14121729,Include for full text,Intervention / decision planning,Retrieved; report identity and minimum detail validated,Adequate matching report retrieved and validated,Retrieved,Include,"Retain as Direct fire-specific evidence. The full report evaluates fire-specific ambient pollution, smoke/plume behaviour, monitoring, forecasting, exposure, intervention, or a directly related evidence synthesis.",Approve,Author approved title/decision/rationale review.,2026-08-23,Include,Author verified — approved 23 Aug 2026,Direct fire-specific evidence,"Supports only the fire-specific task and evaluation setting described in the report; it does not by itself establish operational readiness, universal superiority, or cross-incident generalisation.",AI-assisted extraction from validated full-report text; existing nonblank charting preserved; no independent author verification of detailed fields claimed,Eligibility author-approved; detailed coding not independently author-verified; see data/coding_completeness.csv
R14279,Exposure to Wildfires Exposures and Mental Health Problems among Firefighters: A Systematic Review,Bonita I.; Halabicky O.M.; Liu J.,2024,Atmosphere,10.3390/atmos15010078,https://doi.org/10.3390/atmos15010078,Include for full text,Evidence synthesis; Exposure / health-risk estimation,Retrieved; report identity and minimum detail validated,Adequate matching report retrieved and validated,Retrieved,Exclude,"Wildfire mental-health effects without an air-pollution or operational-risk interface. Synthesizes firefighters' psychological exposure to wildfire events but does not address fire-induced air pollution, smoke exposure, or an actionable pollution-response model.",Approve,Author approved title/decision/rationale review.,2026-08-23,Exclude,Author verified — approved 23 Aug 2026,Background occupational-health evidence,,,Not applicable — excluded report
R14407,Fire emissions modulate wildfire spread through aerosol-meteorology feedbacks: Insights from a novel WRF-Chem/Fire coupled model,He Z.; Luo J.; Li C.; Fan G.; Xu B.; Wang L.; Zeng Z.-C.; Huang D.; Sun Y.; He H.,2026,Atmospheric Environment,10.1016/j.atmosenv.2026.121772,https://doi.org/10.1016/j.atmosenv.2026.121772,Include for full text,Forecasting / simulation; Concentration mapping / monitoring; Emissions / source-term estimation,Retrieved,Complete report retrieved and assessed during documented recovery audit,Retrieved,Include,Retain as Direct fire-specific evidence. The verified complete report contributes eligible fire-specific evidence within the frozen review scope.,Approve,Author approved all simplified full-text decisions on 2026-08-24.,2026-08-24,Include,Author approved full-text eligibility — 2026-08-24,Direct fire-specific evidence,Supports a simulated mechanism by which aerosol-radiative feedbacks altered fire behaviour in the evaluated configuration; it is a preprint/simulation and does not establish real-world forecast improvement.,Retrieved full report assessed 2026-08-24; minimum coding prepared from the complete report and with no independent author verification of detailed fields claimed.,Eligibility author-approved; detailed coding not independently author-verified; see data/coding_completeness.csv
R14634,From smoke to fire: A forest fire early warning and risk assessment model fusing multimodal data,Jin P.; Cheng P.; Liu X.; Huang Y.,2025,Engineering Applications of Artificial Intelligence,10.1016/j.engappai.2025.110848,https://doi.org/10.1016/j.engappai.2025.110848,Include for full text,Intervention / decision planning; Forecasting / simulation; Detection,Retrieved,Complete report retrieved and assessed during documented recovery audit,Retrieved,Include,Retain as Conditional fire-source/perimeter input. The verified complete report contributes eligible fire-specific evidence within the frozen review scope.,Approve,Author approved all simplified full-text decisions on 2026-08-24.,2026-08-24,Include,Author approved full-text eligibility — 2026-08-24,Conditional fire-source/perimeter input,"Supports multimodal smoke detection and fire-risk classification on the evaluated dataset; it estimates fire risk, not health risk, and does not establish operational generalisation.",Retrieved full report assessed 2026-08-24; minimum coding prepared from the complete report and with no independent author verification of detailed fields claimed.,Eligibility author-approved; detailed coding not independently author-verified; see data/coding_completeness.csv
R14766,Ground level particulate concentration prediction using remote sensing case study - Sydney 2001 bushfires,Doyle M.; Roddis D.; Scorgie Y.,2007,"Proc. 14th International Union of Air Pollution Prevention and Environmental Protection Associations (IUAPPA) World Congress 2007, 18th Clean Air Society of Australia and New Zealand (CASANZ) Conf.",,,Include for full text,Forecasting / simulation; Concentration mapping / monitoring,Not retrieved — inaccessible after documented attempts,No complete report accessible after Zotero-assisted and manual access attempts,Not retrieved,Not retrieved,Report not retrieved after documented access attempts; eligibility remains unknown and no findings are inferred.,Approve,Author approved all simplified full-text decisions on 2026-08-24.,2026-08-24,Not retrieved — inaccessible after documented attempts,Author approved retrieval outcome — 2026-08-24,"Primary candidate — direct fire-specific operational, plume, source/perimeter, exposure/action, or decision-interface evidence; full text required",No substantive claim because the complete report was unavailable.,Retrieval-only audit; no report-level coding or findings inferred,Not applicable — report unavailable
R14822,Health risks and mitigation strategies from occupational exposure to wildland fire: a scoping review,Koopmans E.; Cornish K.; Fyfe T.M.; Bailey K.; Pelletier C.A.,2022,Journal of Occupational Medicine and Toxicology,10.1186/s12995-021-00328-w,https://doi.org/10.1186/s12995-021-00328-w,Include for full text,Evidence synthesis; Exposure / health-risk estimation; Intervention / decision planning,Retrieved; report identity and minimum detail validated,Adequate matching report retrieved and validated,Retrieved,Include,Retain as Fire-specific evidence synthesis. The report synthesizes fire-specific evidence relevant to an observation-to-action review question.,Approve,Author approved title/decision/rationale review.,2026-08-23,Include,Author verified — approved 23 Aug 2026,Fire-specific evidence synthesis,Supports statements about the scope and reported findings of the reviewed literature; it is not independent deployment evidence and cannot establish algorithmic superiority.,AI-assisted extraction from validated full-report text; existing nonblank charting preserved; no independent author verification of detailed fields claimed,Eligibility author-approved; detailed coding not independently author-verified; see data/coding_completeness.csv
R14922,Hybrid Backbone-Based Deep Learning Model for Early Detection of Forest Fire Smoke,Çınarer G.,2025,Applied Sciences (Switzerland),10.3390/app15137178,https://doi.org/10.3390/app15137178,Include for full text,Exposure / health-risk estimation; Forecasting / simulation; Detection,Retrieved; report identity and minimum detail validated,Adequate matching report retrieved and validated,Retrieved,Exclude,"Smoke-image detection only—no material plume or pollution-response output. Benchmarks image-based forest-fire-smoke object detectors but does not evaluate source localisation, plume geometry, concentration, exposure, or response decisions.",Approve,Author approved title/decision/rationale review.,2026-08-23,Exclude,Author verified — approved 23 Aug 2026,Contextual visual-detection evidence,,,Not applicable — excluded report
R14960,Identifying Plume Mode via WSR-88D Observations of Wildland Fire Convective Plumes and Proposed Tactical Decision Support Applications,Murdoch G.P.; Gitro C.M.; Lindley T.T.; Mahale V.N.,2019,Journal of Operational Meteorology,10.15191/nwajom.2019.0711,https://doi.org/10.15191/nwajom.2019.0711,Include for full text,Intervention / decision planning; Concentration mapping / monitoring,Retrieved,Complete report retrieved and assessed during documented recovery audit,Retrieved,Include,Retain as Direct fire-specific evidence. The verified complete report contributes eligible fire-specific evidence within the frozen review scope.,Approve,Author approved all simplified full-text decisions on 2026-08-24.,2026-08-24,Include,Author approved full-text eligibility — 2026-08-24,Direct fire-specific evidence,Supports radar identification of plume modes in the evaluated cases and motivates tactical interpretation; it does not prospectively validate decision benefits or smoke concentration.,Retrieved full report assessed 2026-08-24; minimum coding prepared from the complete report and with no independent author verification of detailed fields claimed.,Eligibility author-approved; detailed coding not independently author-verified; see data/coding_completeness.csv
R15104,In-cell measurements of smoke backscattering coefficients using a CO 2 laser system for application to lidar-dial forest fire detection,Bellecci C.; Gaudio P.; Gelfusa M.; Lo Feudo T.; Murari A.; Richetta M.; De Leo L.,2010,Optical Engineering,10.1117/1.3526331,https://doi.org/10.1117/1.3526331,Include for full text,Concentration mapping / monitoring; Detection,Retrieved,Complete report retrieved and assessed during documented recovery audit,Retrieved,Include,Retain as Direct fire-specific evidence. The verified complete report contributes eligible fire-specific evidence within the frozen review scope.,Approve,Author approved all simplified full-text decisions on 2026-08-24.,2026-08-24,Include,Author approved full-text eligibility — 2026-08-24,Direct fire-specific evidence,Supports laboratory calibration/approximation claims for the tested fuels and laser lines; it does not demonstrate field detection performance or pollutant concentration mapping.,Retrieved full report assessed 2026-08-24; minimum coding prepared from the complete report and with no independent author verification of detailed fields claimed.,Eligibility author-approved; detailed coding not independently author-verified; see data/coding_completeness.csv
R15181,Insights into the aging of biomass burning aerosol from satellite observations and 3D atmospheric modeling: Evolution of the aerosol optical properties in Siberian wildfire plumes,Konovalov I.B.; Golovushkin N.A.; Beekmann M.; Andreae M.O.,2021,Atmospheric Chemistry and Physics,10.5194/acp-21-357-2021,https://doi.org/10.5194/acp-21-357-2021,Include for full text,Forecasting / simulation; Concentration mapping / monitoring,Retrieved; report identity and minimum detail validated,Adequate matching report retrieved and validated,Retrieved,Include,"Retain as Direct fire-specific evidence. The full report evaluates fire-specific ambient pollution, smoke/plume behaviour, monitoring, forecasting, exposure, intervention, or a directly related evidence synthesis.",Approve,Author approved title/decision/rationale review.,2026-08-23,Include,Author verified — approved 23 Aug 2026,Direct fire-specific evidence,"Supports only the fire-specific task and evaluation setting described in the report; it does not by itself establish operational readiness, universal superiority, or cross-incident generalisation.",AI-assisted extraction from validated full-report text; existing nonblank charting preserved; no independent author verification of detailed fields claimed,Eligibility author-approved; detailed coding not independently author-verified; see data/coding_completeness.csv
R15368,Learning to live with smoke: characterizing wildland fire and prescribed fire smoke risk communication in rural Washington,D’Evelyn S.M.; Wood L.M.; Desautel C.; Errett N.A.; Ray K.; Spector J.T.; Alvarado E.,2023,Environmental Research: Health,10.1088/2752-5309/acdbe3,https://doi.org/10.1088/2752-5309/acdbe3,Include for full text,Intervention / decision planning; Concentration mapping / monitoring,Retrieved; report identity and minimum detail validated,Adequate matching report retrieved and validated,Retrieved,Include,"Retain as Direct fire-specific evidence. The full report evaluates fire-specific ambient pollution, smoke/plume behaviour, monitoring, forecasting, exposure, intervention, or a directly related evidence synthesis.",Approve,Author approved title/decision/rationale review.,2026-08-23,Include,Author verified — approved 23 Aug 2026,Direct fire-specific evidence,"Supports only the fire-specific task and evaluation setting described in the report; it does not by itself establish operational readiness, universal superiority, or cross-incident generalisation.",AI-assisted extraction from validated full-report text; existing nonblank charting preserved; no independent author verification of detailed fields claimed,Eligibility author-approved; detailed coding not independently author-verified; see data/coding_completeness.csv
R15384,Lidar Optical and Microphysical Characterization of Tropospheric and Stratospheric Fire Smoke Layers Due to Canadian Wildfires Passing over Naples (Italy),Damiano R.; Amoruso S.; Sannino A.; Boselli A.,2024,Remote Sensing,10.3390/rs16030538,https://doi.org/10.3390/rs16030538,Include for full text,Concentration mapping / monitoring,Retrieved; report identity and minimum detail validated,Adequate matching report retrieved and validated,Retrieved,Include,"Retain as Direct fire-specific evidence. The full report evaluates fire-specific ambient pollution, smoke/plume behaviour, monitoring, forecasting, exposure, intervention, or a directly related evidence synthesis.",Approve,Author approved title/decision/rationale review.,2026-08-23,Include,Author verified — approved 23 Aug 2026,Direct fire-specific evidence,"Supports only the fire-specific task and evaluation setting described in the report; it does not by itself establish operational readiness, universal superiority, or cross-incident generalisation.",AI-assisted extraction from validated full-report text; existing nonblank charting preserved; no independent author verification of detailed fields claimed,Eligibility author-approved; detailed coding not independently author-verified; see data/coding_completeness.csv
R15624,Modeling smoke-driven evacuation routes during wildfires: Architecture and implementation of the s-ERP system,Oikonomou P.; Boulougaris G.; Kolomvatsos K.,2025,Environmental Challenges,10.1016/j.envc.2025.101307,https://doi.org/10.1016/j.envc.2025.101307,Include for full text,Forecasting / simulation; Intervention / decision support,Retrieved,Author-supplied report validated and assessed,Retrieved,Include,Retain as Direct fire-specific simulation evidence. Implements a smoke-aware evacuation-routing system that couples Gaussian plume forecasts with route planning and evaluates it against conventional routing in simulated scenarios.,Approve,Author approved title/decision/rationale review.,2026-08-23,Include,Author verified — approved 23 Aug 2026,Direct fire-specific simulation evidence,"Supports software feasibility and simulated smoke-aware routing; it does not establish real evacuation outcomes, high-fidelity plume accuracy, or operational deployment.",Full report text extracted and AI-assisted detailed charting proposal; no independent author verification of detailed fields claimed,Eligibility author-approved; detailed coding not independently author-verified; see data/coding_completeness.csv
R15639,Modelling daily fine particulate matter (PM2.5) and wildfire effects using machine learning and deep learning in a cold urban region,Wang Y.; Delavar M.A.; Wang J.,2026,Atmospheric Pollution Research,10.1016/j.apr.2026.103099,https://doi.org/10.1016/j.apr.2026.103099,Include for full text,PM2.5 prediction; exposure support; comparative modelling,Retrieved — adequate report,Complete report validated and assessed,Retrieved — adequate report,Include,"Retain as Direct fire-relevant comparative field-data modelling. Complete report assessed 22 Aug 2026; Compares RF, LSTM and XGBoost using three Alberta monitoring sites and explicitly evaluates failure during wildfire-driven PM2.5 extremes.",Approve,Author approved title/decision/rationale review.,2026-08-23,Include,Author verified — approved 23 Aug 2026,Direct fire-relevant comparative field-data modelling,Supports context-dependent comparative performance and exposes extreme-event failure. It directly argues against claiming a universally superior model family.,"Complete report assessed 22 Aug 2026; Compares RF, LSTM and XGBoost using three Alberta monitoring sites and explicitly evaluates failure during wildfire-driven PM2.5 extremes.",Eligibility author-approved; detailed coding not independently author-verified; see data/coding_completeness.csv
R15807,Numerical Simulation and Mechanism Analysis of the Impact of Wildfire Smoke in Eastern Siberia on Surface Ozone in Northeast China in July 2014; [2014年7月西伯利亚东部野火烟雾影响中国东北地表臭氧的数值模拟及机制分析],Jiang X.; Shi C.; Yu Y.; Rao J.,2026,Chinese Journal of Atmospheric Sciences,10.3878/j.issn.1006-9895.2503.24132,https://doi.org/10.3878/j.issn.1006-9895.2503.24132,Include for full text,Forecasting / simulation,Retrieved; report identity and minimum detail validated,Adequate matching report retrieved and validated,Retrieved,Include,"Retain as Direct fire-specific evidence. The full report evaluates fire-specific ambient pollution, smoke/plume behaviour, monitoring, forecasting, exposure, intervention, or a directly related evidence synthesis.",Approve,Author approved title/decision/rationale review.,2026-08-23,Include,Author verified — approved 23 Aug 2026,Direct fire-specific evidence,"Supports only the fire-specific task and evaluation setting described in the report; it does not by itself establish operational readiness, universal superiority, or cross-incident generalisation.",AI-assisted extraction from validated full-report text; existing nonblank charting preserved; no independent author verification of detailed fields claimed,Eligibility author-approved; detailed coding not independently author-verified; see data/coding_completeness.csv
R16034,PM2.5 Exposure Modeling App for Mitigation Strategies during Wildfire Smoke Events,Breen M.; Isakov V.; Seppanen C.; Arunachalam S.,2024,"18th Conference of the International Society of Indoor Air Quality and Climate, INDOOR AIR 2024 - Conference Program and Proceedings",,,Include for full text,Exposure / health-risk estimation; Intervention / decision planning; Forecasting / simulation; Concentration mapping / monitoring,Not retrieved — inaccessible after documented attempts,No complete report accessible after Zotero-assisted and manual access attempts,Not retrieved,Not retrieved,Report not retrieved after documented access attempts; eligibility remains unknown and no findings are inferred.,Approve,Author approved all simplified full-text decisions on 2026-08-24.,2026-08-24,Not retrieved — inaccessible after documented attempts,Author approved retrieval outcome — 2026-08-24,"Primary candidate — direct fire-specific operational, plume, source/perimeter, exposure/action, or decision-interface evidence; full text required",No substantive claim because the complete report was unavailable.,Retrieval-only audit; no report-level coding or findings inferred,Not applicable — report unavailable
R16117,Preliminary results from a survey of U.S. Forest Service wildfire managers' attitudes toward aviation personnel exposure and risk,Wibbenmeyer M.; Hand M.; Calkin D.,2012,USDA Forest Service - Research Note RMRS-RN,,,Include for full text,Governance / equity; Intervention / decision support,Retrieved,Author-supplied report validated and assessed,Retrieved,Include,Retain as Fire-specific governance/human-factors evidence. A large wildfire-manager survey and lottery experiment examines how risk preferences and information framing affect safety-related management choices.,Approve,Author approved title/decision/rationale review.,2026-08-23,Include,Author verified — approved 23 Aug 2026,Fire-specific governance/human-factors evidence,Supports human-factors and risk-presentation requirements for wildfire decision support; it is not smoke-specific and does not evaluate an AI or autonomous system.,Full report text extracted and AI-assisted detailed charting proposal; no independent author verification of detailed fields claimed,Eligibility author-approved; detailed coding not independently author-verified; see data/coding_completeness.csv
R16203,Protection Through Connection: Community Wildfire Smoke Risk Perceptions and Communication Channels,Chalgren L.; Anderson A.A.; Abrams K.M.; Bice C.; Guajardo M.; Magzamen S.; Pierce J.R.; Fischer E.V.,2026,Climate Resilience and Sustainability,10.1002/cli2.70052,https://doi.org/10.1002/cli2.70052,Include for full text,Risk communication; protective action; governance / equity,Retrieved — adequate report,Complete report validated and assessed,Retrieved — adequate report,Include,"Retain as Direct fire-specific governance and human-interface evidence. Complete report assessed 22 Aug 2026; Examines wildfire-smoke risk perceptions, protective-action barriers and trusted communication channels across eight manufactured-home communities.",Approve,Author approved title/decision/rationale review.,2026-08-23,Include,Author verified — approved 23 Aug 2026,Direct fire-specific governance and human-interface evidence,"Supports design requirements for equitable, trusted and feasible wildfire-smoke communication. It does not demonstrate that a specific AI alert or governance mechanism changes behaviour.","Complete report assessed 22 Aug 2026; Examines wildfire-smoke risk perceptions, protective-action barriers and trusted communication channels across eight manufactured-home communities.",Eligibility author-approved; detailed coding not independently author-verified; see data/coding_completeness.csv
R16315,Recent Development of Environment Canada’s FireWork Wildfire Air Quality Forecast System and Operational Analysis for the 2023 Fire Season,Chen J.; Makar P.; Gong W.; Anderson K.; Englefield P.; Cholette M.; Milbrandt J.,2026,Springer Proceedings in Complexity,10.1007/978-3-032-02971-3_54,https://doi.org/10.1007/978-3-032-02971-3_54,Include for full text,Forecasting / simulation; decision support,Retrieved and assessed,Author supplied; complete report validated,Retrieved and assessed,Include,"Retain as Direct fire-specific operational system evidence. Describes the operational Canadian FireWork smoke-forecast system and evaluates 2023 event behaviour, lead-time limitations, and a research aerosol-feedback configuration.",Approve,Author approved title/decision/rationale review.,2026-08-23,Include,Author verified — approved 23 Aug 2026,Direct fire-specific operational system evidence,Supports operational use and documented limitations of FireWork during 2023. It does not establish universal concentration accuracy or operational benefit of the research feedback configuration.,"Complete 9-page report supplied by author; identity, opening/closing pages, references, extractability and completeness validated; SHA256 26fe0d3ed91b266afdcc6063145908ba164963683e67e69399ed91a31795a208",Eligibility author-approved; detailed coding not independently author-verified; see data/coding_completeness.csv
R16944,"Temporal shifts in sources and composition of particulate metals in an environmental justice community: Impacts of continued emission reductions, COVID-19, and wildfires",Sowlat M.H.; Hasheminassab S.; Grant B.; Pakbin P.; Low J.; Polidori A.,2024,Atmospheric Environment,10.1016/j.atmosenv.2024.120760,https://doi.org/10.1016/j.atmosenv.2024.120760,Include for full text,Concentration mapping / monitoring; exposure characterisation; governance / equity,Retrieved and assessed,Author supplied; complete report validated,Retrieved and assessed,Include,Retain as Direct fire-specific field exposure/composition evidence within a broader longitudinal study. Provides direct high-time-resolution ambient particulate-composition observations during the September 2020 wildfire-smoke episode in an environmental-justice community.,Approve,Author approved title/decision/rationale review.,2026-08-23,Include,Author verified — approved 23 Aug 2026,Direct fire-specific field exposure/composition evidence within a broader longitudinal study,"Supports event-specific ambient composition and exposure evidence in the sampled community. It does not establish causal health effects, definitive wildfire source attribution for every metal, or system-level governance effectiveness.","Complete 9-page report supplied by author; identity, opening/closing pages, references, extractability and completeness validated; SHA256 0a56945ca886097762f8a09ed8842c186e2b8d2d4c06010f02e8ea3138fd4c1f",Eligibility author-approved; detailed coding not independently author-verified; see data/coding_completeness.csv
R17303,Through Smoke to Policy: Framing the EU Forest Fire Policy Landscape,Aggestam F.,2024,Land,10.3390/land13091450,https://doi.org/10.3390/land13091450,Include for full text,Governance / policy,Retrieved; report identity and minimum detail validated,Adequate matching report retrieved and validated,Retrieved,Exclude,General forest-fire policy without a fire-pollution response interface. Analyses EU forest-fire policy frames but does not address smoke/air-quality governance or the reviewed observation-to-action system.,Approve,Author approved title/decision/rationale review.,2026-08-23,Exclude,Author verified — approved 23 Aug 2026,Contextual fire-governance evidence,,,Not applicable — excluded report
R17341,Toward an AI-Powered Software Pipeline for Real-Time Tracking and Analysis of Wildfire and Smoke,Wang Y.; Wang T.; Rajpurohit V.; Konar D.; Das A.K.,2026,IEEE Access,10.1109/access.2026.3677793,https://doi.org/10.1109/access.2026.3677793,Include for full text,Source localisation / boundary tracking,Retrieved; report identity and minimum detail validated,Adequate matching report retrieved and validated,Retrieved,Include,"Retain as Fire-specific smoke-detection evidence (non-concentration). Evaluates cross-dataset wildfire/smoke detection, segmentation, tracking, smoke-dispersion geometry, and inference efficiency on aerial video.",Approve,Author approved title/decision/rationale review.,2026-08-23,Include,Author verified — approved 23 Aug 2026,Fire-specific smoke-detection evidence (non-concentration),"Supports fire/smoke detection, localisation, or source/perimeter inputs only; it does not validate ambient concentration mapping, exposure estimation, health-risk prediction, or operational deployment of the end-to-end pipeline.",AI-assisted extraction from validated full-report text; existing nonblank charting preserved; no independent author verification of detailed fields claimed,Eligibility author-approved; detailed coding not independently author-verified; see data/coding_completeness.csv
R17507,"Use of an eye-safe, portable lidar for remote wildland fire and smoke detection",Parker M.J.; Holton C.E.,2005,"85th AMS Annual Meeting, American Meteorological Society - Combined Preprints",,,Include for full text,Concentration mapping / monitoring; Detection,Retrieved,Complete report retrieved and assessed during documented recovery audit,Retrieved,Include,Retain as Direct fire-specific evidence. The verified complete report contributes eligible fire-specific evidence within the frozen review scope.,Approve,Author approved all simplified full-text decisions on 2026-08-24.,2026-08-24,Include,Author approved full-text eligibility — 2026-08-24,Direct fire-specific evidence,Supports remote detection to the reported range and plume-motion measurement in the field tests; it does not validate pollutant concentrations or large-incident performance.,Retrieved full report assessed 2026-08-24; minimum coding prepared from the complete report and with no independent author verification of detailed fields claimed.,Eligibility author-approved; detailed coding not independently author-verified; see data/coding_completeness.csv
R17677,When wildfires reward incumbents: Risk exposure and electoral accountability in Chile,Livert F.; Avila G.; Herrera P.; Anasco L.; Figueroa-Aldunce I.,2026,International Journal of Disaster Risk Reduction,10.1016/j.ijdrr.2026.106146,https://doi.org/10.1016/j.ijdrr.2026.106146,Include for full text,Background wildfire governance,Retrieved and assessed,Author supplied; complete report validated,Retrieved and assessed,Exclude,"No material fire-pollution or observation-to-action interface. The report studies municipal electoral accountability after wildfires in Chile but does not evaluate smoke, ambient air pollution, exposure, plume monitoring/forecasting, or an operational fire-pollution decision interface.",Approve,Author approved title/decision/rationale review.,2026-08-23,Exclude,Author verified — approved 23 Aug 2026,Not included; background wildfire-governance evidence only,"May provide general background on wildfire governance and electoral accountability, but cannot support claims about fire-smoke sensing, forecasting, exposure, health-risk action, or governance of the reviewed technical pipeline.","Complete 16-page report supplied by author; identity, opening/closing pages, references, extractability and completeness validated; SHA256 4ed3d30bfb91408ad83e5259cbe2637624d2d66909cc117ea7ef7f07921f0e69",Not applicable — excluded report
R17731,Wildfire Fire-Smoke Detection in UAV Imagery via Scale-Guided Feature Routing and Uncertainty-Aware Localization,Wu L.,2026,IEEE Access,10.1109/access.2026.3706370,https://doi.org/10.1109/access.2026.3706370,Include for full text,Concentration mapping / monitoring; Source localisation / boundary tracking; Detection,Retrieved; report identity and minimum detail validated,Adequate matching report retrieved and validated,Retrieved,Include,Retain narrowly under the source/perimeter exception because the report evaluates uncertainty-aware fire/smoke localisation in UAV imagery; it is not concentration or health-response evidence.,Approve,Retained narrowly under the source/perimeter exception because it evaluates uncertainty-aware fire/smoke localisation.,2026-08-23,Include,Author verified — approved 23 Aug 2026,Fire-specific smoke-detection evidence (non-concentration),"Supports fire/smoke detection, localisation, or source/perimeter inputs only; it does not validate ambient concentration mapping, exposure estimation, health-risk prediction, or operational deployment of the end-to-end pipeline.",AI-assisted extraction from validated full-report text; existing nonblank charting preserved; no independent author verification of detailed fields claimed,Eligibility author-approved; detailed coding not independently author-verified; see data/coding_completeness.csv
R17749,Wildfire plume tracking and dynamics using UAS with in-situ Co2measurements,Mitchell T.; Kidd J.; Jacob J.D.,2016,AIAA Infotech @ Aerospace Conference,,,Include for full text,Concentration mapping / monitoring; Source localisation / boundary tracking,Not retrieved — inaccessible after documented attempts,No complete report accessible after Zotero-assisted and manual access attempts,Not retrieved,Not retrieved,Report not retrieved after documented access attempts; eligibility remains unknown and no findings are inferred.,Approve,Author approved all simplified full-text decisions on 2026-08-24.,2026-08-24,Not retrieved — inaccessible after documented attempts,Author approved retrieval outcome — 2026-08-24,"Primary candidate — direct fire-specific operational, plume, source/perimeter, exposure/action, or decision-interface evidence; full text required",No substantive claim because the complete report was unavailable.,Retrieval-only audit; no report-level coding or findings inferred,Not applicable — report unavailable
R17774,Wildfire Smoke Clean Air Centers: Identifying Barriers and Opportunities for Improvement from California Practitioner and Community Perspectives,Treves R.J.; Liu E.; Fischer S.L.; Rodriguez E.; Wong-Parodi G.,2023,Society and Natural Resources,10.1080/08941920.2022.2113487,https://doi.org/10.1080/08941920.2022.2113487,Include for full text,Intervention / decision planning,Retrieved,Complete report retrieved and assessed during documented recovery audit,Retrieved,Include,Retain as Direct fire-specific evidence. The verified complete report contributes eligible fire-specific evidence within the frozen review scope.,Approve,Author approved all simplified full-text decisions on 2026-08-24.,2026-08-24,Include,Author approved full-text eligibility — 2026-08-24,Direct fire-specific evidence,Supports identified barriers and design opportunities for California clean-air centres from the interviewed groups; it does not quantify intervention effectiveness or represent all communities.,Retrieved full report assessed 2026-08-24; minimum coding prepared from the complete report and with no independent author verification of detailed fields claimed.,Eligibility author-approved; detailed coding not independently author-verified; see data/coding_completeness.csv
R17793,Wildfire Smoke Observations in the Western United States from the Airborne Wyoming Cloud Lidar during the BB-FLUX Project. Part II: Vertical Structure and Plume Injection Height,Deng M.; Volkamer R.M.; Wang Z.; Snider J.R.; Kille N.; Romero-Alvarez L.J.,2022,Journal of Atmospheric and Oceanic Technology,10.1175/jtech-d-21-0093.1,https://doi.org/10.1175/jtech-d-21-0093.1,Include for full text,Concentration mapping / monitoring,Not retrieved — inaccessible after documented attempts,No complete report accessible after Zotero-assisted and manual access attempts,Not retrieved,Not retrieved,Report not retrieved after documented access attempts; eligibility remains unknown and no findings are inferred.,Approve,Author approved all simplified full-text decisions on 2026-08-24.,2026-08-24,Not retrieved — inaccessible after documented attempts,Author approved retrieval outcome — 2026-08-24,Direct fire-specific evidence,No substantive claim because the complete report was unavailable.,Retrieval-only audit; no report-level coding or findings inferred,Not applicable — report unavailable
R17899,Global Monitoring and Forecasting of Biomass-Burning Smoke: Description of and Lessons From the Fire Locating and Modeling of Burning Emissions (FLAMBE) Program,J. S. Reid; E. J. Hyer; E. M. Prins; D. L. Westphal; J. Zhang; J. Wang; S. A. Christopher; C. A. Curtis; C. C. Schmidt; D. P. Eleuterio; K. A. Richardson; J. P. Hoffman,2009,IEEE Journal of Selected Topics in Applied Earth Observations and Remote Sensing,10.1109/jstars.2009.2027443,https://doi.org/10.1109/jstars.2009.2027443,Include for full text,Forecasting / simulation,Retrieved,Complete report retrieved and assessed during documented recovery audit,Retrieved,Include,Retain as Direct fire-specific evidence. The verified complete report contributes eligible fire-specific evidence within the frozen review scope.,Approve,Author approved all simplified full-text decisions on 2026-08-24.,2026-08-24,Include,Author approved full-text eligibility — 2026-08-24,Direct fire-specific evidence,Supports the reported FLAMBE/NAAPS operational workflow and evaluated smoke-AOD performance; heterogeneous events and products do not establish universally accurate smoke forecasts.,Retrieved full report assessed 2026-08-24; minimum coding prepared from the complete report and with no independent author verification of detailed fields claimed.,Eligibility author-approved; detailed coding not independently author-verified; see data/coding_completeness.csv
R17915,Use of satellite data for monitoring fire events in Poland,A. Hoscilo; K. Turlej,2014,2014 IEEE Geoscience and Remote Sensing Symposium,10.1109/igarss.2014.6946552,https://doi.org/10.1109/igarss.2014.6946552,Include for full text,Source / perimeter input,Retrieved,Complete report retrieved and assessed during documented recovery audit,Retrieved,Include,Retain as Conditional fire-source/perimeter input. The verified complete report contributes eligible fire-specific evidence within the frozen review scope.,Approve,Author approved all simplified full-text decisions on 2026-08-24.,2026-08-24,Include,Author approved full-text eligibility — 2026-08-24,Conditional fire-source/perimeter input,Supports satellite characterisation of fire occurrence and intensity in Poland for 2001-2013; it is a source-state input and does not validate smoke concentrations.,Retrieved full report assessed 2026-08-24; minimum coding prepared from the complete report and with no independent author verification of detailed fields claimed.,Eligibility author-approved; detailed coding not independently author-verified; see data/coding_completeness.csv
R17916,"Atmospheric releases during the 2003 glacier wildfires: Mapping, analysis and modeling",G. Manca; G. Cervone; K. C. Clarke,2012,2012 IEEE International Geoscience and Remote Sensing Symposium,10.1109/igarss.2012.6352396,https://doi.org/10.1109/igarss.2012.6352396,Include for full text,Forecasting / simulation,Retrieved,Complete report retrieved and assessed during documented recovery audit,Retrieved,Include,Retain as Direct fire-specific evidence. The verified complete report contributes eligible fire-specific evidence within the frozen review scope.,Approve,Author approved all simplified full-text decisions on 2026-08-24.,2026-08-24,Include,Author approved full-text eligibility — 2026-08-24,Direct fire-specific evidence,Supports the reported fire-map agreement and coincident aerosol/dimming patterns for the 2003 case; it does not validate an integrated fire-atmosphere prediction system.,Retrieved full report assessed 2026-08-24; minimum coding prepared from the complete report and with no independent author verification of detailed fields claimed.,Eligibility author-approved; detailed coding not independently author-verified; see data/coding_completeness.csv
R17925,Injection Heights of Biomass Burning Debris Estimated From WSR-88D Radar Observations,T. A. Jones; S. A. Christopher,2009,IEEE Transactions on Geoscience and Remote Sensing,10.1109/tgrs.2009.2014225,https://doi.org/10.1109/tgrs.2009.2014225,Include for full text,Pollutant / plume monitoring,Retrieved,Complete report retrieved and assessed during documented recovery audit,Retrieved,Include,Retain as Direct fire-specific evidence. The verified complete report contributes eligible fire-specific evidence within the frozen review scope.,Approve,Author approved all simplified full-text decisions on 2026-08-24.,2026-08-24,Include,Author approved full-text eligibility — 2026-08-24,Direct fire-specific evidence,Supports radar-derived debris-height estimates for the evaluated fires; debris height is only a proxy for aerosol injection and does not validate concentration forecasts.,Retrieved full report assessed 2026-08-24; minimum coding prepared from the complete report and with no independent author verification of detailed fields claimed.,Eligibility author-approved; detailed coding not independently author-verified; see data/coding_completeness.csv
R17928,Satellite Observation Of Smoke From Oil Fires In Kuwait,S. S. Limaye,1991,[Proceedings] IGARSS'91 Remote Sensing: Global Monitoring for Earth Management,10.1109/igarss.1991.575547,https://doi.org/10.1109/igarss.1991.575547,Include for full text,Pollutant / plume monitoring,Not retrieved — inaccessible after documented attempts,No complete report accessible after Zotero-assisted and manual access attempts,Not retrieved,Not retrieved,Report not retrieved after documented access attempts; eligibility remains unknown and no findings are inferred.,Approve,Author approved all simplified full-text decisions on 2026-08-24.,2026-08-24,Not retrieved — inaccessible after documented attempts,Author approved retrieval outcome — 2026-08-24,"Primary candidate — direct fire-specific operational, plume, source/perimeter, exposure/action, or decision-interface evidence; full text required",No substantive claim because the complete report was unavailable.,Retrieval-only audit; no report-level coding or findings inferred,Not applicable — report unavailable
R17929,Estimation of Biomass Burned Areas Using Multiple-Satellite-Observed Active Fires,X. Zhang; S. Kondragunta; B. Quayle,2011,IEEE Transactions on Geoscience and Remote Sensing,10.1109/tgrs.2011.2149535,https://doi.org/10.1109/tgrs.2011.2149535,Include for full text,Source / perimeter input,Retrieved,Complete report retrieved and assessed during documented recovery audit,Retrieved,Include,Retain as Conditional fire-source/perimeter input. The verified complete report contributes eligible fire-specific evidence within the frozen review scope.,Approve,Author approved all simplified full-text decisions on 2026-08-24.,2026-08-24,Include,Author approved full-text eligibility — 2026-08-24,Conditional fire-source/perimeter input,Supports multi-satellite burned-area estimation in the evaluated US data; burned area is an emissions/source input rather than direct smoke or exposure evidence.,Retrieved full report assessed 2026-08-24; minimum coding prepared from the complete report and with no independent author verification of detailed fields claimed.,Eligibility author-approved; detailed coding not independently author-verified; see data/coding_completeness.csv
R17957,Blue reflectances contrast of MODIS imagery: Implication for dust and biomass burned smoke detection,R. Liu; Y. Liu,2010,2010 IEEE International Geoscience and Remote Sensing Symposium,10.1109/igarss.2010.5654093,https://doi.org/10.1109/igarss.2010.5654093,Include for full text,Pollutant / plume monitoring,Retrieved,Complete report retrieved and assessed during documented recovery audit,Retrieved,Include,Retain as Direct fire-specific evidence. The verified complete report contributes eligible fire-specific evidence within the frozen review scope.,Approve,Author approved all simplified full-text decisions on 2026-08-24.,2026-08-24,Include,Author approved full-text eligibility — 2026-08-24,Direct fire-specific evidence,Supports a simple MODIS blue-band discriminator for the evaluated heavy-smoke/dust scenes; it does not provide concentration calibration or broad validation.,Retrieved full report assessed 2026-08-24; minimum coding prepared from the complete report and with no independent author verification of detailed fields claimed.,Eligibility author-approved; detailed coding not independently author-verified; see data/coding_completeness.csv
R17958,A new algorithm for temperature and spectral emissivity retrieval over active fires in the TIR spectral range,A. Barducci; D. Guzzi; P. Marcoionni; I. Pippi,2004,IEEE Transactions on Geoscience and Remote Sensing,10.1109/tgrs.2004.826785,https://doi.org/10.1109/tgrs.2004.826785,Include for full text,Source / perimeter input,Retrieved,Complete report retrieved and assessed during documented recovery audit,Retrieved,Include,Retain as Conditional fire-source/perimeter input. The verified complete report contributes eligible fire-specific evidence within the frozen review scope.,Approve,Author approved all simplified full-text decisions on 2026-08-24.,2026-08-24,Include,Author approved full-text eligibility — 2026-08-24,Conditional fire-source/perimeter input,"Supports active-fire thermal-property retrieval on the evaluated hyperspectral data; these are source-state variables, not plume concentration or health-risk estimates.",Retrieved full report assessed 2026-08-24; minimum coding prepared from the complete report and with no independent author verification of detailed fields claimed.,Eligibility author-approved; detailed coding not independently author-verified; see data/coding_completeness.csv
R17973,Weather and bushfire observation using low cost X-band phased array radars,R. A. Palumbo; W. A. Al-Ashwal; B. Ferguson; C. McCarroll; D. J. McLaughlin,2013,2013 International Conference on Radar,10.1109/radar.2013.6652004,https://doi.org/10.1109/radar.2013.6652004,Include for full text,Source / perimeter input,Retrieved,Complete report retrieved and assessed during documented recovery audit,Retrieved,Include,Retain as Conditional fire-source/perimeter input. The verified complete report contributes eligible fire-specific evidence within the frozen review scope.,Approve,Author approved all simplified full-text decisions on 2026-08-24.,2026-08-24,Include,Author approved full-text eligibility — 2026-08-24,Conditional fire-source/perimeter input,Supports preliminary low-cost X-band observation of bushfire/weather phenomena; it does not demonstrate a validated radar network or smoke-concentration retrieval.,Retrieved full report assessed 2026-08-24; minimum coding prepared from the complete report and with no independent author verification of detailed fields claimed.,Eligibility author-approved; detailed coding not independently author-verified; see data/coding_completeness.csv
R17991,Firemappertm: a thermal-imaging radiometer for wildfire research and operations,P. J. Riggan; J. W. Hoffman,2003,2003 IEEE Aerospace Conference Proceedings (Cat. No.03TH8652),10.1109/aero.2003.1235114,https://doi.org/10.1109/aero.2003.1235114,Include for full text,Source / perimeter input,Retrieved,Complete report retrieved and assessed during documented recovery audit,Retrieved,Include,Retain as Conditional fire-source/perimeter input. The verified complete report contributes eligible fire-specific evidence within the frozen review scope.,Approve,Author approved all simplified full-text decisions on 2026-08-24.,2026-08-24,Include,Author approved full-text eligibility — 2026-08-24,Conditional fire-source/perimeter input,Supports calibrated airborne thermal mapping in the reported trials; it supplies fire-source state rather than smoke concentration or automated health-response evidence.,Retrieved full report assessed 2026-08-24; minimum coding prepared from the complete report and with no independent author verification of detailed fields claimed.,Eligibility author-approved; detailed coding not independently author-verified; see data/coding_completeness.csv
R17996,Estimating fire properties by remote sensing,P. J. Riggan; J. W. Hoffman; J. A. Brass,2000,2000 IEEE Aerospace Conference. Proceedings (Cat. No.00TH8484),10.1109/aero.2000.879845,https://doi.org/10.1109/aero.2000.879845,Include for full text,Source / perimeter input,Retrieved,Complete report retrieved and assessed during documented recovery audit,Retrieved,Include,Retain as Conditional fire-source/perimeter input. The verified complete report contributes eligible fire-specific evidence within the frozen review scope.,Approve,Author approved all simplified full-text decisions on 2026-08-24.,2026-08-24,Include,Author approved full-text eligibility — 2026-08-24,Conditional fire-source/perimeter input,Supports the evaluated spectral combination for estimating active-fire properties; it does not validate operational emissions or smoke forecasting.,Retrieved full report assessed 2026-08-24; minimum coding prepared from the complete report and with no independent author verification of detailed fields claimed.,Eligibility author-approved; detailed coding not independently author-verified; see data/coding_completeness.csv
R18020,Capability of Vertical Information of Biomass Burning Aerosol Plumes from SGLI’s Simultaneous Observations with Radiance and Polarization,M. Nakata; S. Mukai,2023,IGARSS 2023 - 2023 IEEE International Geoscience and Remote Sensing Symposium,10.1109/igarss52108.2023.10282749,https://doi.org/10.1109/igarss52108.2023.10282749,Include for full text,Pollutant / plume monitoring,Retrieved,Complete report retrieved and assessed during documented recovery audit,Retrieved,Include,Retain as Direct fire-specific evidence. The verified complete report contributes eligible fire-specific evidence within the frozen review scope.,Approve,Author approved all simplified full-text decisions on 2026-08-24.,2026-08-24,Include,Author approved full-text eligibility — 2026-08-24,Direct fire-specific evidence,Supports the reported sensitivity of SGLI polarisation to upper-layer smoke in one Sumatra event; it is not a direct plume-height or concentration validation.,Retrieved full report assessed 2026-08-24; minimum coding prepared from the complete report and with no independent author verification of detailed fields claimed.,Eligibility author-approved; detailed coding not independently author-verified; see data/coding_completeness.csv
R18025,Firebird― Small Satellites for Wild Fire Assessment,W. Halle; S. Asam; E. Borg; C. Fischer; O. Frauenberger; E. Lorenz; D. Klein; M. Nolde; C. Paproth; S. Plank; R. Richter; T. Sduberlich; A. Soszynska; C. Strobl,2018,IGARSS 2018 - 2018 IEEE International Geoscience and Remote Sensing Symposium,10.1109/igarss.2018.8519246,https://doi.org/10.1109/igarss.2018.8519246,Include for full text,Source / perimeter input,Retrieved,Complete report retrieved and assessed during documented recovery audit,Retrieved,Include,Retain as Conditional fire-source/perimeter input. The verified complete report contributes eligible fire-specific evidence within the frozen review scope.,Approve,Author approved all simplified full-text decisions on 2026-08-24.,2026-08-24,Include,Author approved full-text eligibility — 2026-08-24,Conditional fire-source/perimeter input,Supports FireBIRD active-fire products and identified quality limitations; the products are source-state inputs and do not independently validate smoke impacts.,Retrieved full report assessed 2026-08-24; minimum coding prepared from the complete report and with no independent author verification of detailed fields claimed.,Eligibility author-approved; detailed coding not independently author-verified; see data/coding_completeness.csv
R18027,UAV based smoke plume detection system controlled via the short message service through the GSM network,P. Ramanatha; U. R. Nelakuditi; S. Ravishankar; V. Ranganathan,2016,2016 International Conference on Inventive Computation Technologies (ICICT),10.1109/inventive.2016.7824825,https://doi.org/10.1109/inventive.2016.7824825,Include for full text,Pollutant / plume monitoring,Retrieved,Complete report retrieved and assessed during documented recovery audit,Retrieved,Include,Retain as Direct fire-specific evidence. The verified complete report contributes eligible fire-specific evidence within the frozen review scope.,Approve,Author approved all simplified full-text decisions on 2026-08-24.,2026-08-24,Include,Author approved full-text eligibility — 2026-08-24,Direct fire-specific evidence,"Supports feasibility of the reported UAV-to-SMS smoke alert prototype; it does not establish concentration accuracy, false-alarm performance or deployment reliability.",Retrieved full report assessed 2026-08-24; minimum coding prepared from the complete report and with no independent author verification of detailed fields claimed.,Eligibility author-approved; detailed coding not independently author-verified; see data/coding_completeness.csv
R18046,Discrimination of Biomass-Burning Smoke From Clouds Over the Ocean Using MODIS Measurements,Q. Wang; Y. Lu; C. Hu; Y. Hu; M. Zhang; J. Jiao; J. Xiong; Y. Liu; Z. Zhang,2022,IEEE Transactions on Geoscience and Remote Sensing,10.1109/tgrs.2021.3084042,https://doi.org/10.1109/tgrs.2021.3084042,Include for full text,Pollutant / plume monitoring,Retrieved,Complete report retrieved and assessed during documented recovery audit,Retrieved,Include,Retain as Direct fire-specific evidence. The verified complete report contributes eligible fire-specific evidence within the frozen review scope.,Approve,Author approved all simplified full-text decisions on 2026-08-24.,2026-08-24,Include,Author approved full-text eligibility — 2026-08-24,Direct fire-specific evidence,Supports MODIS smoke-cloud discrimination and relative plume mapping over ocean for the evaluated event; it does not provide surface pollutant concentration.,Retrieved full report assessed 2026-08-24; minimum coding prepared from the complete report and with no independent author verification of detailed fields claimed.,Eligibility author-approved; detailed coding not independently author-verified; see data/coding_completeness.csv
R18067,Using Deep Learning for Spatial and Temporal Analysis of Wildfire Start and Progression,P. Muthukumar; J. Kalra; S. Pathak; D. Comer; N. Amini; J. Holm; M. Pourhomayoun,2023,2023 International Conference on Computational Science and Computational Intelligence (CSCI),10.1109/csci62032.2023.00056,https://doi.org/10.1109/csci62032.2023.00056,Include for full text,Source / perimeter input,Retrieved,Complete report retrieved and assessed during documented recovery audit,Retrieved,Include,Retain as Conditional fire-source/perimeter input. The verified complete report contributes eligible fire-specific evidence within the frozen review scope.,Approve,Author approved all simplified full-text decisions on 2026-08-24.,2026-08-24,Include,Author approved full-text eligibility — 2026-08-24,Conditional fire-source/perimeter input,Supports the reported next-day fire-state prediction on the evaluated Los Angeles data; it does not validate smoke transport or operational deployment.,Retrieved full report assessed 2026-08-24; minimum coding prepared from the complete report and with no independent author verification of detailed fields claimed.,Eligibility author-approved; detailed coding not independently author-verified; see data/coding_completeness.csv
R18078,Spatially Refined Biomass and Combustion Efficiency Estimations in Support of Forest Fires Emissions Quantification,P. Oliva; L. Durán; A. Venegas; P. Vidal; C. Montoya,2019,IGARSS 2019 - 2019 IEEE International Geoscience and Remote Sensing Symposium,10.1109/igarss.2019.8899806,https://doi.org/10.1109/igarss.2019.8899806,Include for full text,Source / perimeter input,Retrieved,Complete report retrieved and assessed during documented recovery audit,Retrieved,Include,Retain as Direct fire-specific evidence. The verified complete report contributes eligible fire-specific evidence within the frozen review scope.,Approve,Author approved all simplified full-text decisions on 2026-08-24.,2026-08-24,Include,Author approved full-text eligibility — 2026-08-24,Direct fire-specific evidence,Supports improved source-term estimation for the evaluated Chilean ecosystem and reports overestimation by the classical approach; it does not validate plume concentration.,Retrieved full report assessed 2026-08-24; minimum coding prepared from the complete report and with no independent author verification of detailed fields claimed.,Eligibility author-approved; detailed coding not independently author-verified; see data/coding_completeness.csv
R18083,A Deep Learning Framework: Predicting Fire Radiative Power From the Combination of Polar-Orbiting and Geostationary Satellite Data During Wildfire Spread,Z. Dong; C. Zheng; F. Zhao; G. Wang; Y. Tian; H. Li,2024,IEEE Journal of Selected Topics in Applied Earth Observations and Remote Sensing,10.1109/jstars.2024.3403146,https://doi.org/10.1109/jstars.2024.3403146,Include for full text,Source / perimeter input,Retrieved,Complete report retrieved and assessed during documented recovery audit,Retrieved,Include,Retain as Conditional fire-source/perimeter input. The verified complete report contributes eligible fire-specific evidence within the frozen review scope.,Approve,Author approved all simplified full-text decisions on 2026-08-24.,2026-08-24,Include,Author approved full-text eligibility — 2026-08-24,Conditional fire-source/perimeter input,Supports FRP prediction on the constructed California dataset; FRP is a source/intensity proxy and does not by itself validate smoke emissions or health risk.,Retrieved full report assessed 2026-08-24; minimum coding prepared from the complete report and with no independent author verification of detailed fields claimed.,Eligibility author-approved; detailed coding not independently author-verified; see data/coding_completeness.csv
R18097,Wildfire Detection and Mapping by Satellite With an Enhanced Configuration of the Normalized Hotspot Indices: Results From Sentinel-2 and Landsat 8/9 Data Integration,G. Mazzeo; A. Falconieri; C. Filizzola; N. Genzano; N. Pergola; F. Marchese,2025,IEEE Transactions on Geoscience and Remote Sensing,10.1109/tgrs.2025.3528641,https://doi.org/10.1109/tgrs.2025.3528641,Include for full text,Source / perimeter input,Retrieved,Complete report retrieved and assessed during documented recovery audit,Retrieved,Include,Retain as Conditional fire-source/perimeter input. The verified complete report contributes eligible fire-specific evidence within the frozen review scope.,Approve,Author approved all simplified full-text decisions on 2026-08-24.,2026-08-24,Include,Author approved full-text eligibility — 2026-08-24,Conditional fire-source/perimeter input,Supports NHI-F wildfire mapping across the evaluated events and sensors; it is a fire-state product rather than a smoke-concentration forecast.,Retrieved full report assessed 2026-08-24; minimum coding prepared from the complete report and with no independent author verification of detailed fields claimed.,Eligibility author-approved; detailed coding not independently author-verified; see data/coding_completeness.csv
R18119,First attempts at measuring widespread smoke with a mobile LIDAR system,M. Gelfusa; A. Malizia; A. Murari; S. Parracino; M. Lungaroni; E. Peluso; J. Vega; L. DeLeo; C. Perrimezzi; P. Gaudio,2015,2015 Fotonica AEIT Italian Conference on Photonics Technologies,10.1049/cp.2015.0187,https://doi.org/10.1049/cp.2015.0187,Include for full text,Pollutant / plume monitoring,Retrieved,Complete report retrieved and assessed during documented recovery audit,Retrieved,Include,Retain as Direct fire-specific evidence. The verified complete report contributes eligible fire-specific evidence within the frozen review scope.,Approve,Author approved all simplified full-text decisions on 2026-08-24.,2026-08-24,Include,Author approved full-text eligibility — 2026-08-24,Direct fire-specific evidence,Supports initial feasibility of SVR-filtered mobile-lidar detection of widespread smoke; it does not establish reliable field sensitivity or concentration.,Retrieved full report assessed 2026-08-24; minimum coding prepared from the complete report and with no independent author verification of detailed fields claimed.,Eligibility author-approved; detailed coding not independently author-verified; see data/coding_completeness.csv
R18122,Community Challenges and Prospects in the Operational Forecasting of Extreme Biomass Burning Smoke,J. S. Reid; A. Benedetti; P. Colarco; T. Eck; A. Gumber; B. N. Holben; R. Holz; E. J. Hyer; W. Marais; J. McQueen; S. Miller; M. Oo; J. Rubin; T. Tanaka; J. Wang; P. Xian; J. Zhang,2021,2021 IEEE International Geoscience and Remote Sensing Symposium IGARSS,10.1109/igarss47720.2021.9555160,https://doi.org/10.1109/igarss47720.2021.9555160,Include for full text,Review / positioning,Retrieved,Complete report retrieved and assessed during documented recovery audit,Retrieved,Include,Retain as Fire-specific evidence synthesis. The verified complete report contributes eligible fire-specific evidence within the frozen review scope.,Approve,Author approved all simplified full-text decisions on 2026-08-24.,2026-08-24,Include,Author approved full-text eligibility — 2026-08-24,Fire-specific evidence synthesis,Supports identified operational forecasting challenges and priorities; it does not rank models or provide independent comparative validation.,Retrieved full report assessed 2026-08-24; minimum coding prepared from the complete report and with no independent author verification of detailed fields claimed.,Eligibility author-approved; detailed coding not independently author-verified; see data/coding_completeness.csv
R18128,A Self-Adaptive AI Model for Real-Time Wildfire Boundary Tracking Using Multi-Band Satellite Data,M. Balaji; N. Nivetha; A. Singh; P. Bachan; R. Tamilkodi; M. Sunitha,2026,2026 2nd International Conference on Sustainable Computing and Integrated Communication in Changing Landscape of AI (ICSCAI),10.1109/icscai68849.2026.11648784,https://doi.org/10.1109/icscai68849.2026.11648784,Include for full text,Source / perimeter input,Retrieved,Complete report retrieved and assessed during documented recovery audit,Retrieved,Exclude,"Provisional exclusion for an uninterpretable/internally inconsistent report: the complete wildfire paper ends with an unrelated conclusion about energy-theft detection, smart meters and utility revenue, so a coherent report-level contribution cannot be established.",Approve,Author approved all simplified full-text decisions on 2026-08-24.,2026-08-24,Exclude,Author approved full-text eligibility — 2026-08-24,Conditional fire-source/perimeter input,"No substantive findings should be used because the report's conclusion and claimed validation are internally inconsistent with its wildfire title, abstract and body.",Complete report assessed during the documented recovery audit; eligibility decision author-approved 24 Aug 2026,Not applicable — excluded report
R18134,Enhancing Satellite-Based Wildfire Monitoring: Advanced Contextual Model Using Environmental and Structural Information,T. Sung; Y. Kang; J. Im,2024,IEEE Transactions on Geoscience and Remote Sensing,10.1109/tgrs.2024.3418475,https://doi.org/10.1109/tgrs.2024.3418475,Include for full text,Source / perimeter input,Retrieved,Complete report retrieved and assessed during documented recovery audit,Retrieved,Include,Retain as Conditional fire-source/perimeter input. The verified complete report contributes eligible fire-specific evidence within the frozen review scope.,Approve,Author approved all simplified full-text decisions on 2026-08-24.,2026-08-24,Include,Author approved full-text eligibility — 2026-08-24,Conditional fire-source/perimeter input,Supports the added contextual features and LightGBM results on the evaluated GK-2A data; it does not establish general global or smoke-plume performance.,Retrieved full report assessed 2026-08-24; minimum coding prepared from the complete report and with no independent author verification of detailed fields claimed.,Eligibility author-approved; detailed coding not independently author-verified; see data/coding_completeness.csv
R18138,Direct and Indirect Comparisons to Support Ongoing Validation of the Sentinel-3 Active Fire Products,T. Miraglio; B. Mota; M. Wooster; W. Xu; S. Clerc; S. Dransfeld,2024,IGARSS 2024 - 2024 IEEE International Geoscience and Remote Sensing Symposium,10.1109/igarss53475.2024.10642897,https://doi.org/10.1109/igarss53475.2024.10642897,Include for full text,Source / perimeter input,Retrieved,Complete report retrieved and assessed during documented recovery audit,Retrieved,Include,Retain as Conditional fire-source/perimeter input. The verified complete report contributes eligible fire-specific evidence within the frozen review scope.,Approve,Author approved all simplified full-text decisions on 2026-08-24.,2026-08-24,Include,Author approved full-text eligibility — 2026-08-24,Conditional fire-source/perimeter input,Supports equivalence/anomaly-monitoring claims for the evaluated SLSTR products; active-fire FRP is an upstream source input rather than smoke concentration.,Retrieved full report assessed 2026-08-24; minimum coding prepared from the complete report and with no independent author verification of detailed fields claimed.,Eligibility author-approved; detailed coding not independently author-verified; see data/coding_completeness.csv
R18146,Derivation of BBA Plume Properties by Taking Advantage of the Characteristics of GCOM-C/SGLI,S. Mukai; M. Nakata; I. Sano; T. Fujito,2024,IEEE Journal of Selected Topics in Applied Earth Observations and Remote Sensing,10.1109/jstars.2024.3390752,https://doi.org/10.1109/jstars.2024.3390752,Include for full text,Pollutant / plume monitoring,Retrieved,Complete report retrieved and assessed during documented recovery audit,Retrieved,Include,Retain as Direct fire-specific evidence. The verified complete report contributes eligible fire-specific evidence within the frozen review scope.,Approve,Author approved all simplified full-text decisions on 2026-08-24.,2026-08-24,Include,Author approved full-text eligibility — 2026-08-24,Direct fire-specific evidence,Supports SGLI-based aerosol/plume characterisation for the evaluated North American events; it does not directly validate surface exposure or operational forecasting.,Retrieved full report assessed 2026-08-24; minimum coding prepared from the complete report and with no independent author verification of detailed fields claimed.,Eligibility author-approved; detailed coding not independently author-verified; see data/coding_completeness.csv
R18166,Swarm of Autonomous AAVs for Air Quality Estimation After an Industrial Fire,F. Germain; F. Guérin; B. Berthelot; N. Kerthe,2026,IEEE Transactions on Field Robotics,10.1109/tfr.2026.3688428,https://doi.org/10.1109/tfr.2026.3688428,Include for full text,Pollutant / plume monitoring,Retrieved,Complete report retrieved and assessed during documented recovery audit,Retrieved,Include,Retain as Direct fire-specific evidence. The verified complete report contributes eligible fire-specific evidence within the frozen review scope.,Approve,Author approved all simplified full-text decisions on 2026-08-24.,2026-08-24,Include,Author approved full-text eligibility — 2026-08-24,Direct fire-specific evidence,Supports the implemented and field-tested swarm framework in controlled industrial-fire trials; it does not establish performance during uncontrolled public incidents or clinical health outcomes.,Retrieved full report assessed 2026-08-24; minimum coding prepared from the complete report and with no independent author verification of detailed fields claimed.,Eligibility author-approved; detailed coding not independently author-verified; see data/coding_completeness.csv
R18177,Thermal Anomaly Level Algorithm for Active Fire Mapping by Means of Sentinel-2 Data,S. Liangrocapart; S. Khetkeeree; B. Petchthaweetham,2020,"2020 17th International Conference on Electrical Engineering/Electronics, Computer, Telecommunications and Information Technology (ECTI-CON)",10.1109/ecti-con49241.2020.9158262,https://doi.org/10.1109/ecti-con49241.2020.9158262,Include for full text,Source / perimeter input,Retrieved,Complete report retrieved and assessed during documented recovery audit,Retrieved,Include,Retain as Conditional fire-source/perimeter input. The verified complete report contributes eligible fire-specific evidence within the frozen review scope.,Approve,Author approved all simplified full-text decisions on 2026-08-24.,2026-08-24,Include,Author approved full-text eligibility — 2026-08-24,Conditional fire-source/perimeter input,Supports thermal-anomaly mapping on the evaluated Sentinel-2 scenes; revisit time prevents continuous incident tracking and no smoke concentration is inferred.,Retrieved full report assessed 2026-08-24; minimum coding prepared from the complete report and with no independent author verification of detailed fields claimed.,Eligibility author-approved; detailed coding not independently author-verified; see data/coding_completeness.csv
R18198,A Fire Monitoring Model of Unmanned Aerial Vehicle based on Geographic Information,J. Li; S. Yang; S. Zhang; X. Chen; E. Li,2022,"2022 IEEE 2nd International Conference on Electronic Technology, Communication and Information (ICETCI)",10.1109/icetci55101.2022.9832037,https://doi.org/10.1109/icetci55101.2022.9832037,Include for full text,Source / perimeter input,Retrieved,Complete report retrieved and assessed during documented recovery audit,Retrieved,Include,Retain as Conditional fire-source/perimeter input. The verified complete report contributes eligible fire-specific evidence within the frozen review scope.,Approve,Author approved all simplified full-text decisions on 2026-08-24.,2026-08-24,Include,Author approved full-text eligibility — 2026-08-24,Conditional fire-source/perimeter input,Supports the reported planning model for surveillance/repeater allocation in Victoria scenarios; it does not validate actual fire monitoring or smoke response.,Retrieved full report assessed 2026-08-24; minimum coding prepared from the complete report and with no independent author verification of detailed fields claimed.,Eligibility author-approved; detailed coding not independently author-verified; see data/coding_completeness.csv
R18349,Atmospheric Transports of Wildfire Smoke from Moscow and Surrounding Regions in 2010 Summer,G. Huang; T. Cheng; L. Li; C. Leng; Z. Zhu,2012,2012 International Conference on Biomedical Engineering and Biotechnology,10.1109/icbeb.2012.86,https://doi.org/10.1109/icbeb.2012.86,Include for full text,Forecasting / simulation; plume transport mapping,Retrieved and assessed,Author supplied; complete report validated,Retrieved and assessed,Include,Retain as Direct fire-specific retrospective smoke-transport evidence. Uses satellite fire detections and HYSPLIT trajectories to map long-range transport and potential sinks of the 2010 Moscow wildfire-smoke episode.,Approve,Author approved title/decision/rationale review.,2026-08-23,Include,Author verified — approved 23 Aug 2026,Direct fire-specific retrospective smoke-transport evidence,"Supports broad transport pathways and potential-receptor mapping for the 2010 Moscow episode. It does not establish concentration forecast accuracy, health exposure, or operational readiness.","Complete 4-page report supplied by author; identity, opening/closing pages, references, extractability and completeness validated; SHA256 e6245691f209e7457429253f3e59057cc9f7d9397b81806e899a8f1ad2a69254",Eligibility author-approved; detailed coding not independently author-verified; see data/coding_completeness.csv
R18351,Distributed Spacecraft with Heuristic Intelligence to Monitor Wildfire Spread for Responsive Control,S. Nag; V. Ravindra; R. Levinson; M. Moghaddam; K. Nelson; J. Mandel; A. Kochanski; A. F. Caus; A. Melebari; A. Kannan; R. Ketzner,2024,IGARSS 2024 - 2024 IEEE International Geoscience and Remote Sensing Symposium,10.1109/igarss53475.2024.10640833,https://doi.org/10.1109/igarss53475.2024.10640833,Include for full text,Source / perimeter input,Retrieved,Complete report retrieved and assessed during documented recovery audit,Retrieved,Include,Retain as Conditional fire-source/perimeter input. The verified complete report contributes eligible fire-specific evidence within the frozen review scope.,Approve,Author approved all simplified full-text decisions on 2026-08-24.,2026-08-24,Include,Author approved full-text eligibility — 2026-08-24,Conditional fire-source/perimeter input,Supports a distributed-spacecraft/WRFx concept and prototype products; it does not establish operational fire or smoke forecast performance.,Retrieved full report assessed 2026-08-24; minimum coding prepared from the complete report and with no independent author verification of detailed fields claimed.,Eligibility author-approved; detailed coding not independently author-verified; see data/coding_completeness.csv
R18367,"NASA’s Technology Development Program for Wildfire Science, Management, and Disaster Mitigation",H. Riris; T. Kauffman; M. Falkowski; J. Shuman; J. Boland; M. M. Martin; B. Leffer; M. Seablom,2024,IGARSS 2024 - 2024 IEEE International Geoscience and Remote Sensing Symposium,10.1109/igarss53475.2024.10640639,https://doi.org/10.1109/igarss53475.2024.10640639,Include for full text,Review / positioning,Retrieved,Complete report retrieved and assessed during documented recovery audit,Retrieved,Include,Retain as Fire-specific evidence synthesis. The verified complete report contributes eligible fire-specific evidence within the frozen review scope.,Approve,Author approved all simplified full-text decisions on 2026-08-24.,2026-08-24,Include,Author approved full-text eligibility — 2026-08-24,Fire-specific evidence synthesis,Supports description of NASA FireSense objectives and technology gaps; it is not empirical validation of the listed systems.,Retrieved full report assessed 2026-08-24; minimum coding prepared from the complete report and with no independent author verification of detailed fields claimed.,Eligibility author-approved; detailed coding not independently author-verified; see data/coding_completeness.csv
R18394,Observed Fire Behaviour Products from the Wildfiresat Mission,M. Crowley; J. M. Johnston; J. Harvie; D. K. Thompson; M. de Jong; A. S. Cantin; C. McFayden; S. DeBoer; M. Ansell; G. Goetz; L. Lefebvre; M. Micael; G. Houde; D. Dufour,2023,IGARSS 2023 - 2023 IEEE International Geoscience and Remote Sensing Symposium,10.1109/igarss52108.2023.10283091,https://doi.org/10.1109/igarss52108.2023.10283091,Include for full text,Source / perimeter input,Retrieved,Complete report retrieved and assessed during documented recovery audit,Retrieved,Include,Retain as Conditional fire-source/perimeter input. The verified complete report contributes eligible fire-specific evidence within the frozen review scope.,Approve,Author approved all simplified full-text decisions on 2026-08-24.,2026-08-24,Include,Author approved full-text eligibility — 2026-08-24,Conditional fire-source/perimeter input,Supports the planned WildFireSat Tier-2 products and co-design process; claims about twice-daily operational support remain prospective.,Retrieved full report assessed 2026-08-24; minimum coding prepared from the complete report and with no independent author verification of detailed fields claimed.,Eligibility author-approved; detailed coding not independently author-verified; see data/coding_completeness.csv
R18409,A System for Predicting Wildfire Spread Dynamics using Spatio-Temporal Graph Neural Networks,V. Samadhiya; U. Vignesh,2025,"2025 4th International Conference on Automation, Computing and Renewable Systems (ICACRS)",10.1109/icacrs67045.2025.11324387,https://doi.org/10.1109/icacrs67045.2025.11324387,Include for full text,Source / perimeter input,Retrieved,Complete report retrieved and assessed during documented recovery audit,Retrieved,Include,Retain as Conditional fire-source/perimeter input. The verified complete report contributes eligible fire-specific evidence within the frozen review scope.,Approve,Author approved all simplified full-text decisions on 2026-08-24.,2026-08-24,Include,Author approved full-text eligibility — 2026-08-24,Conditional fire-source/perimeter input,Only the reported next-day grid-risk results are charted; the complete report does not coherently establish high-resolution perimeter-spread prediction or operational deployment.,Retrieved full report assessed 2026-08-24; minimum coding prepared from the complete report and with no independent author verification of detailed fields claimed.,Eligibility author-approved; detailed coding not independently author-verified; see data/coding_completeness.csv
R18413,Fire monitoring system based on Open Map API,Kyung Jun Gil; Radius Bhayu Prasetiyo; Hyun Ju Park; Sang Boem Lim; Yang Dam Eo,2010,The 6th International Conference on Networked Computing and Advanced Information Management,,,Include for full text,Source / perimeter input,Retrieved,Complete report retrieved and assessed during documented recovery audit,Retrieved,Include,Retain as Conditional fire-source/perimeter input. The verified complete report contributes eligible fire-specific evidence within the frozen review scope.,Approve,Author approved all simplified full-text decisions on 2026-08-24.,2026-08-24,Include,Author approved full-text eligibility — 2026-08-24,Conditional fire-source/perimeter input,Supports a short-range UAV-to-map monitoring prototype; broad-area operation and accurate fire/plume products were future work.,Retrieved full report assessed 2026-08-24; minimum coding prepared from the complete report and with no independent author verification of detailed fields claimed.,Eligibility author-approved; detailed coding not independently author-verified; see data/coding_completeness.csv
R18431,Helicopter-based wildfire monitoring system software architecture,E. Pastor; M. Sole; J. Lopez; P. Royo; C. Barrado,2010,2010 IEEE Aerospace Conference,10.1109/aero.2010.5446807,https://doi.org/10.1109/aero.2010.5446807,Include for full text,Source / perimeter input,Retrieved,Complete report retrieved and assessed during documented recovery audit,Retrieved,Include,Retain as Conditional fire-source/perimeter input. The verified complete report contributes eligible fire-specific evidence within the frozen review scope.,Approve,Author approved all simplified full-text decisions on 2026-08-24.,2026-08-24,Include,Author approved full-text eligibility — 2026-08-24,Conditional fire-source/perimeter input,Supports the Red-Eye architecture and intended monitoring functions; it does not demonstrate validated operational benefits or smoke concentration sensing.,Retrieved full report assessed 2026-08-24; minimum coding prepared from the complete report and with no independent author verification of detailed fields claimed.,Eligibility author-approved; detailed coding not independently author-verified; see data/coding_completeness.csv
R18461,The FuegoSat system concept in the context of the GMES initiative,J. Bequignon,2003,"International Conference on Recent Advances in Space Technologies, 2003. RAST '03. Proceedings of",10.1109/rast.2003.1303959,https://doi.org/10.1109/rast.2003.1303959,Include for full text,Source / perimeter input,Retrieved,Complete report retrieved and assessed during documented recovery audit,Retrieved,Include,Retain as Conditional fire-source/perimeter input. The verified complete report contributes eligible fire-specific evidence within the frozen review scope.,Approve,Author approved all simplified full-text decisions on 2026-08-24.,2026-08-24,Include,Author approved full-text eligibility — 2026-08-24,Conditional fire-source/perimeter input,Supports historical system requirements and the proposed FuegoSat concept; it is not evidence of an implemented monitoring service.,Retrieved full report assessed 2026-08-24; minimum coding prepared from the complete report and with no independent author verification of detailed fields claimed.,Eligibility author-approved; detailed coding not independently author-verified; see data/coding_completeness.csv
R18501,Wildfire Spread Prediction Through Remote Sensing and UAV Imagery-Driven Machine Learning Models,M. R. Mohebbi; E. W. Sena; M. Döller; J. Klinger,2024,"2024 18th International Conference on Control, Automation, Robotics and Vision (ICARCV)",10.1109/icarcv63323.2024.10821545,https://doi.org/10.1109/icarcv63323.2024.10821545,Include for full text,Source / perimeter input,Retrieved,Complete report retrieved and assessed during documented recovery audit,Retrieved,Include,Retain as Conditional fire-source/perimeter input. The verified complete report contributes eligible fire-specific evidence within the frozen review scope.,Approve,Author approved all simplified full-text decisions on 2026-08-24.,2026-08-24,Include,Author approved full-text eligibility — 2026-08-24,Conditional fire-source/perimeter input,Supports within-dataset prediction of the two reported spread-vector variables; model rankings should not be transferred to other incidents or tasks.,Retrieved full report assessed 2026-08-24; minimum coding prepared from the complete report and with no independent author verification of detailed fields claimed.,Eligibility author-approved; detailed coding not independently author-verified; see data/coding_completeness.csv
R19027,Towards applications of particle filters in wildfire spread simulation,"Gu, Feng and Hu, Xiaolin",2008,Proceedings of the 40th Conference on Winter Simulation,,,Include for full text,Forecasting / simulation,Retrieved,Complete report retrieved and assessed during documented recovery audit,Retrieved,Include,Retain as Conditional fire-source/perimeter input. The verified complete report contributes eligible fire-specific evidence within the frozen review scope.,Approve,Author approved all simplified full-text decisions on 2026-08-24.,2026-08-24,Include,Author approved full-text eligibility — 2026-08-24,Conditional fire-source/perimeter input,Supports feasibility of particle filtering with DEVS-FIRE in the preliminary simulation; it does not establish field-assimilated operational prediction.,Retrieved full report assessed 2026-08-24; minimum coding prepared from the complete report and with no independent author verification of detailed fields claimed.,Eligibility author-approved; detailed coding not independently author-verified; see data/coding_completeness.csv
R19040,State estimation using particle filters in wildfire spread simulation,"Gu, Feng and Yan, Xuefeng and Hu, Xiaolin",2009,Proceedings of the 2009 Spring Simulation Multiconference,,,Include for full text,Fire-front state estimation; data assimilation; forecasting,Retrieved — adequate report,Complete report validated and assessed,Retrieved — adequate report,Include,Retain as Direct fire-specific simulation proof of concept. Complete report assessed 22 Aug 2026; Applies particle filters to DEVS-FIRE in two identical-twin simulation experiments with imperfect wind or fuel inputs.,Approve,Author approved title/decision/rationale review.,2026-08-23,Include,Author verified — approved 23 Aug 2026,Direct fire-specific simulation proof of concept,"Supports feasibility of particle-filter state estimation in DEVS-FIRE only. It does not establish field accuracy, real-time scalability or operational readiness.",Complete report assessed 22 Aug 2026; Applies particle filters to DEVS-FIRE in two identical-twin simulation experiments with imperfect wind or fuel inputs.,Eligibility author-approved; detailed coding not independently author-verified; see data/coding_completeness.csv
R19135,A dynamic data driven application system for wildfire spread simulation,"Yan, Xuefeng and Gu, Feng and Hu, Xiaolin and Guo, Song",2009,Winter Simulation Conference,,,Include for full text,Fire-front state estimation; data assimilation; forecasting,Retrieved — adequate report,Complete report validated and assessed,Retrieved — adequate report,Include,Retain as Direct fire-specific simulation architecture evidence. Complete report assessed 22 Aug 2026; Demonstrates a client-server DEVS-FIRE architecture using synthetic real-time temperature observations at two sensor densities.,Approve,Author approved title/decision/rationale review.,2026-08-23,Include,Author verified — approved 23 Aug 2026,Direct fire-specific simulation architecture evidence,"Supports architectural feasibility in simulation. It does not show real-world accuracy, real-time operational performance or end-to-end smoke response.",Complete report assessed 22 Aug 2026; Demonstrates a client-server DEVS-FIRE architecture using synthetic real-time temperature observations at two sensor densities.,Eligibility author-approved; detailed coding not independently author-verified; see data/coding_completeness.csv
R19170,Estimation of new ignited fires using particle filters in wildfire spread simulation,"Xue, Haidong and Hu, Xiaolin",2011,Proceedings of the 44th Annual Simulation Symposium,,,Include for full text,Forecasting / simulation,Retrieved,Complete report retrieved and assessed during documented recovery audit,Retrieved,Include,Retain as Conditional fire-source/perimeter input. The verified complete report contributes eligible fire-specific evidence within the frozen review scope.,Approve,Author approved all simplified full-text decisions on 2026-08-24.,2026-08-24,Include,Author approved full-text eligibility — 2026-08-24,Conditional fire-source/perimeter input,Supports improved simulated new-ignition tracking under the evaluated particle-filter design; field and smoke-forecast performance are untested.,Retrieved full report assessed 2026-08-24; minimum coding prepared from the complete report and with no independent author verification of detailed fields claimed.,Eligibility author-approved; detailed coding not independently author-verified; see data/coding_completeness.csv
R19171,Towards parameter estimation in wildfire spread simulation based on sequential Monte Carlo methods,"Bai, Fan and Guo, Song and Hu, Xiaolin",2011,Proceedings of the 44th Annual Simulation Symposium,,,Include for full text,Forecasting / simulation,Retrieved,Complete report retrieved and assessed during documented recovery audit,Retrieved,Include,Retain as Conditional fire-source/perimeter input. The verified complete report contributes eligible fire-specific evidence within the frozen review scope.,Approve,Author approved all simplified full-text decisions on 2026-08-24.,2026-08-24,Include,Author approved full-text eligibility — 2026-08-24,Conditional fire-source/perimeter input,Supports dynamic parameter estimation in the reported DEVS-FIRE experiments; it does not validate real-fire assimilation or downstream plume forecasts.,Retrieved full report assessed 2026-08-24; minimum coding prepared from the complete report and with no independent author verification of detailed fields claimed.,Eligibility author-approved; detailed coding not independently author-verified; see data/coding_completeness.csv
R19192,Dynamic data driven application system for wildfire spread simulation,"Gu, Feng",2010,Georgia State University,,,Include for full text,Forecasting / simulation,Retrieved,Complete report retrieved and assessed during documented recovery audit,Retrieved,Include,Retain as Conditional fire-source/perimeter input. The verified complete report contributes eligible fire-specific evidence within the frozen review scope.,Approve,Author approved all simplified full-text decisions on 2026-08-24.,2026-08-24,Include,Author approved full-text eligibility — 2026-08-24,Conditional fire-source/perimeter input,Supports improved fire-front estimates in the reported simulations when real-time-like data are assimilated; operational data and smoke coupling were not tested.,Retrieved full report assessed 2026-08-24; minimum coding prepared from the complete report and with no independent author verification of detailed fields claimed.,Eligibility author-approved; detailed coding not independently author-verified; see data/coding_completeness.csv
R19195,The Australian National Bushfire model project,"Beer, Tom",1990,Math. Comput. Model.,,,Include for full text,Fire-front forecasting; decision support; human-computer interface,Retrieved — adequate report,Complete report validated and assessed,Retrieved — adequate report,Include,"Retain as Historical conceptual/prototype system evidence. Complete report assessed 22 Aug 2026; Describes a real-time PC-based bushfire model shell with GIS, data acquisition, graphical output and planned user trials.",Approve,Author approved title/decision/rationale review.,2026-08-23,Include,Author verified — approved 23 Aug 2026,Historical conceptual/prototype system evidence,Supports longstanding recognition of integration and human-interface needs. It does not establish operational effectiveness or modern autonomous-system viability.,"Complete report assessed 22 Aug 2026; Describes a real-time PC-based bushfire model shell with GIS, data acquisition, graphical output and planned user trials.",Eligibility author-approved; detailed coding not independently author-verified; see data/coding_completeness.csv
R19279,Uncertainty associated with model predictions of surface and crown fire rates of spread,"Cruz, Miguel G. and Alexander, Martin E.",2013,Environ. Model. Softw.,10.1016/j.envsoft.2013.04.004,https://doi.org/10.1016/j.envsoft.2013.04.004,Include for full text,Fire-front / rate-of-spread forecasting; uncertainty quantification; operational decision support; evidence synthesis,Retrieved,Author-supplied corrected report validated and assessed,Retrieved,Include,"Retain as Fire-specific task-interface evidence. Synthesises independent field and operational evaluations of fire-spread model error, bias, and predictability.",Approve,Author approved title/decision/rationale review.,2026-08-23,Include,Author verified — approved 23 Aug 2026,Fire-specific task-interface evidence,"Supports substantial, heterogeneous error and underprediction risk in evaluated operational fire-spread models and motivates explicit uncertainty at the source-state/decision interface. It does not evaluate smoke dispersion, concentration, health risk, autonomous sensing, or an integrated AI architecture; ±35% is a proposed standard, not a universal guarantee.","Complete 13-page report supplied by author; identity, completeness and extractability validated; AI-assisted detailed charting proposal; SHA256 e1f43e7c9a36e45839d0bedef72f5b98f7eaa8b51e90da42ada457d9cc250575",Eligibility author-approved; detailed coding not independently author-verified; see data/coding_completeness.csv
R19319,Adaptive particle filtering in data assimilation of wildfire spread simulation,"Gu, Feng and Butt, Mohammad and Ai, Chunyu and Shen, Xiaoke and Xiao, Jiehao",2015,Proceedings of the Conference on Summer Computer Simulation,,,Include for full text,Forecasting / simulation,Retrieved,Complete report retrieved and assessed during documented recovery audit,Retrieved,Include,Retain as Conditional fire-source/perimeter input. The verified complete report contributes eligible fire-specific evidence within the frozen review scope.,Approve,Author approved all simplified full-text decisions on 2026-08-24.,2026-08-24,Include,Author approved full-text eligibility — 2026-08-24,Conditional fire-source/perimeter input,Supports adaptive particle allocation in the evaluated simulations; results do not establish field assimilation or end-to-end forecast benefit.,Retrieved full report assessed 2026-08-24; minimum coding prepared from the complete report and with no independent author verification of detailed fields claimed.,Eligibility author-approved; detailed coding not independently author-verified; see data/coding_completeness.csv
R19320,Adaptively perturbing localized state space in data assimilation of wildfire spread simulation,"Gu, Feng",2015,Proceedings of the 48th Annual Simulation Symposium,,,Include for full text,Forecasting / simulation,Retrieved,Complete report retrieved and assessed during documented recovery audit,Retrieved,Include,Retain as Conditional fire-source/perimeter input. The verified complete report contributes eligible fire-specific evidence within the frozen review scope.,Approve,Author approved all simplified full-text decisions on 2026-08-24.,2026-08-24,Include,Author approved full-text eligibility — 2026-08-24,Conditional fire-source/perimeter input,Supports uncertainty-adaptive perturbation in the reported fire-spread simulations; no field or smoke-transport validation is provided.,Retrieved full report assessed 2026-08-24; minimum coding prepared from the complete report and with no independent author verification of detailed fields claimed.,Eligibility author-approved; detailed coding not independently author-verified; see data/coding_completeness.csv
R19347,Geo-referenced image data assimilation for wildfire spread simulation,"Gu, Feng and Syeda, Rida and Ai, Chunyu",2016,Proceedings of the 49th Annual Simulation Symposium,,,Include for full text,Fire-front state estimation; image data assimilation; forecasting,Retrieved — adequate report,Complete report validated and assessed,Retrieved — adequate report,Include,Retain as Direct fire-specific simulation proof of concept. Complete report assessed 22 Aug 2026; Assimilates synthetic observations derived from georeferenced images into DEVS-FIRE with sequential Monte Carlo methods.,Approve,Author approved title/decision/rationale review.,2026-08-23,Include,Author verified — approved 23 Aug 2026,Direct fire-specific simulation proof of concept,"Supports potential use of image observations in simulated assimilation. It does not validate public-image reliability, field accuracy or operational use.",Complete report assessed 22 Aug 2026; Assimilates synthetic observations derived from georeferenced images into DEVS-FIRE with sequential Monte Carlo methods.,Eligibility author-approved; detailed coding not independently author-verified; see data/coding_completeness.csv
R19442,Firecast: leveraging deep learning to predict wildfire spread,"Radke, David and Hessler, Anna and Ellsworth, Dan",2019,Proceedings of the 28th International Joint Conference on Artificial Intelligence,,,Include for full text,Forecasting / simulation,Retrieved,Complete report retrieved and assessed during documented recovery audit,Retrieved,Include,Retain as Conditional fire-source/perimeter input. The verified complete report contributes eligible fire-specific evidence within the frozen review scope.,Approve,Author approved all simplified full-text decisions on 2026-08-24.,2026-08-24,Include,Author approved full-text eligibility — 2026-08-24,Conditional fire-source/perimeter input,Supports FireCast's within-study comparison on selected Rocky Mountain fires; it does not establish general superiority or validated two-week operational forecasts.,Retrieved full report assessed 2026-08-24; minimum coding prepared from the complete report and with no independent author verification of detailed fields claimed.,Eligibility author-approved; detailed coding not independently author-verified; see data/coding_completeness.csv
R19514,Mesogeos: a multi-purpose dataset for data-driven wildfire modeling in the Mediterranean,"Kondylatos, Spyros and Prapas, Ioannis and Camps-Valls, Gustau and Papoutsis, Ioannis",2023,Proceedings of the 37th International Conference on Neural Information Processing Systems,,,Include for full text,Forecasting / simulation,Retrieved,Complete report retrieved and assessed during documented recovery audit,Retrieved,Include,Retain as Conditional fire-source/perimeter input. The verified complete report contributes eligible fire-specific evidence within the frozen review scope.,Approve,Author approved all simplified full-text decisions on 2026-08-24.,2026-08-24,Include,Author approved full-text eligibility — 2026-08-24,Conditional fire-source/perimeter input,"Supports reproducible source-state benchmarking on Mesogeos; it does not itself validate smoke, exposure or intervention performance.",Retrieved full report assessed 2026-08-24; minimum coding prepared from the complete report and with no independent author verification of detailed fields claimed.,Eligibility author-approved; detailed coding not independently author-verified; see data/coding_completeness.csv
R19538,Sim2Real-fire: a multi-modal simulation dataset for forecast and backtracking of real-world forest fire,"Li, Yanzhi and Li, Keqiu and Li, Guohui and Wang, Zumin and Ji, Changqing and Wang, Lubo and Zuo, Die and Guo, Qing and Zhang, Feng and Wang, Manyu and Lin, Di",2024,Proceedings of the 38th International Conference on Neural Information Processing Systems,,,Include for full text,Fire-spread forecasting; backtracking; benchmark dataset,Retrieved — adequate report,Complete report validated and assessed,Retrieved — adequate report,Include,Retain as Direct fire-specific benchmark and comparative model evidence. Complete report assessed 22 Aug 2026; Introduces a 1M-simulation/1K-real-scenario multimodal benchmark and compares AI and physical models on real-world fire-area forecasting.,Approve,Author approved title/decision/rationale review.,2026-08-23,Include,Author verified — approved 23 Aug 2026,Direct fire-specific benchmark and comparative model evidence,"Supports comparative performance on the Sim2Real-Fire benchmark. It does not establish universal superiority, operational fire-response effectiveness or plume-pollution forecasting.",Complete report assessed 22 Aug 2026; Introduces a 1M-simulation/1K-real-scenario multimodal benchmark and compares AI and physical models on real-world fire-area forecasting.,Eligibility author-approved; detailed coding not independently author-verified; see data/coding_completeness.csv
R19641,From Forests to the Remote Ocean to Smoke Plumes: Aerosol Microphysics in Diverse Environments,"Hodshire, Anna Lily",2020,Colorado State University,,,Uncertain,Pollutant / plume monitoring,Retrieved,"Public complete report retrieved, validated, and assessed",Retrieved,Include,"Retain as Direct fire-specific mixed synthesis/model/field evidence. The complete dissertation contains a near-field biomass-burning aging synthesis, idealized Gaussian-dilution aerosol-microphysics simulations, and BBOP aircraft observations from wildfire smoke plumes.",Approve,Author approved title/decision/rationale review.,2026-08-23,Include,Author verified — approved 23 Aug 2026,Direct fire-specific mixed synthesis/model/field evidence,"Supports mechanism hypotheses and scale- and dilution-dependent smoke-aging patterns; it does not establish operational plume prediction, autonomous monitoring, or universal generalization across fires and environments.",Complete report text extracted and AI-assisted detailed charting proposal; no independent author verification of detailed fields claimed,Eligibility author-approved; detailed coding not independently author-verified; see data/coding_completeness.csv
R19655,Air Quality and Climate Impacts of Western US Wildfires,"Selimovic, Vanessa",2020,University of Montana,,,Uncertain,Pollutant / plume monitoring,Retrieved,"Public complete report retrieved, validated, and assessed",Retrieved,Include,"Retain as Direct fire-specific laboratory and long-duration field evidence. The complete dissertation combines FIREX-AQ laboratory burns, more than 1,000 hours of fixed-site smoke monitoring, and cross-platform comparisons of black carbon, particulate matter, ozone and brown-carbon properties.",Approve,Author approved title/decision/rationale review.,2026-08-23,Include,Author verified — approved 23 Aug 2026,Direct fire-specific laboratory and long-duration field evidence,"Supports measurement and model-validation targets for the sampled western-US fires and platforms; it does not validate autonomous deployment, individual exposure estimates, or universal transfer to other regions and fire regimes.",Complete report text extracted and AI-assisted detailed charting proposal; no independent author verification of detailed fields claimed,Eligibility author-approved; detailed coding not independently author-verified; see data/coding_completeness.csv
R19780,Improving Wildfire Simulations by Estimation of Wildfire Wind Conditions from Fire Perimeter Measurements,"Tan, Li and de Callafon, Raymond A. and Block, Jessica and Crawl, Daniel and Alt{\i}nta{\c s}, Ilkay",2021,"Computational Science – ICCS 2021: 21st International Conference, Krakow, Poland, June 16–18, 2021, Proceedings, Part V",10.1007/978-3-030-77977-1_18,https://doi.org/10.1007/978-3-030-77977-1_18,Include for full text,Source / perimeter input,Retrieved,Complete report retrieved and assessed during documented recovery audit,Retrieved,Include,Retain as Conditional fire-source/perimeter input. The verified complete report contributes eligible fire-specific evidence within the frozen review scope.,Approve,Author approved all simplified full-text decisions on 2026-08-24.,2026-08-24,Include,Author approved full-text eligibility — 2026-08-24,Conditional fire-source/perimeter input,Supports wind calibration from perimeters for two FARSITE cases; it does not validate smoke forecasting or general incident performance.,Retrieved full report assessed 2026-08-24; minimum coding prepared from the complete report and with no independent author verification of detailed fields claimed.,Eligibility author-approved; detailed coding not independently author-verified; see data/coding_completeness.csv
R19807,Dynamic PCA Based Statistical Monitoring of Air Pollutant Concentrations in Wildfire Scenarios,"Osswald, Tobias and Fernandes, Ana Patr{\'i}cia and Miranda, Ana Isabel and Gouveia, S{\'o}nia",2022,"Pattern Recognition and Image Analysis: 10th Iberian Conference, IbPRIA 2022, Aveiro, Portugal, May 4–6, 2022, Proceedings",10.1007/978-3-031-04881-4_54,https://doi.org/10.1007/978-3-031-04881-4_54,Include for full text,Pollutant / plume monitoring,Retrieved,Complete report retrieved and assessed during documented recovery audit,Retrieved,Include,Retain as Direct fire-specific evidence. The verified complete report contributes eligible fire-specific evidence within the frozen review scope.,Approve,Author approved all simplified full-text decisions on 2026-08-24.,2026-08-24,Include,Author approved full-text eligibility — 2026-08-24,Direct fire-specific evidence,"Supports multivariate anomaly detection in the evaluated monitoring series; it does not directly map plumes, predict health effects or establish causal attribution.",Retrieved full report assessed 2026-08-24; minimum coding prepared from the complete report and with no independent author verification of detailed fields claimed.,Eligibility author-approved; detailed coding not independently author-verified; see data/coding_completeness.csv
R19854,Wildfire Perimeter Detection via Iterative Trimming Method,"Tan, Li and Hu, Yangsheng and Tan, Shuo and de Callafon, Raymond A. and Alt{\i}nta{\c s}, Ilkay",2023,"Computational Science – ICCS 2023: 23rd International Conference, Prague, Czech Republic, July 3–5, 2023, Proceedings, Part I",10.1007/978-3-031-35995-8_22,https://doi.org/10.1007/978-3-031-35995-8_22,Include for full text,Source / perimeter input,Retrieved,Complete report retrieved and assessed during documented recovery audit,Retrieved,Include,Retain as Conditional fire-source/perimeter input. The verified complete report contributes eligible fire-specific evidence within the frozen review scope.,Approve,Author approved all simplified full-text decisions on 2026-08-24.,2026-08-24,Include,Author approved full-text eligibility — 2026-08-24,Conditional fire-source/perimeter input,Supports closed-perimeter extraction on the evaluated thermal image; it does not validate real-time field robustness or smoke prediction.,Retrieved full report assessed 2026-08-24; minimum coding prepared from the complete report and with no independent author verification of detailed fields claimed.,Eligibility author-approved; detailed coding not independently author-verified; see data/coding_completeness.csv
R19856,Impact of Mixed-Precision: A Way to Accelerate Data-Driven Forest Fire Spread Systems,"Carrillo, Carlos and Margalef, Tom{\'a}s and Espinosa, Antonio and Cort{\'e}s, Ana",2023,"Computational Science – ICCS 2023: 23rd International Conference, Prague, Czech Republic, July 3–5, 2023, Proceedings, Part II",10.1007/978-3-031-36021-3_5,https://doi.org/10.1007/978-3-031-36021-3_5,Include for full text,Forecasting / simulation,Retrieved,Complete report retrieved and assessed during documented recovery audit,Retrieved,Include,Retain as Conditional fire-source/perimeter input. The verified complete report contributes eligible fire-specific evidence within the frozen review scope.,Approve,Author approved all simplified full-text decisions on 2026-08-24.,2026-08-24,Include,Author approved full-text eligibility — 2026-08-24,Conditional fire-source/perimeter input,"Supports mixed-precision acceleration in the evaluated FARSITE calibration workflow; it does not establish emissions reductions, smoke accuracy or operational deployment.",Retrieved full report assessed 2026-08-24; minimum coding prepared from the complete report and with no independent author verification of detailed fields claimed.,Eligibility author-approved; detailed coding not independently author-verified; see data/coding_completeness.csv
R19857,Human-Sensors & Physics Aware Machine Learning for Wildfire Detection and Nowcasting,"Lever, Jake and Cheng, Sibo and Arcucci, Rossella",2023,"Computational Science – ICCS 2023: 23rd International Conference, Prague, Czech Republic, July 3–5, 2023, Proceedings, Part IV",10.1007/978-3-031-36027-5_33,https://doi.org/10.1007/978-3-031-36027-5_33,Include for full text,Source / perimeter input,Retrieved,Complete report retrieved and assessed during documented recovery audit,Retrieved,Include,Retain as Conditional fire-source/perimeter input. The verified complete report contributes eligible fire-specific evidence within the frozen review scope.,Approve,Author approved all simplified full-text decisions on 2026-08-24.,2026-08-24,Include,Author approved full-text eligibility — 2026-08-24,Conditional fire-source/perimeter input,Supports a lightweight social-data/source-state nowcasting demonstration; reporting bias and retrospective cases preclude claims of reliable operational deployment.,Retrieved full report assessed 2026-08-24; minimum coding prepared from the complete report and with no independent author verification of detailed fields claimed.,Eligibility author-approved; detailed coding not independently author-verified; see data/coding_completeness.csv
R19860,A Bi-objective Optimization Approach for Wildfire Detection,"Alvelos, Filipe and Moura, Sarah and Vieira, Ant{\'o}nio and Bento-Gon{\c c}alves, Ant{\'o}nio",2023,"Computational Science and Its Applications – ICCSA 2023 Workshops: Athens, Greece, July 3–6, 2023, Proceedings, Part II",10.1007/978-3-031-37108-0_27,https://doi.org/10.1007/978-3-031-37108-0_27,Include for full text,Source / perimeter input,Retrieved,Complete report retrieved and assessed during documented recovery audit,Retrieved,Include,Retain as Conditional fire-source/perimeter input. The verified complete report contributes eligible fire-specific evidence within the frozen review scope.,Approve,Author approved all simplified full-text decisions on 2026-08-24.,2026-08-24,Include,Author approved full-text eligibility — 2026-08-24,Conditional fire-source/perimeter input,Supports the reported efficient resource-location alternatives for one municipal case; it does not show that the planned equipment improves real-world detection or smoke response.,Retrieved full report assessed 2026-08-24; minimum coding prepared from the complete report and with no independent author verification of detailed fields claimed.,Eligibility author-approved; detailed coding not independently author-verified; see data/coding_completeness.csv
R19870,Real-Time Georeferencing of Fire Front Aerial Images Using Structure from Motion and Iterative Closest Point,"Sargento, Francisco and Ribeiro, Ricardo and Cherif, El Khalil and Bernardino, Alexandre",2022,"Pattern Recognition, Computer Vision, and Image Processing. ICPR 2022 International Workshops and Challenges: Montreal, QC, Canada, August 21–25, 2022, Proceedings, Part II",10.1007/978-3-031-37742-6_16,https://doi.org/10.1007/978-3-031-37742-6_16,Include for full text,Source / perimeter input,Retrieved,Complete report retrieved and assessed during documented recovery audit,Retrieved,Include,Retain as Conditional fire-source/perimeter input. The verified complete report contributes eligible fire-specific evidence within the frozen review scope.,Approve,Author approved all simplified full-text decisions on 2026-08-24.,2026-08-24,Include,Author approved full-text eligibility — 2026-08-24,Conditional fire-source/perimeter input,Supports real-video fire-front georeferencing and robustness in the reported scenario; it does not establish live operational plume or exposure mapping.,Retrieved full report assessed 2026-08-24; minimum coding prepared from the complete report and with no independent author verification of detailed fields claimed.,Eligibility author-approved; detailed coding not independently author-verified; see data/coding_completeness.csv
R19891,Generating Wildfire Heat Maps with Twitter and BERT,"Pinto, Jo{\~a}o Cabral and Gon{\c c}alo Oliveira, Hugo and Cardoso, Alberto and Silva, Catarina",2023,"Intelligent Data Engineering and Automated Learning – IDEAL 2023: 24th International Conference, {\'E}vora, Portugal, November 22–24, 2023, Proceedings",10.1007/978-3-031-48232-8_9,https://doi.org/10.1007/978-3-031-48232-8_9,Include for full text,Source / perimeter input,Retrieved,Complete report retrieved and assessed during documented recovery audit,Retrieved,Include,Retain as Conditional fire-source/perimeter input. The verified complete report contributes eligible fire-specific evidence within the frozen review scope.,Approve,Author approved all simplified full-text decisions on 2026-08-24.,2026-08-24,Include,Author approved full-text eligibility — 2026-08-24,Conditional fire-source/perimeter input,"Supports an offline social-media fire-report and location-mapping pipeline; it does not validate operational resource allocation, smoke mapping, or health action.",Retrieved full report assessed 2026-08-24; minimum coding prepared from the complete report and with no independent author verification of detailed fields claimed.,Eligibility author-approved; detailed coding not independently author-verified; see data/coding_completeness.csv
R19899,Autonomous Unmanned Aerial Vehicle Systems in Wildfire Detection and Management-Challenges and Opportunities,"Afghah, Fatemeh",2022,"Dynamic Data Driven Applications Systems: 4th International Conference, DDDAS 2022, Cambridge, MA, USA, October 6–10, 2022, Proceedings",10.1007/978-3-031-52670-1_38,https://doi.org/10.1007/978-3-031-52670-1_38,Include for full text,Review / positioning,Retrieved,Complete report retrieved and assessed during documented recovery audit,Retrieved,Include,Retain as Fire-specific evidence synthesis. The verified complete report contributes eligible fire-specific evidence within the frozen review scope.,Approve,Author approved all simplified full-text decisions on 2026-08-24.,2026-08-24,Include,Author approved full-text eligibility — 2026-08-24,Fire-specific evidence synthesis,Supports a bounded synthesis of UAV opportunities and barriers as reported in 2022; it is not comparative proof that UAV systems outperform established monitoring.,Retrieved full report assessed 2026-08-24; minimum coding prepared from the complete report and with no independent author verification of detailed fields claimed.,Eligibility author-approved; detailed coding not independently author-verified; see data/coding_completeness.csv
R19974,Comparing Next-Day Wildfire Predictability of MODIS and VIIRS Satellite Data,"Karlsson, Justus and Xu, Yonghao and Berg, Amanda and Haglund, Leif",2025,"Image Analysis: 23rd Scandinavian Conference, SCIA 2025, Reykjavik, Iceland, June 23–25, 2025, Proceedings, Part II",10.1007/978-3-031-95918-9_5,https://doi.org/10.1007/978-3-031-95918-9_5,Include for full text,Forecasting / simulation,Retrieved,Complete report retrieved and assessed during documented recovery audit,Retrieved,Include,Retain as Conditional fire-source/perimeter input. The verified complete report contributes eligible fire-specific evidence within the frozen review scope.,Approve,Author approved all simplified full-text decisions on 2026-08-24.,2026-08-24,Include,Author approved full-text eligibility — 2026-08-24,Conditional fire-source/perimeter input,Supports the reported relative predictability of MOD14 and VNP14 within this model and Australian dataset; it does not establish universal product superiority or smoke-forecast skill.,Retrieved full report assessed 2026-08-24; minimum coding prepared from the complete report and with no independent author verification of detailed fields claimed.,Eligibility author-approved; detailed coding not independently author-verified; see data/coding_completeness.csv
R19975,Actionable Fire Modeling in Firemap for Extended Attack Decision Support,"Altintas, Ilkay and Purawat, Shweta and Crawl, Daniel and Block, Jessica and Lee, Jenny and Breland, Adrienne and Perez, Ismael and Combs, Jordan and Rawaf, Rawaf Al and Lautenberger, Chris and Johnson, Gary W. and Saah, David",2025,"Computational Science – ICCS 2025 Workshops: 25th International Conference, Singapore, Singapore, July 7–9, 2025, Proceedings, Part IV",10.1007/978-3-031-97567-7_26,https://doi.org/10.1007/978-3-031-97567-7_26,Include for full text,Intervention / decision support,Retrieved,Complete report retrieved and assessed during documented recovery audit,Retrieved,Include,Retain as Direct fire-specific evidence. The verified complete report contributes eligible fire-specific evidence within the frozen review scope.,Approve,Author approved all simplified full-text decisions on 2026-08-24.,2026-08-24,Include,Author approved full-text eligibility — 2026-08-24,Direct fire-specific evidence,Supports that Firemap delivered extended-attack modelling products in the described workflows and incidents; it does not prove improved suppression or community outcomes.,Retrieved full report assessed 2026-08-24; minimum coding prepared from the complete report and with no independent author verification of detailed fields claimed.,Eligibility author-approved; detailed coding not independently author-verified; see data/coding_completeness.csv
R19992,Ontology-Based Forest Fire Management Using Complex Event Processing and Large Language Models,"Chandra, Ritesh and Agarwal, Sonali and Tiwari, Sadhana",2025,"Database and Expert Systems Applications: 36th International Conference, DEXA 2025, Bangkok, Thailand, August 25–27, 2025, Proceedings, Part I",10.1007/978-3-032-02049-9_7,https://doi.org/10.1007/978-3-032-02049-9_7,Include for full text,Intervention / decision support,Retrieved,Complete report retrieved and assessed during documented recovery audit,Retrieved,Include,Retain as Direct fire-specific evidence. The verified complete report contributes eligible fire-specific evidence within the frozen review scope.,Approve,Author approved all simplified full-text decisions on 2026-08-24.,2026-08-24,Include,Author approved full-text eligibility — 2026-08-24,Direct fire-specific evidence,Supports the reported prototype components and computational evaluations; it does not validate autonomous emergency recommendations or field decision outcomes.,Retrieved full report assessed 2026-08-24; minimum coding prepared from the complete report and with no independent author verification of detailed fields claimed.,Eligibility author-approved; detailed coding not independently author-verified; see data/coding_completeness.csv
R20030,Spatiotemporal Prediction of Wildfires Spread Using Deep Learning,"Huizar Bretado, {\'A}ngel Itzcoatl and D{\'i}az Hern{\'a}ndez, Raquel and Ram{\'i}rez Guti{\'e}rrez, Kelsey Alejandra and Altamirano Robles, Leopoldo",2026,"Pattern Recognition: 18th Mexican Conference, MCPR 2026, Ciudad Ju{\'a}rez, Mexico, June 24–27, 2026, Proceedings",10.1007/978-3-032-28393-1_15,https://doi.org/10.1007/978-3-032-28393-1_15,Include for full text,Forecasting / simulation,Retrieved,Complete report retrieved and assessed during documented recovery audit,Retrieved,Include,Retain as Conditional fire-source/perimeter input. The verified complete report contributes eligible fire-specific evidence within the frozen review scope.,Approve,Author approved all simplified full-text decisions on 2026-08-24.,2026-08-24,Include,Author approved full-text eligibility — 2026-08-24,Conditional fire-source/perimeter input,Supports the within-dataset architecture comparison and reported small-fire behaviour; it does not establish operational or cross-region forecasting performance.,Retrieved full report assessed 2026-08-24; minimum coding prepared from the complete report and with no independent author verification of detailed fields claimed.,Eligibility author-approved; detailed coding not independently author-verified; see data/coding_completeness.csv
R20048,Zero-Shot Sim2Real Wildfire Frontline Estimation from UAV Imagery via VLM-Guided Learning,"Ko, Eun-Seong and Lee, Chang-Min and Kim, Won-Suk",2026,"Pattern Recognition: 28th International Conference, ICPR 2026, Lyon, France, August 17–22, 2026, Proceedings, Part XV",10.1007/978-3-032-31933-3_1,https://doi.org/10.1007/978-3-032-31933-3_1,Include for full text,Source / perimeter input,Retrieved,Complete report retrieved and assessed during documented recovery audit,Retrieved,Include,Retain as Conditional fire-source/perimeter input. The verified complete report contributes eligible fire-specific evidence within the frozen review scope.,Approve,Author approved all simplified full-text decisions on 2026-08-24.,2026-08-24,Include,Author approved full-text eligibility — 2026-08-24,Conditional fire-source/perimeter input,Supports zero-shot frontline estimation on the real-image test set and the reported ASSD reduction; it does not validate live UAV tracking or plume concentration mapping.,Retrieved full report assessed 2026-08-24; minimum coding prepared from the complete report and with no independent author verification of detailed fields claimed.,Eligibility author-approved; detailed coding not independently author-verified; see data/coding_completeness.csv
R20076,Half-duplex dynamic data driven application system for forest fire spread prediction,"Cort{\'e}s, Ana",2009,Proceedings of the Second International Conference on High Performance Computing and Applications,10.1007/978-3-642-11842-5_1,https://doi.org/10.1007/978-3-642-11842-5_1,Include for full text,Forecasting / simulation,Retrieved,Complete report retrieved and assessed during documented recovery audit,Retrieved,Include,Retain as Conditional fire-source/perimeter input. The verified complete report contributes eligible fire-specific evidence within the frozen review scope.,Approve,Author approved all simplified full-text decisions on 2026-08-24.,2026-08-24,Include,Author approved full-text eligibility — 2026-08-24,Conditional fire-source/perimeter input,Supports the proposed half-duplex DDDAS architecture and prototype feasibility only; it does not establish operational accuracy or downstream smoke prediction.,Retrieved full report assessed 2026-08-24; minimum coding prepared from the complete report and with no independent author verification of detailed fields claimed.,Eligibility author-approved; detailed coding not independently author-verified; see data/coding_completeness.csv
R20110,Forest Fire Detection and Localization with Wireless Sensor Networks,"Sabri, Yassine and Kamoun, Najib",2013,Revised Selected Papers of the First International Conference on Networked Systems - Volume 7853,10.1007/978-3-642-40148-0_32,https://doi.org/10.1007/978-3-642-40148-0_32,Include for full text,Source / perimeter input,Retrieved,Complete report retrieved and assessed during documented recovery audit,Retrieved,Include,Retain as Conditional fire-source/perimeter input. The verified complete report contributes eligible fire-specific evidence within the frozen review scope.,Approve,Author approved all simplified full-text decisions on 2026-08-24.,2026-08-24,Include,Author approved full-text eligibility — 2026-08-24,Conditional fire-source/perimeter input,"Supports the reported fire-source, perimeter, detection, or spread task in its stated evaluation setting; it does not validate smoke concentration, health-risk estimation, or an end-to-end response system.",Retrieved full report assessed 2026-08-24; minimum coding prepared from the complete report and with no independent author verification of detailed fields claimed.,Eligibility author-approved; detailed coding not independently author-verified; see data/coding_completeness.csv
R20120,Physics-Guided Knowledge Graphs for Verifiable Wildfire Prediction,"Abu Zaid, Nahed and Vatsavai, Ranga Raju",2026,"Advances in Knowledge Discovery and Data Mining: 30th Pacific-Asia Conference on Knowledge Discovery and Data Mining, PAKDD 2026, Hong Kong, China, June 9–12, 2026, Proceedings, Part III",10.1007/978-981-92-1465-5_36,https://doi.org/10.1007/978-981-92-1465-5_36,Include for full text,Forecasting / simulation,Retrieved,Complete report retrieved and assessed during documented recovery audit,Retrieved,Include,Retain as Conditional fire-source/perimeter input. The verified complete report contributes eligible fire-specific evidence within the frozen review scope.,Approve,Author approved all simplified full-text decisions on 2026-08-24.,2026-08-24,Include,Author approved full-text eligibility — 2026-08-24,Conditional fire-source/perimeter input,"Supports improved AUC and solver-certified constraint compliance in the stated region/year; it does not establish portable wildfire, smoke, or operational decision performance.",Retrieved full report assessed 2026-08-24; minimum coding prepared from the complete report and with no independent author verification of detailed fields claimed.,Eligibility author-approved; detailed coding not independently author-verified; see data/coding_completeness.csv
R20134,MFiSP: A Multimodal Fire Spread Prediction Framework,"Sathiyamoorthy, Alec and Zhou, Wenhao and Zhou, Xiangmin and Li, Xiaodong and Gondal, Iqbal",2025,"AI 2025: Advances in Artificial Intelligence: 38th Australasian Joint Conference on Artificial Intelligence, AI 2025, Canberra, ACT, Australia, December 1–5, 2025, Proceedings, Part I",10.1007/978-981-95-4969-6_31,https://doi.org/10.1007/978-981-95-4969-6_31,Include for full text,Forecasting / simulation,Retrieved,Complete report retrieved and assessed during documented recovery audit,Retrieved,Include,Retain as Conditional fire-source/perimeter input. The verified complete report contributes eligible fire-specific evidence within the frozen review scope.,Approve,Author approved all simplified full-text decisions on 2026-08-24.,2026-08-24,Include,Author approved full-text eligibility — 2026-08-24,Conditional fire-source/perimeter input,Supports the reported synthetic-scenario comparison only; claims of operational precision or superiority require real-world validation.,Retrieved full report assessed 2026-08-24; minimum coding prepared from the complete report and with no independent author verification of detailed fields claimed.,Eligibility author-approved; detailed coding not independently author-verified; see data/coding_completeness.csv
R20141,WSRNet: A Multi-task Learning Model for Satellite Image Recognition and Segmentation of Forest Wildfires,"Luo, Juan and Liu, Tianyang and Feng, Kexuan and Zeng, Guogen and Li, Fan",2026,"Algorithms and Architectures for Parallel Processing: 25th International Conference, ICA3PP 2025, Zhengzhou, China, October 30–November 2, 2025, Proceedings, Part III",10.1007/978-981-95-8405-5_18,https://doi.org/10.1007/978-981-95-8405-5_18,Include for full text,Forecasting / simulation,Retrieved,Complete report retrieved and assessed during documented recovery audit,Retrieved,Include,Retain as Conditional fire-source/perimeter input. The verified complete report contributes eligible fire-specific evidence within the frozen review scope.,Approve,Author approved all simplified full-text decisions on 2026-08-24.,2026-08-24,Include,Author approved full-text eligibility — 2026-08-24,Conditional fire-source/perimeter input,"Supports classification/segmentation performance on WildfireForest-S2; it does not validate live monitoring, transport forecasting, or health action.",Retrieved full report assessed 2026-08-24; minimum coding prepared from the complete report and with no independent author verification of detailed fields claimed.,Eligibility author-approved; detailed coding not independently author-verified; see data/coding_completeness.csv
R20196,Toward real-time optimization through model reduction and model discrepancy sensitivities,"Hart, Joseph and McQuarrie, Shane A. and Morrow, Zachary and van Bloemen Waanders, Bart",2026,Struct. Multidiscip. Optim.,10.1007/s00158-025-04241-2,https://doi.org/10.1007/s00158-025-04241-2,Uncertain,Forecasting / simulation,Retrieved,"Public complete report retrieved, validated, and assessed",Retrieved,Include,Retain as Fire-specific simulation evidence. The complete accepted preprint evaluates a reduced-order-model discrepancy correction for wildfire ignition-location estimation using WRF-SFIRE simulations and held-out wind conditions.,Approve,Author approved title/decision/rationale review.,2026-08-23,Include,Author verified — approved 23 Aug 2026,Fire-specific simulation evidence,"Supports computational feasibility in five synthetic WRF-SFIRE test cases; it does not establish live-wildfire performance, robustness to noisy satellite data, operational runtime, smoke/PM forecasting, or decision benefit.",Complete report text extracted and AI-assisted detailed charting proposal; no independent author verification of detailed fields claimed,Eligibility author-approved; detailed coding not independently author-verified; see data/coding_completeness.csv
R20278,Forest fire forecasting using ensemble learning approaches,"Xie, Ying and Peng, Minggang",2019,Neural Comput. Appl.,10.1007/s00521-018-3515-0,https://doi.org/10.1007/s00521-018-3515-0,Include for full text,Forecasting / simulation,Not retrieved — inaccessible after documented attempts,No complete report accessible after Zotero-assisted and manual access attempts,Not retrieved,Not retrieved,Report not retrieved after documented access attempts; eligibility remains unknown and no findings are inferred.,Approve,Author approved all simplified full-text decisions on 2026-08-24.,2026-08-24,Not retrieved — inaccessible after documented attempts,Author approved retrieval outcome — 2026-08-24,"Primary candidate — direct fire-specific operational, plume, source/perimeter, exposure/action, or decision-interface evidence; full text required",No substantive claim because the complete report was unavailable.,Retrieval-only audit; no report-level coding or findings inferred,Not applicable — report unavailable
R20481,Assessment of the Reliability of Wireless Sensor Networks for Forest Fire Monitoring Systems Considering Fatal Combinations of Multiple Sensor Failures,"Leichenko, K. and Skorobohatko, S. and Fesenko, H. and Kharchenko, V. and Yakovlev, S.",2025,Cybernetics and Sys. Anal.,10.1007/s10559-025-00753-3,https://doi.org/10.1007/s10559-025-00753-3,Include for full text,Source / perimeter input,Not retrieved — inaccessible after documented attempts,No complete report accessible after Zotero-assisted and manual access attempts,Not retrieved,Not retrieved,Report not retrieved after documented access attempts; eligibility remains unknown and no findings are inferred.,Approve,Author approved all simplified full-text decisions on 2026-08-24.,2026-08-24,Not retrieved — inaccessible after documented attempts,Author approved retrieval outcome — 2026-08-24,"Primary candidate — direct fire-specific operational, plume, source/perimeter, exposure/action, or decision-interface evidence; full text required",No substantive claim because the complete report was unavailable.,Retrieval-only audit; no report-level coding or findings inferred,Not applicable — report unavailable
R20497,Cloud-assisted green IoT-enabled comprehensive framework for wildfire monitoring,"Kaur, Harkiran and Sood, Sandeep K. and Bhatia, Munish",2020,Cluster Computing,10.1007/s10586-019-02981-7,https://doi.org/10.1007/s10586-019-02981-7,Include for full text,Source / perimeter input,Retrieved,Complete report retrieved and assessed during documented recovery audit,Retrieved,Include,Retain as Conditional fire-source/perimeter input. The verified complete report contributes eligible fire-specific evidence within the frozen review scope.,Approve,Author approved all simplified full-text decisions on 2026-08-24.,2026-08-24,Include,Author approved full-text eligibility — 2026-08-24,Conditional fire-source/perimeter input,"Supports the reported fire-source, perimeter, detection, or spread task in its stated evaluation setting; it does not validate smoke concentration, health-risk estimation, or an end-to-end response system.",Retrieved full report assessed 2026-08-24; minimum coding prepared from the complete report and with no independent author verification of detailed fields claimed.,Eligibility author-approved; detailed coding not independently author-verified; see data/coding_completeness.csv
R20518,Decision support system for Forest fire management using Ontology with Big Data and LLMs,"Chandra, Ritesh and Kumar, Shashi Shekhar and Patra, Rushil and Agarwal, Sonali",2025,Cluster Computing,10.1007/s10586-025-05383-0,https://doi.org/10.1007/s10586-025-05383-0,Include for full text,Intervention / decision support,Retrieved,"Public complete report retrieved, validated, and assessed",Retrieved,Include,"Retain as Fire-specific prototype and decision-interface evidence. The complete preprint describes and evaluates an ontology/SWRL, Spark-streaming and retrieval-augmented LLM prototype for forest-fire alerts and precautionary recommendations.",Approve,Author approved title/decision/rationale review.,2026-08-23,Include,Author verified — approved 23 Aug 2026,Fire-specific prototype and decision-interface evidence,"Supports prototype feasibility and limited query evaluation only; it does not establish reduced human intervention, operational reliability, real-time incident performance, external validity, or governance readiness.",Complete report text extracted and AI-assisted detailed charting proposal; no independent author verification of detailed fields claimed,Eligibility author-approved; detailed coding not independently author-verified; see data/coding_completeness.csv
R20618,Modelling forest fire dynamics using conditional variational autoencoders,"Ribeiro, Tiago Filipe Rodrigues and Silva, Fernando Jos{\'e} Mateus da and Costa, Rog{\'e}rio Lu{\'i}s de Carvalho",2024,Information Systems Frontiers,10.1007/s10796-024-10507-9,https://doi.org/10.1007/s10796-024-10507-9,Include for full text,Forecasting / simulation,Retrieved,Complete report retrieved and assessed during documented recovery audit,Retrieved,Include,Retain as Conditional fire-source/perimeter input. The verified complete report contributes eligible fire-specific evidence within the frozen review scope.,Approve,Author approved all simplified full-text decisions on 2026-08-24.,2026-08-24,Include,Author approved full-text eligibility — 2026-08-24,Conditional fire-source/perimeter input,"Supports CVAE interpolation/forecasting on the stated dataset and metrics; it does not model smoke, exposure, or operational intervention.",Retrieved full report assessed 2026-08-24; minimum coding prepared from the complete report and with no independent author verification of detailed fields claimed.,Eligibility author-approved; detailed coding not independently author-verified; see data/coding_completeness.csv
R20682,Forest Fire Localization: From Reinforcement Learning Exploration to a Dynamic Drone Control,"Alvarez, Jonatan and Belbachir, Assia and Belbachir, Faiza and Chahal, Jamy and Goudjil, Abdelhak and Gustave, Johvany and {\""O}zt{\""u}rk Suri, Ayb{\""u}ke",2023,J. Intell. Robotics Syst.,10.1007/s10846-023-02004-z,https://doi.org/10.1007/s10846-023-02004-z,Include for full text,Source / perimeter input,Not retrieved — inaccessible after documented attempts,No complete report accessible after Zotero-assisted and manual access attempts,Not retrieved,Not retrieved,Report not retrieved after documented access attempts; eligibility remains unknown and no findings are inferred.,Approve,Author approved all simplified full-text decisions on 2026-08-24.,2026-08-24,Not retrieved — inaccessible after documented attempts,Author approved retrieval outcome — 2026-08-24,"Primary candidate — direct fire-specific operational, plume, source/perimeter, exposure/action, or decision-interface evidence; full text required",No substantive claim because the complete report was unavailable.,Retrieval-only audit; no report-level coding or findings inferred,Not applicable — report unavailable
R20784,Decentralized estimation of forest fire spread using reactive and cognitive mobile sensors,"Schlotterbeck, Guillaume and Ra{\""i}evsky, Clement and Lef{\`e}vre, Laurent",2018,Natural Computing: An International Journal,10.1007/s11047-017-9627-0,https://doi.org/10.1007/s11047-017-9627-0,Include for full text,Forecasting / simulation,Retrieved,Complete report retrieved and assessed during documented recovery audit,Retrieved,Include,Retain as Conditional fire-source/perimeter input. The verified complete report contributes eligible fire-specific evidence within the frozen review scope.,Approve,Author approved all simplified full-text decisions on 2026-08-24.,2026-08-24,Include,Author approved full-text eligibility — 2026-08-24,Conditional fire-source/perimeter input,"Supports the reported fire-source, perimeter, detection, or spread task in its stated evaluation setting; it does not validate smoke concentration, health-risk estimation, or an end-to-end response system.",Retrieved full report assessed 2026-08-24; minimum coding prepared from the complete report and with no independent author verification of detailed fields claimed.,Eligibility author-approved; detailed coding not independently author-verified; see data/coding_completeness.csv
R20813,Enhancing multi-model forest fire spread prediction by exploiting multi-core parallelism,"Brun, Carlos and Margalef, Tom{\`a}s and Cort{\'e}s, Ana and Sikora, Anna",2014,J. Supercomput.,10.1007/s11227-014-1168-z,https://doi.org/10.1007/s11227-014-1168-z,Include for full text,Forecasting / simulation,Not retrieved — inaccessible after documented attempts,No complete report accessible after Zotero-assisted and manual access attempts,Not retrieved,Not retrieved,Report not retrieved after documented access attempts; eligibility remains unknown and no findings are inferred.,Approve,Author approved all simplified full-text decisions on 2026-08-24.,2026-08-24,Not retrieved — inaccessible after documented attempts,Author approved retrieval outcome — 2026-08-24,"Primary candidate — direct fire-specific operational, plume, source/perimeter, exposure/action, or decision-interface evidence; full text required",No substantive claim because the complete report was unavailable.,Retrieval-only audit; no report-level coding or findings inferred,Not applicable — report unavailable
R20814,Enhancing computational efficiency on forest fire forecasting by time-aware Genetic Algorithms,"Art{\'e}s, Tom{\`a}s and Cencerrado, Andr{\'e}s and Cort{\'e}s, Ana and Margalef, Tom{\`a}s",2015,J. Supercomput.,10.1007/s11227-014-1365-9,https://doi.org/10.1007/s11227-014-1365-9,Include for full text,Forecasting / simulation,Retrieved,Complete report retrieved and assessed during documented recovery audit,Retrieved,Include,Retain as Conditional fire-source/perimeter input. The verified complete report contributes eligible fire-specific evidence within the frozen review scope.,Approve,Author approved all simplified full-text decisions on 2026-08-24.,2026-08-24,Include,Author approved full-text eligibility — 2026-08-24,Conditional fire-source/perimeter input,"Supports the reported fire-source, perimeter, detection, or spread task in its stated evaluation setting; it does not validate smoke concentration, health-risk estimation, or an end-to-end response system.",Retrieved full report assessed 2026-08-24; minimum coding prepared from the complete report and with no independent author verification of detailed fields claimed.,Eligibility author-approved; detailed coding not independently author-verified; see data/coding_completeness.csv
R21050,An Experimental Approach to Detect Forest Fire Using Machine Learning Mathematical Models and IoT,"Jayasingh, Suvendra Kumar and Swain, Satyaprakash and Patra, Kumar Janardan and Gountia, Debasis",2024,SN Comput. Sci.,10.1007/s42979-023-02514-5,https://doi.org/10.1007/s42979-023-02514-5,Include for full text,Intervention / decision support,Retrieved and assessed online; archive copy recommended,Public complete report assessed online; local archive copy recommended,Retrieved and assessed online,Exclude,"Generic fire-image classification only—no material ambient-pollution or plume-response interface. The complete 11-page report evaluates OPCNN/CNN/J48 fire-versus-non-fire image classification on a small and internally inconsistently reported image dataset; it does not measure smoke concentration, map plume/source/perimeter, validate an incident, or produce an operational pollution-response interface.",Approve,Author approved title/decision/rationale review.,2026-08-23,Exclude,Author verified — approved 23 Aug 2026,Excluded — generic fire-image classification,"May be cited only as background on generic visual fire classification; it must not be used as evidence for fire-plume monitoring, autonomous pollution response, or operational robustness.",Complete report used to confirm scope exclusion; no substantive evidence charting,Not applicable — excluded report
R21875,Metaheuristic algorithms for calibration of two-dimensional wildfire spread prediction model,"Pereira, Jorge and Mendes, J{\'e}r{\^o}me and J{\'u}nior, Jorge S.S. and Viegas, Carlos and Paulo, Jo{\~a}o Ruivo",2024,Eng. Appl. Artif. Intell.,10.1016/j.engappai.2024.108928,https://doi.org/10.1016/j.engappai.2024.108928,Include for full text,Forecasting / simulation,Retrieved,Complete report retrieved and assessed during documented recovery audit,Retrieved,Include,Retain as Conditional fire-source/perimeter input. The verified complete report contributes eligible fire-specific evidence within the frozen review scope.,Approve,Author approved all simplified full-text decisions on 2026-08-24.,2026-08-24,Include,Author approved full-text eligibility — 2026-08-24,Conditional fire-source/perimeter input,"Supports the reported fire-source, perimeter, detection, or spread task in its stated evaluation setting; it does not validate smoke concentration, health-risk estimation, or an end-to-end response system.",Retrieved full report assessed 2026-08-24; minimum coding prepared from the complete report and with no independent author verification of detailed fields claimed.,Eligibility author-approved; detailed coding not independently author-verified; see data/coding_completeness.csv
R21945,A simple index for assessing fire danger rating,"Sharples, J. J. and McRae, R. H. D. and Weber, R. O. and Gill, A. M.",2009,Environ. Model. Softw.,10.1016/j.envsoft.2008.11.004,https://doi.org/10.1016/j.envsoft.2008.11.004,Include for full text,Intervention / decision support,Retrieved and assessed online; archive copy recommended,Public complete report assessed online; local archive copy recommended,Retrieved and assessed online,Exclude,"Wildfire danger/occurrence only—no ambient-pollution or plume-response interface. The complete 12-page report proposes a pre-ignition weather-based fire-danger index and compares it with existing rating systems; it contains no smoke-plume, ambient-pollution, exposure or incident-response interface within the review scope.",Approve,Author approved title/decision/rationale review.,2026-08-23,Exclude,Author verified — approved 23 Aug 2026,Excluded — wildfire-danger/background study,"May support background on fire-danger context only; it is not evidence for plume monitoring, exposure assessment, or the proposed observation-to-action pollution-response architecture.",Complete report used to confirm scope exclusion; no substantive evidence charting,Not applicable — excluded report
R21976,A tool for simulation and geo-animation of wildfires with fuel editing and hotspot monitoring capabilities,"Bogdos, Nikos and Manolakos, Elias S.",2013,Environ. Model. Softw.,10.1016/j.envsoft.2013.03.009,https://doi.org/10.1016/j.envsoft.2013.03.009,Include for full text,Forecasting / simulation,Retrieved,Complete report retrieved and assessed during documented recovery audit,Retrieved,Include,Retain as Conditional fire-source/perimeter input. The verified complete report contributes eligible fire-specific evidence within the frozen review scope.,Approve,Author approved all simplified full-text decisions on 2026-08-24.,2026-08-24,Include,Author approved full-text eligibility — 2026-08-24,Conditional fire-source/perimeter input,"Supports the reported fire-source, perimeter, detection, or spread task in its stated evaluation setting; it does not validate smoke concentration, health-risk estimation, or an end-to-end response system.",Retrieved full report assessed 2026-08-24; minimum coding prepared from the complete report and with no independent author verification of detailed fields claimed.,Eligibility author-approved; detailed coding not independently author-verified; see data/coding_completeness.csv
R21982,Response time assessment in forest fire spread simulation: An integrated methodology for efficient exploitation of available prediction time,"Cencerrado, Andr{\'e}s and Cort{\'e}s, Ana and Margalef, Tom{\'i}s",2014,Environ. Model. Softw.,10.1016/j.envsoft.2014.01.008,https://doi.org/10.1016/j.envsoft.2014.01.008,Include for full text,Forecasting / simulation,Retrieved,Complete report retrieved and assessed during documented recovery audit,Retrieved,Include,Retain as Conditional fire-source/perimeter input. The verified complete report contributes eligible fire-specific evidence within the frozen review scope.,Approve,Author approved all simplified full-text decisions on 2026-08-24.,2026-08-24,Include,Author approved full-text eligibility — 2026-08-24,Conditional fire-source/perimeter input,"Supports the reported fire-source, perimeter, detection, or spread task in its stated evaluation setting; it does not validate smoke concentration, health-risk estimation, or an end-to-end response system.",Retrieved full report assessed 2026-08-24; minimum coding prepared from the complete report and with no independent author verification of detailed fields claimed.,Eligibility author-approved; detailed coding not independently author-verified; see data/coding_completeness.csv
R22011,Improving the reliability and utility of operational bushfire behaviour predictions in Australian vegetation,"Plucinski, Matt P. and Sullivan, Andrew L. and Rucinski, Chris J. and Prakash, Mahesh",2017,Environ. Model. Softw.,10.1016/j.envsoft.2017.01.019,https://doi.org/10.1016/j.envsoft.2017.01.019,Include for full text,Intervention / decision support,Retrieved,Complete report retrieved and assessed during documented recovery audit,Retrieved,Include,Retain as Direct fire-specific evidence. The verified complete report contributes eligible fire-specific evidence within the frozen review scope.,Approve,Author approved all simplified full-text decisions on 2026-08-24.,2026-08-24,Include,Author approved full-text eligibility — 2026-08-24,Direct fire-specific evidence,"Supports Amicus functions for uncertainty-aware, human-owned fire-behaviour predictions; it does not prove improved suppression, warning, evacuation or health outcomes.",Retrieved full report assessed 2026-08-24; minimum coding prepared from the complete report and with no independent author verification of detailed fields claimed.,Eligibility author-approved; detailed coding not independently author-verified; see data/coding_completeness.csv
R22023,Assessing improvements in models used to operationally predict wildland fire rate of spread,"Cruz, Miguel G. and Alexander, Martin E. and Sullivan, Andrew L. and Gould, James S. and Kilinc, Musa",2018,Environ. Model. Softw.,10.1016/j.envsoft.2018.03.027,https://doi.org/10.1016/j.envsoft.2018.03.027,Include for full text,Forecasting / simulation,Retrieved,Complete report retrieved and assessed during documented recovery audit,Retrieved,Include,Retain as Conditional fire-source/perimeter input. The verified complete report contributes eligible fire-specific evidence within the frozen review scope.,Approve,Author approved all simplified full-text decisions on 2026-08-24.,2026-08-24,Include,Author approved full-text eligibility — 2026-08-24,Conditional fire-source/perimeter input,Supports improved rate-of-spread errors for the evaluated newer models and fuel types; it does not imply accurate plume or health-risk prediction.,Retrieved full report assessed 2026-08-24; minimum coding prepared from the complete report and with no independent author verification of detailed fields claimed.,Eligibility author-approved; detailed coding not independently author-verified; see data/coding_completeness.csv
R22043,Global sensitivity analysis for uncertainty quantification in fire spread models,"KC, Ujjwal and Aryal, Jagannath and Garg, Saurabh and Hilton, James",2021,Environ. Model. Softw.,10.1016/j.envsoft.2021.105110,https://doi.org/10.1016/j.envsoft.2021.105110,Include for full text,Forecasting / simulation,Retrieved,Complete report retrieved and assessed during documented recovery audit,Retrieved,Include,Retain as Conditional fire-source/perimeter input. The verified complete report contributes eligible fire-specific evidence within the frozen review scope.,Approve,Author approved all simplified full-text decisions on 2026-08-24.,2026-08-24,Include,Author approved full-text eligibility — 2026-08-24,Conditional fire-source/perimeter input,"Supports method-selection trade-offs for the two evaluated spread models; it does not quantify end-to-end forecast, smoke, or health uncertainty.",Retrieved full report assessed 2026-08-24; minimum coding prepared from the complete report and with no independent author verification of detailed fields claimed.,Eligibility author-approved; detailed coding not independently author-verified; see data/coding_completeness.csv
R22045,Derivation of a Bayesian fire spread model using large-scale wildfire observations,"Storey, Michael A. and Bedward, Michael and Price, Owen F. and Bradstock, Ross A. and Sharples, Jason J.",2021,Environ. Model. Softw.,10.1016/j.envsoft.2021.105127,https://doi.org/10.1016/j.envsoft.2021.105127,Include for full text,Forecasting / simulation,Retrieved,Complete report retrieved and assessed during documented recovery audit,Retrieved,Include,Retain as Conditional fire-source/perimeter input. The verified complete report contributes eligible fire-specific evidence within the frozen review scope.,Approve,Author approved all simplified full-text decisions on 2026-08-24.,2026-08-24,Include,Author approved full-text eligibility — 2026-08-24,Conditional fire-source/perimeter input,Supports probabilistic rate-of-spread predictions for the analysed wildfire data; downstream evacuation or smoke-risk benefits were not evaluated.,Retrieved full report assessed 2026-08-24; minimum coding prepared from the complete report and with no independent author verification of detailed fields claimed.,Eligibility author-approved; detailed coding not independently author-verified; see data/coding_completeness.csv
R22076,Rapid prediction of wildfire spread using ensemble Kalman filter and polyline simplification,"Yoo, Seungmin and Song, Junho",2023,Environ. Model. Softw.,10.1016/j.envsoft.2022.105610,https://doi.org/10.1016/j.envsoft.2022.105610,Include for full text,Forecasting / simulation,Retrieved,Complete report retrieved and assessed during documented recovery audit,Retrieved,Include,Retain as Conditional fire-source/perimeter input. The verified complete report contributes eligible fire-specific evidence within the frozen review scope.,Approve,Author approved all simplified full-text decisions on 2026-08-24.,2026-08-24,Include,Author approved full-text eligibility — 2026-08-24,Conditional fire-source/perimeter input,"Supports the reported fire-source, perimeter, detection, or spread task in its stated evaluation setting; it does not validate smoke concentration, health-risk estimation, or an end-to-end response system.",Retrieved full report assessed 2026-08-24; minimum coding prepared from the complete report and with no independent author verification of detailed fields claimed.,Eligibility author-approved; detailed coding not independently author-verified; see data/coding_completeness.csv
R22079,Implementation of spatially-varying wind adjustment factor for wildfire simulations,"Sutherland, Duncan and Rashid, Mahmood A. and Hilton, James E. and Moinuddin, Khalid A.M.",2023,Environ. Model. Softw.,10.1016/j.envsoft.2023.105660,https://doi.org/10.1016/j.envsoft.2023.105660,Include for full text,Forecasting / simulation,Retrieved,Complete report retrieved and assessed during documented recovery audit,Retrieved,Include,Retain as Conditional fire-source/perimeter input. The verified complete report contributes eligible fire-specific evidence within the frozen review scope.,Approve,Author approved all simplified full-text decisions on 2026-08-24.,2026-08-24,Include,Author approved full-text eligibility — 2026-08-24,Conditional fire-source/perimeter input,"Supports the reported fire-source, perimeter, detection, or spread task in its stated evaluation setting; it does not validate smoke concentration, health-risk estimation, or an end-to-end response system.",Retrieved full report assessed 2026-08-24; minimum coding prepared from the complete report and with no independent author verification of detailed fields claimed.,Eligibility author-approved; detailed coding not independently author-verified; see data/coding_completeness.csv
R22106,Cloud-based urgent computing for forest fire spread prediction,"Fraga, Edigley and Cort{\'e}s, Ana and Margalef, Tom{\`a}s and Hern{\'a}ndez, Porfidio and Carrillo, Carlos",2024,Environ. Model. Softw.,10.1016/j.envsoft.2024.106057,https://doi.org/10.1016/j.envsoft.2024.106057,Include for full text,Forecasting / simulation,Retrieved,Complete report retrieved and assessed during documented recovery audit,Retrieved,Include,Retain as Conditional fire-source/perimeter input. The verified complete report contributes eligible fire-specific evidence within the frozen review scope.,Approve,Author approved all simplified full-text decisions on 2026-08-24.,2026-08-24,Include,Author approved full-text eligibility — 2026-08-24,Conditional fire-source/perimeter input,"Supports the reported fire-source, perimeter, detection, or spread task in its stated evaluation setting; it does not validate smoke concentration, health-risk estimation, or an end-to-end response system.",Retrieved full report assessed 2026-08-24; minimum coding prepared from the complete report and with no independent author verification of detailed fields claimed.,Eligibility author-approved; detailed coding not independently author-verified; see data/coding_completeness.csv
R22138,Evaluating Australian forest fire rate of spread models using VIIRS satellite observations,"Gale, Matthew G. and Cary, Geoffrey J.",2025,Environ. Model. Softw.,10.1016/j.envsoft.2025.106436,https://doi.org/10.1016/j.envsoft.2025.106436,Include for full text,Forecasting / simulation,Retrieved,Complete report retrieved and assessed during documented recovery audit,Retrieved,Include,Retain as Conditional fire-source/perimeter input. The verified complete report contributes eligible fire-specific evidence within the frozen review scope.,Approve,Author approved all simplified full-text decisions on 2026-08-24.,2026-08-24,Include,Author approved full-text eligibility — 2026-08-24,Conditional fire-source/perimeter input,Supports the reported model-error comparison against VIIRS-derived rates of spread; it does not establish smoke-transport accuracy or universal model ranking.,Retrieved full report assessed 2026-08-24; minimum coding prepared from the complete report and with no independent author verification of detailed fields claimed.,Eligibility author-approved; detailed coding not independently author-verified; see data/coding_completeness.csv
R22159,"THU-Wildfire: A multitemporal, multimodal observation dataset for wildfire behavior dynamics","Zhou, Jiahao and He, Sen and Wu, Shanjunxia and Zhang, Jia and Wang, Qiuhua and Wang, Fei",2026,Environ. Model. Softw.,10.1016/j.envsoft.2026.106872,https://doi.org/10.1016/j.envsoft.2026.106872,Include for full text,Forecasting / simulation,Retrieved,Complete report retrieved and assessed during documented recovery audit,Retrieved,Include,Retain as Direct fire-specific evidence. The verified complete report contributes eligible fire-specific evidence within the frozen review scope.,Approve,Author approved all simplified full-text decisions on 2026-08-24.,2026-08-24,Include,Author approved full-text eligibility — 2026-08-24,Direct fire-specific evidence,"Supports the reported controlled-burn dataset, pollutant/weather streams and benchmark demonstrations; it does not establish uncontrolled-wildfire plume forecasting or operational health protection.",Retrieved full report assessed 2026-08-24; minimum coding prepared from the complete report and with no independent author verification of detailed fields claimed.,Eligibility author-approved; detailed coding not independently author-verified; see data/coding_completeness.csv
R22181,A data fusion framework with novel hybrid algorithm for multi-agent Decision Support System for Forest Fire,"Elmas, {\c C}etin and S{\""o}nmez, Yusuf",2011,Expert Syst. Appl.,10.1016/j.eswa.2011.01.125,https://doi.org/10.1016/j.eswa.2011.01.125,Include for full text,Intervention / decision support,Retrieved,Complete report retrieved and assessed during documented recovery audit,Retrieved,Include,Retain as Direct fire-specific evidence. The verified complete report contributes eligible fire-specific evidence within the frozen review scope.,Approve,Author approved all simplified full-text decisions on 2026-08-24.,2026-08-24,Include,Author approved full-text eligibility — 2026-08-24,Direct fire-specific evidence,"Supports the reported FOFDESS component experiments; it does not validate real-time deployment, firefighting strategy improvement, smoke exposure or health outcomes.",Retrieved full report assessed 2026-08-24; minimum coding prepared from the complete report and with no independent author verification of detailed fields claimed.,Eligibility author-approved; detailed coding not independently author-verified; see data/coding_completeness.csv
R22327,Cloud computing based bushfire prediction for cyberphysical emergency applications,"Garg, Saurabh and Aryal, Jagannath and Wang, Hao and Shah, Tejal and Kecskemeti, Gabor and Ranjan, Rajiv",2018,Future Gener. Comput. Syst.,10.1016/j.future.2017.02.009,https://doi.org/10.1016/j.future.2017.02.009,Include for full text,Forecasting / simulation,Retrieved,Complete report retrieved and assessed during documented recovery audit,Retrieved,Include,Retain as Conditional fire-source/perimeter input. The verified complete report contributes eligible fire-specific evidence within the frozen review scope.,Approve,Author approved all simplified full-text decisions on 2026-08-24.,2026-08-24,Include,Author approved full-text eligibility — 2026-08-24,Conditional fire-source/perimeter input,"Supports cloud scheduling and scalability in the reported case study; it does not validate fire, smoke, or decision-outcome accuracy.",Retrieved full report assessed 2026-08-24; minimum coding prepared from the complete report and with no independent author verification of detailed fields claimed.,Eligibility author-approved; detailed coding not independently author-verified; see data/coding_completeness.csv
R22552,Data-driven surrogate model with latent data assimilation: Application to wildfire forecasting,"Cheng, Sibo and Prentice, I. Colin and Huang, Yuhan and Jin, Yufang and Guo, Yi-Ke and Arcucci, Rossella",2022,J. Comput. Phys.,10.1016/j.jcp.2022.111302,https://doi.org/10.1016/j.jcp.2022.111302,Include for full text,Forecasting / simulation,Retrieved,Complete report retrieved and assessed during documented recovery audit,Retrieved,Include,Retain as Conditional fire-source/perimeter input. The verified complete report contributes eligible fire-specific evidence within the frozen review scope.,Approve,Author approved all simplified full-text decisions on 2026-08-24.,2026-08-24,Include,Author approved full-text eligibility — 2026-08-24,Conditional fire-source/perimeter input,Supports speed and error reductions for three retrospective fires and the stated surrogate; it does not validate general operational or smoke forecasts.,Retrieved full report assessed 2026-08-24; minimum coding prepared from the complete report and with no independent author verification of detailed fields claimed.,Eligibility author-approved; detailed coding not independently author-verified; see data/coding_completeness.csv
R22566,A review of forest fire surveillance technologies: Mobile ad-hoc network routing protocols perspective,"AL-Dhief, Fahad Taha and Sabri, Naseer and Fouad, S. and Latiff, N.M. Abdul and Albader, Musatafa Abbas Abbood",2019,J. King Saud Univ. Comput. Inf. Sci.,10.1016/j.jksuci.2017.12.005,https://doi.org/10.1016/j.jksuci.2017.12.005,Include for full text,Review / positioning,Retrieved,Complete report retrieved and assessed during documented recovery audit,Retrieved,Include,Retain as Fire-specific evidence synthesis. The verified complete report contributes eligible fire-specific evidence within the frozen review scope.,Approve,Author approved all simplified full-text decisions on 2026-08-24.,2026-08-24,Include,Author approved full-text eligibility — 2026-08-24,Fire-specific evidence synthesis,Supports a bounded synthesis of fire-surveillance communications through the review date; it does not demonstrate comparative operational superiority.,Retrieved full report assessed 2026-08-24; minimum coding prepared from the complete report and with no independent author verification of detailed fields claimed.,Eligibility author-approved; detailed coding not independently author-verified; see data/coding_completeness.csv
R22719,A wildland fire model with data assimilation,"Mandel, Jan and Bennethum, Lynn S. and Beezley, Jonathan D. and Coen, Janice L. and Douglas, Craig C. and Kim, Minjeong and Vodacek, Anthony",2008,Math. Comput. Simul.,10.1016/j.matcom.2008.03.015,https://doi.org/10.1016/j.matcom.2008.03.015,Include for full text,Forecasting / simulation,Retrieved,Complete report retrieved and assessed during documented recovery audit,Retrieved,Include,Retain as Conditional fire-source/perimeter input. The verified complete report contributes eligible fire-specific evidence within the frozen review scope.,Approve,Author approved all simplified full-text decisions on 2026-08-24.,2026-08-24,Include,Author approved full-text eligibility — 2026-08-24,Conditional fire-source/perimeter input,"Supports the reported fire-source, perimeter, detection, or spread task in its stated evaluation setting; it does not validate smoke concentration, health-risk estimation, or an end-to-end response system.",Retrieved full report assessed 2026-08-24; minimum coding prepared from the complete report and with no independent author verification of detailed fields claimed.,Eligibility author-approved; detailed coding not independently author-verified; see data/coding_completeness.csv
R22821,Emulation of wildland fire spread simulation using deep learning,"Allaire, Fr{\'e}d{\'e}ric and Mallet, Vivien and Filippi, Jean-Baptiste",2021,Neural Netw.,10.1016/j.neunet.2021.04.006,https://doi.org/10.1016/j.neunet.2021.04.006,Include for full text,Forecasting / simulation,Retrieved,Complete report retrieved and assessed during documented recovery audit,Retrieved,Include,Retain as Conditional fire-source/perimeter input. The verified complete report contributes eligible fire-specific evidence within the frozen review scope.,Approve,Author approved all simplified full-text decisions on 2026-08-24.,2026-08-24,Include,Author approved full-text eligibility — 2026-08-24,Conditional fire-source/perimeter input,"Supports the reported fire-source, perimeter, detection, or spread task in its stated evaluation setting; it does not validate smoke concentration, health-risk estimation, or an end-to-end response system.",Retrieved full report assessed 2026-08-24; minimum coding prepared from the complete report and with no independent author verification of detailed fields claimed.,Eligibility author-approved; detailed coding not independently author-verified; see data/coding_completeness.csv
R22891,Forest Fire Propagation Prediction Based on Overlapping DDDAS Forecasts,"Arts, Toms and Cardil, Adrin and Corts, Ana and Margalef, Toms and Molina, Domingo and Pelegrn, Lucas and Ramrez, Joaqun",2015,Procedia Comput. Sci.,10.1016/j.procs.2015.05.294,https://doi.org/10.1016/j.procs.2015.05.294,Include for full text,Forecasting / simulation,Retrieved,Complete report retrieved and assessed during documented recovery audit,Retrieved,Include,Retain as Conditional fire-source/perimeter input. The verified complete report contributes eligible fire-specific evidence within the frozen review scope.,Approve,Author approved all simplified full-text decisions on 2026-08-24.,2026-08-24,Include,Author approved full-text eligibility — 2026-08-24,Conditional fire-source/perimeter input,"Supports the reported fire-source, perimeter, detection, or spread task in its stated evaluation setting; it does not validate smoke concentration, health-risk estimation, or an end-to-end response system.",Retrieved full report assessed 2026-08-24; minimum coding prepared from the complete report and with no independent author verification of detailed fields claimed.,Eligibility author-approved; detailed coding not independently author-verified; see data/coding_completeness.csv
R22892,"Towards an Integrated Cyberinfrastructure for Scalable Data-driven Monitoring, Dynamic Prediction and Resilience of Wildfires","Altintas, Ilkay and Block, Jessica and de Callafon, Raymond and Crawl, Daniel and Cowart, Charles and Gupta, Amarnath and Nguyen, Mai and Braun, Hans-Werner and Schulze, Jurgen and Gollner, Michael and Trouve, Arnaud and Smarr, Larry",2015,Procedia Comput. Sci.,10.1016/j.procs.2015.05.296,https://doi.org/10.1016/j.procs.2015.05.296,Include for full text,Forecasting / simulation,Retrieved,Complete report retrieved and assessed during documented recovery audit,Retrieved,Include,Retain as Direct fire-specific evidence. The verified complete report contributes eligible fire-specific evidence within the frozen review scope.,Approve,Author approved all simplified full-text decisions on 2026-08-24.,2026-08-24,Include,Author approved full-text eligibility — 2026-08-24,Direct fire-specific evidence,Supports the existence and early integration approach of WIFIRE; it does not validate a complete autonomous fire-pollution-to-health-action pipeline.,Retrieved full report assessed 2026-08-24; minimum coding prepared from the complete report and with no independent author verification of detailed fields claimed.,Eligibility author-approved; detailed coding not independently author-verified; see data/coding_completeness.csv
R22898,Large Forest Fire Spread Prediction,"Arts, Toms and Corts, Ana and Margalef, Toms",2016,Procedia Comput. Sci.,10.1016/j.procs.2016.05.330,https://doi.org/10.1016/j.procs.2016.05.330,Include for full text,Forecasting / simulation,Not retrieved — inaccessible after documented attempts,No complete report accessible after Zotero-assisted and manual access attempts,Not retrieved,Not retrieved,Report not retrieved after documented access attempts; eligibility remains unknown and no findings are inferred.,Approve,Author approved all simplified full-text decisions on 2026-08-24.,2026-08-24,Not retrieved — inaccessible after documented attempts,Author approved retrieval outcome — 2026-08-24,"Primary candidate — direct fire-specific operational, plume, source/perimeter, exposure/action, or decision-interface evidence; full text required",No substantive claim because the complete report was unavailable.,Retrieval-only audit; no report-level coding or findings inferred,Not applicable — report unavailable
R22900,Error Function Impact in Dynamic Data-driven Framework Applied to Forest Fire Spread Prediction,"Carrillo, Carlos and Arts, Toms and Corts, Ana and Margalef, Toms",2016,Procedia Comput. Sci.,10.1016/j.procs.2016.05.342,https://doi.org/10.1016/j.procs.2016.05.342,Include for full text,Forecasting / simulation,Retrieved,Complete report retrieved and assessed during documented recovery audit,Retrieved,Include,Retain as Conditional fire-source/perimeter input. The verified complete report contributes eligible fire-specific evidence within the frozen review scope.,Approve,Author approved all simplified full-text decisions on 2026-08-24.,2026-08-24,Include,Author approved full-text eligibility — 2026-08-24,Conditional fire-source/perimeter input,"Supports the reported fire-source, perimeter, detection, or spread task in its stated evaluation setting; it does not validate smoke concentration, health-risk estimation, or an end-to-end response system.",Retrieved full report assessed 2026-08-24; minimum coding prepared from the complete report and with no independent author verification of detailed fields claimed.,Eligibility author-approved; detailed coding not independently author-verified; see data/coding_completeness.csv
R22977,Fire front path planning and tracking control of Uncrewed Aerial Vehicles using deep reinforcement learning,"Raoufi, Mona and Telikani, Akbar and Zhang, Tieling and Shen, Jun",2025,Robot. Auton. Syst.,10.1016/j.robot.2025.105076,https://doi.org/10.1016/j.robot.2025.105076,Include for full text,Source / perimeter input,Retrieved,Complete report retrieved and assessed during documented recovery audit,Retrieved,Include,Retain as Conditional fire-source/perimeter input. The verified complete report contributes eligible fire-specific evidence within the frozen review scope.,Approve,Author approved all simplified full-text decisions on 2026-08-24.,2026-08-24,Include,Author approved full-text eligibility — 2026-08-24,Conditional fire-source/perimeter input,Supports simulation performance for UAV navigation and fire-front tracking; it does not establish field deployment or pollutant mapping.,Retrieved full report assessed 2026-08-24; minimum coding prepared from the complete report and with no independent author verification of detailed fields claimed.,Eligibility author-approved; detailed coding not independently author-verified; see data/coding_completeness.csv
R23109,Research on Forest Fire Monitoring Quality Variation with Wireless Sensor Node Density,"Li, Hong and Li, Guang-hui and Feng, Hai-lin and Wang, Zhi",2010,Proceedings of the 2010 International Conference on Communications and Mobile Computing - Volume 03,10.1109/cmc.2010.74,https://doi.org/10.1109/cmc.2010.74,Include for full text,Source / perimeter input,Retrieved,Complete report retrieved and assessed during documented recovery audit,Retrieved,Include,Retain as Conditional fire-source/perimeter input. The verified complete report contributes eligible fire-specific evidence within the frozen review scope.,Approve,Author approved all simplified full-text decisions on 2026-08-24.,2026-08-24,Include,Author approved full-text eligibility — 2026-08-24,Conditional fire-source/perimeter input,"Supports the reported fire-source, perimeter, detection, or spread task in its stated evaluation setting; it does not validate smoke concentration, health-risk estimation, or an end-to-end response system.",Retrieved full report assessed 2026-08-24; minimum coding prepared from the complete report and with no independent author verification of detailed fields claimed.,Eligibility author-approved; detailed coding not independently author-verified; see data/coding_completeness.csv
R23126,Wildfire Monitoring Using a Mixed Air-Ground Mobile Network,"barrado, cristina and Messeguer, Roc and Lopez, Juan and Pastor, Enric and Santamaria, Eduard and Royo, Pablo",2010,IEEE Pervasive Computing,10.1109/mprv.2010.54,https://doi.org/10.1109/mprv.2010.54,Include for full text,Source / perimeter input,Retrieved,Complete report retrieved and assessed during documented recovery audit,Retrieved,Include,Retain as Direct fire-specific evidence. The verified complete report contributes eligible fire-specific evidence within the frozen review scope.,Approve,Author approved all simplified full-text decisions on 2026-08-24.,2026-08-24,Include,Author approved full-text eligibility — 2026-08-24,Direct fire-specific evidence,"Supports the described air-ground hotspot and communications application; it does not establish plume concentration, health-risk or suppression-outcome improvements.",Retrieved full report assessed 2026-08-24; minimum coding prepared from the complete report and with no independent author verification of detailed fields claimed.,Eligibility author-approved; detailed coding not independently author-verified; see data/coding_completeness.csv
R23129,Exploiting Sensor Spatial Correlation for Dynamic Data Driven Simulation of Wildfire,"Xue, Haidong and Hu, Xiaolin",2012,Proceedings of the 2012 ACM/IEEE/SCS 26th Workshop on Principles of Advanced and Distributed Simulation,10.1109/pads.2012.17,https://doi.org/10.1109/pads.2012.17,Include for full text,Forecasting / simulation,Retrieved,Complete report retrieved and assessed during documented recovery audit,Retrieved,Include,Retain as Conditional fire-source/perimeter input. The verified complete report contributes eligible fire-specific evidence within the frozen review scope.,Approve,Author approved all simplified full-text decisions on 2026-08-24.,2026-08-24,Include,Author approved full-text eligibility — 2026-08-24,Conditional fire-source/perimeter input,"Supports the reported fire-source, perimeter, detection, or spread task in its stated evaluation setting; it does not validate smoke concentration, health-risk estimation, or an end-to-end response system.",Retrieved full report assessed 2026-08-24; minimum coding prepared from the complete report and with no independent author verification of detailed fields claimed.,Eligibility author-approved; detailed coding not independently author-verified; see data/coding_completeness.csv
R23297,FireSenseTB: a wireless sensor networks testbed for forest fire detection,"Kosucu, Bilgin and Irgan, Kerem and Kucuk, Gurhan and Baydere, Sebnem",2009,Proceedings of the 2009 International Conference on Wireless Communications and Mobile Computing: Connecting the World Wirelessly,10.1145/1582379.1582636,https://doi.org/10.1145/1582379.1582636,Include for full text,Source / perimeter input,Retrieved,Complete report retrieved and assessed during documented recovery audit,Retrieved,Include,Retain as Conditional fire-source/perimeter input. The verified complete report contributes eligible fire-specific evidence within the frozen review scope.,Approve,Author approved all simplified full-text decisions on 2026-08-24.,2026-08-24,Include,Author approved full-text eligibility — 2026-08-24,Conditional fire-source/perimeter input,"Supports the reported fire-source, perimeter, detection, or spread task in its stated evaluation setting; it does not validate smoke concentration, health-risk estimation, or an end-to-end response system.",Retrieved full report assessed 2026-08-24; minimum coding prepared from the complete report and with no independent author verification of detailed fields claimed.,Eligibility author-approved; detailed coding not independently author-verified; see data/coding_completeness.csv
R23432,Data assimilation using sequential monte carlo methods in wildfire spread simulation,"Xue, Haidong and Gu, Feng and Hu, Xiaolin",2012,ACM Trans. Model. Comput. Simul.,10.1145/2379810.2379816,https://doi.org/10.1145/2379810.2379816,Include for full text,Forecasting / simulation,Retrieved,Complete report retrieved and assessed during documented recovery audit,Retrieved,Include,Retain as Conditional fire-source/perimeter input. The verified complete report contributes eligible fire-specific evidence within the frozen review scope.,Approve,Author approved all simplified full-text decisions on 2026-08-24.,2026-08-24,Include,Author approved full-text eligibility — 2026-08-24,Conditional fire-source/perimeter input,"Supports the reported fire-source, perimeter, detection, or spread task in its stated evaluation setting; it does not validate smoke concentration, health-risk estimation, or an end-to-end response system.",Retrieved full report assessed 2026-08-24; minimum coding prepared from the complete report and with no independent author verification of detailed fields claimed.,Eligibility author-approved; detailed coding not independently author-verified; see data/coding_completeness.csv
R23473,Performance evaluation of wireless sensor networks in realistic wildfire simulation scenarios,"Isik, Sinan and Donmez, Mehmet Yunus and Tunca, Can and Ersoy, Cem",2013,"Proceedings of the 16th ACM International Conference on Modeling, Analysis & Simulation of Wireless and Mobile Systems",10.1145/2507924.2507941,https://doi.org/10.1145/2507924.2507941,Include for full text,Source / perimeter input,Retrieved,Complete report retrieved and assessed during documented recovery audit,Retrieved,Include,Retain as Conditional fire-source/perimeter input. The verified complete report contributes eligible fire-specific evidence within the frozen review scope.,Approve,Author approved all simplified full-text decisions on 2026-08-24.,2026-08-24,Include,Author approved full-text eligibility — 2026-08-24,Conditional fire-source/perimeter input,"Supports the reported fire-source, perimeter, detection, or spread task in its stated evaluation setting; it does not validate smoke concentration, health-risk estimation, or an end-to-end response system.",Retrieved full report assessed 2026-08-24; minimum coding prepared from the complete report and with no independent author verification of detailed fields claimed.,Eligibility author-approved; detailed coding not independently author-verified; see data/coding_completeness.csv
R23589,Sub-Network Coverage Method as an Efficient Method of Wireless Sensor Networks for Forest Fire Detection,"Alkhatib, Ahmad",2016,Proceedings of the International Conference on Internet of Things and Cloud Computing,10.1145/2896387.2896450,https://doi.org/10.1145/2896387.2896450,Include for full text,Source / perimeter input,Retrieved,Complete report retrieved and assessed during documented recovery audit,Retrieved,Include,Retain as Conditional fire-source/perimeter input. The verified complete report contributes eligible fire-specific evidence within the frozen review scope.,Approve,Author approved all simplified full-text decisions on 2026-08-24.,2026-08-24,Include,Author approved full-text eligibility — 2026-08-24,Conditional fire-source/perimeter input,Supports the reported simulation result that duty-cycled subnetworks reduce energy use; it does not establish real-world fire-detection sensitivity or response benefit.,Retrieved full report assessed 2026-08-24; minimum coding prepared from the complete report and with no independent author verification of detailed fields claimed.,Eligibility author-approved; detailed coding not independently author-verified; see data/coding_completeness.csv
R23651,Spatial Partition-Based Particle Filtering for Data Assimilation in Wildfire Spread Simulation,"Long, Yuan and Hu, Xiaolin",2017,ACM Trans. Spatial Algorithms Syst.,10.1145/3099471,https://doi.org/10.1145/3099471,Include for full text,Forecasting / simulation,Retrieved,Complete report retrieved and assessed during documented recovery audit,Retrieved,Include,Retain as Conditional fire-source/perimeter input. The verified complete report contributes eligible fire-specific evidence within the frozen review scope.,Approve,Author approved all simplified full-text decisions on 2026-08-24.,2026-08-24,Include,Author approved full-text eligibility — 2026-08-24,Conditional fire-source/perimeter input,"Supports the reported fire-source, perimeter, detection, or spread task in its stated evaluation setting; it does not validate smoke concentration, health-risk estimation, or an end-to-end response system.",Retrieved full report assessed 2026-08-24; minimum coding prepared from the complete report and with no independent author verification of detailed fields claimed.,Eligibility author-approved; detailed coding not independently author-verified; see data/coding_completeness.csv
R23988,An Effective Forest Fire Detection Framework Using Heterogeneous Wireless Multimedia Sensor Networks,"Kizilkaya, Burak and Ever, Enver and Yatbaz, Hakan Yekta and Yazici, Adnan",2022,ACM Trans. Multimedia Comput. Commun. Appl.,10.1145/3473037,https://doi.org/10.1145/3473037,Include for full text,Source / perimeter input,Retrieved,Complete report retrieved and assessed during documented recovery audit,Retrieved,Include,Retain as Conditional fire-source/perimeter input. The verified complete report contributes eligible fire-specific evidence within the frozen review scope.,Approve,Author approved all simplified full-text decisions on 2026-08-24.,2026-08-24,Include,Author approved full-text eligibility — 2026-08-24,Conditional fire-source/perimeter input,Supports the reported testbed/simulation accuracy and energy trade-off; it does not establish operational wildfire detection or smoke monitoring.,Retrieved full report assessed 2026-08-24; minimum coding prepared from the complete report and with no independent author verification of detailed fields claimed.,Eligibility author-approved; detailed coding not independently author-verified; see data/coding_completeness.csv
R24023,The Future is Red: Visualizing Wildfire Predictions using Contactless Interaction,"Han, Yoon Chung and Khanduja, Amanbeer",2022,Extended Abstracts of the 2022 CHI Conference on Human Factors in Computing Systems,10.1145/3491101.3519903,https://doi.org/10.1145/3491101.3519903,Include for full text,Intervention / decision support,Retrieved,Complete report retrieved and assessed during documented recovery audit,Retrieved,Include,Retain as Direct fire-specific evidence. The verified complete report contributes eligible fire-specific evidence within the frozen review scope.,Approve,Author approved all simplified full-text decisions on 2026-08-24.,2026-08-24,Include,Author approved full-text eligibility — 2026-08-24,Direct fire-specific evidence,"Supports a public-engagement visualisation prototype; it does not validate emergency communication, protective action, or wildfire forecast skill.",Retrieved full report assessed 2026-08-24; minimum coding prepared from the complete report and with no independent author verification of detailed fields claimed.,Eligibility author-approved; detailed coding not independently author-verified; see data/coding_completeness.csv
R24046,Mazelink: Detecting and Predicting Forest Fires,"Pal, Rohan",2022,Proceedings of the 12th Indian Conference on Human-Computer Interaction,10.1145/3506469.3506481,https://doi.org/10.1145/3506469.3506481,Include for full text,Source / perimeter input,Retrieved,Complete report retrieved and assessed during documented recovery audit,Retrieved,Include,Retain as Direct fire-specific evidence. The verified complete report contributes eligible fire-specific evidence within the frozen review scope.,Approve,Author approved all simplified full-text decisions on 2026-08-24.,2026-08-24,Include,Author approved full-text eligibility — 2026-08-24,Direct fire-specific evidence,"Supports the described stakeholder-informed prototype and usability observations; it does not establish field detection, forecast accuracy, or operational effectiveness.",Retrieved full report assessed 2026-08-24; minimum coding prepared from the complete report and with no independent author verification of detailed fields claimed.,Eligibility author-approved; detailed coding not independently author-verified; see data/coding_completeness.csv
R24175,Paying Attention to Wildfire: Using U-Net with Attention Blocks on Multimodal Data for Next Day Prediction,"Fitzgerald, Jack and Seefried, Ethan and Yost, James E and Pallickara, Sangmi and Blanchard, Nathaniel",2023,Proceedings of the 25th International Conference on Multimodal Interaction,10.1145/3577190.3614116,https://doi.org/10.1145/3577190.3614116,Include for full text,Forecasting / simulation,Retrieved,Complete report retrieved and assessed during documented recovery audit,Retrieved,Include,Retain as Conditional fire-source/perimeter input. The verified complete report contributes eligible fire-specific evidence within the frozen review scope.,Approve,Author approved all simplified full-text decisions on 2026-08-24.,2026-08-24,Include,Author approved full-text eligibility — 2026-08-24,Conditional fire-source/perimeter input,Supports the within-dataset next-day mask comparison and reported computational trade-offs; it does not establish incident-scale operational fire or smoke forecasting.,Retrieved full report assessed 2026-08-24; minimum coding prepared from the complete report and with no independent author verification of detailed fields claimed.,Eligibility author-approved; detailed coding not independently author-verified; see data/coding_completeness.csv
R24217,A new paradigm for forest fire spread prediction: Faster decisions at high resolution,"Gonz{\'a}lez, Irene and Carrillo, Carlos and Cort{\'e}s, Ana and Espinosa, Antonio and Margalef, Tom{\`a}s",2023,Proceedings of the 52nd International Conference on Parallel Processing Workshops,10.1145/3605731.3608933,https://doi.org/10.1145/3605731.3608933,Include for full text,Forecasting / simulation,Retrieved,Complete report retrieved and assessed during documented recovery audit,Retrieved,Include,Retain as Conditional fire-source/perimeter input. The verified complete report contributes eligible fire-specific evidence within the frozen review scope.,Approve,Author approved all simplified full-text decisions on 2026-08-24.,2026-08-24,Include,Author approved full-text eligibility — 2026-08-24,Conditional fire-source/perimeter input,Supports the reported computational speed-up in the tested FARSITE workflow; it does not establish improved observed-fire accuracy or emergency decisions.,Retrieved full report assessed 2026-08-24; minimum coding prepared from the complete report and with no independent author verification of detailed fields claimed.,Eligibility author-approved; detailed coding not independently author-verified; see data/coding_completeness.csv
R24260,Moving Region Representations on the Spread of a Forest Fire,"da Silva, Henrique Mac{\'i}as and Ribeiro, Tiago F. R. and de C. Costa, Rog{\'e}rio Lu{\'i}s and Moreira, Jos{\'e}",2024,Proceedings of the 33rd ACM International Conference on Information and Knowledge Management,10.1145/3627673.3679111,https://doi.org/10.1145/3627673.3679111,Include for full text,Forecasting / simulation,Retrieved,Complete report retrieved and assessed during documented recovery audit,Retrieved,Include,Retain as Conditional fire-source/perimeter input. The verified complete report contributes eligible fire-specific evidence within the frozen review scope.,Approve,Author approved all simplified full-text decisions on 2026-08-24.,2026-08-24,Include,Author approved full-text eligibility — 2026-08-24,Conditional fire-source/perimeter input,Supports a controlled-burn perimeter dataset and representation method; it does not validate autonomous operational tracking or smoke forecasting.,Retrieved full report assessed 2026-08-24; minimum coding prepared from the complete report and with no independent author verification of detailed fields claimed.,Eligibility author-approved; detailed coding not independently author-verified; see data/coding_completeness.csv
R24264,Performance Evaluation of LoRaWAN Forest Fire Monitoring Network in the Wild,"Mukhia, Raunak and Sarambage Jayarathna, Kalana Gayashan and Lertsinsrubtavee, Adisorn",2023,Proceedings of the 18th Asian Internet Engineering Conference,10.1145/3630590.3630602,https://doi.org/10.1145/3630590.3630602,Include for full text,Pollutant / plume monitoring; sensing-platform reliability,Retrieved and assessed,Author supplied; complete report validated,Retrieved and assessed,Include,"Retain as Direct fire-specific field-monitoring/network evidence. Evaluates a complete LoRaWAN multi-sensor network at four Thai forest/semi-urban sites, including long-range reliability and data-completeness tests.",Approve,Author approved title/decision/rationale review.,2026-08-23,Include,Author verified — approved 23 Aug 2026,Direct fire-specific field-monitoring/network evidence,"Supports LoRaWAN connectivity and data-completeness feasibility in the reported deployments. It does not establish fire-detection accuracy, pollutant-sensor validity, decision effectiveness, or generalisation to all terrains.","Complete 9-page report supplied by author; identity, opening/closing pages, references, extractability and completeness validated; SHA256 9394bcaf6bc5c784bf2c4e8cdd3f1b4fc6135a05fef555fdff6fd00cf294d1ba",Eligibility author-approved; detailed coding not independently author-verified; see data/coding_completeness.csv
R24381,Ontology Data Insights and Alerts for Wildfire Protection,"Iacovou, Marios and Kontogiannis, Stelios and Avgerinakis, Konstantinos",2024,Proceedings of the 13th Hellenic Conference on Artificial Intelligence,10.1145/3688671.3688737,https://doi.org/10.1145/3688671.3688737,Include for full text,Source / perimeter input,Retrieved,Complete report retrieved and assessed during documented recovery audit,Retrieved,Include,Retain as Direct fire-specific evidence. The verified complete report contributes eligible fire-specific evidence within the frozen review scope.,Approve,Author approved all simplified full-text decisions on 2026-08-24.,2026-08-24,Include,Author approved full-text eligibility — 2026-08-24,Direct fire-specific evidence,Supports semantic integration and scenario-based alert generation within SILVANUS; it does not prove operational health or response outcomes.,Retrieved full report assessed 2026-08-24; minimum coding prepared from the complete report and with no independent author verification of detailed fields claimed.,Eligibility author-approved; detailed coding not independently author-verified; see data/coding_completeness.csv
R24431,Designing an Immersive Wildfire Visualization System for Firefighters,"Tirado Cortes, Carlos Alfredo and Flores Gonzalez, Mario and Hurley, Richard J. and Del Favero, Dennis",2025,Proceedings of the Extended Abstracts of the CHI Conference on Human Factors in Computing Systems,10.1145/3706599.3719903,https://doi.org/10.1145/3706599.3719903,Include for full text,Intervention / decision support,Retrieved,Complete report retrieved and assessed during documented recovery audit,Retrieved,Include,Retain as Direct fire-specific evidence. The verified complete report contributes eligible fire-specific evidence within the frozen review scope.,Approve,Author approved all simplified full-text decisions on 2026-08-24.,2026-08-24,Include,Author approved full-text eligibility — 2026-08-24,Direct fire-specific evidence,Supports the reported immersive prototype and expert feedback; it does not establish improved real-world command decisions or safety outcomes.,Retrieved full report assessed 2026-08-24; minimum coding prepared from the complete report and with no independent author verification of detailed fields claimed.,Eligibility author-approved; detailed coding not independently author-verified; see data/coding_completeness.csv
R24467,Smart Forest Fire Monitoring and Detection System using Microservices and Container-based Virtualization,"Ioannidis, Ioannis and Anagnostopoulos, Apostolos and Mamalis, Basilis",2025,Proceedings of the 28th Pan-Hellenic Conference on Progress in Computing and Informatics,10.1145/3716554.3716610,https://doi.org/10.1145/3716554.3716610,Include for full text,Source / perimeter input,Retrieved,Complete report retrieved and assessed during documented recovery audit,Retrieved,Include,Retain as Conditional fire-source/perimeter input. The verified complete report contributes eligible fire-specific evidence within the frozen review scope.,Approve,Author approved all simplified full-text decisions on 2026-08-24.,2026-08-24,Include,Author approved full-text eligibility — 2026-08-24,Conditional fire-source/perimeter input,"Supports the reported fire-source, perimeter, detection, or spread task in its stated evaluation setting; it does not validate smoke concentration, health-risk estimation, or an end-to-end response system.",Retrieved full report assessed 2026-08-24; minimum coding prepared from the complete report and with no independent author verification of detailed fields claimed.,Eligibility author-approved; detailed coding not independently author-verified; see data/coding_completeness.csv
R24549,Knowledge-Guided Large Language Models for Enhancing Agent-Based Wildfire Spatial Simulation,"Nie, Ying and Gao, Song",2025,Proceedings of the 8th ACM SIGSPATIAL International Workshop on Geospatial Simulation,10.1145/3764921.3770152,https://doi.org/10.1145/3764921.3770152,Include for full text,Forecasting / simulation,Retrieved,Complete report retrieved and assessed during documented recovery audit,Retrieved,Include,Retain as Conditional fire-source/perimeter input. The verified complete report contributes eligible fire-specific evidence within the frozen review scope.,Approve,Author approved all simplified full-text decisions on 2026-08-24.,2026-08-24,Include,Author approved full-text eligibility — 2026-08-24,Conditional fire-source/perimeter input,Supports an exploratory knowledge-guided agent simulation and retrospective comparison; it does not validate an operational wildfire or smoke forecast.,Retrieved full report assessed 2026-08-24; minimum coding prepared from the complete report and with no independent author verification of detailed fields claimed.,Eligibility author-approved; detailed coding not independently author-verified; see data/coding_completeness.csv
R24572,FireSentry: A Multi-Modal Spatio-temporal Benchmark Dataset for Fine-Grained Wildfire Spread Forecasting,"Zhou, Nan and Wang, Huandong and Li, Jiahao and Li, Han and Song, Yali and Wang, Qiuhua and Li, Yong and Chen, Xinlei",2026,Proceedings of the 32nd ACM SIGKDD Conference on Knowledge Discovery and Data Mining V.1,10.1145/3770854.3785696,https://doi.org/10.1145/3770854.3785696,Include for full text,Forecasting / simulation,Retrieved,Complete report retrieved and assessed during documented recovery audit,Retrieved,Include,Retain as Conditional fire-source/perimeter input. The verified complete report contributes eligible fire-specific evidence within the frozen review scope.,Approve,Author approved all simplified full-text decisions on 2026-08-24.,2026-08-24,Include,Author approved full-text eligibility — 2026-08-24,Conditional fire-source/perimeter input,Supports the FireSentry dataset and its reported baseline benchmarks; it does not establish generalisation to operational wildfires or downstream smoke/health tasks.,Retrieved full report assessed 2026-08-24; minimum coding prepared from the complete report and with no independent author verification of detailed fields claimed.,Eligibility author-approved; detailed coding not independently author-verified; see data/coding_completeness.csv
R24615,A Conceptual Model of Systems-of-Systems for Wildfire Response: Insights from a Rapid Review Applied to the Cerrado Biome,"da Silva, Ana Clara Ara{\'u}jo Gomes and Teixeira J{\'u}nior, Gilmar and Paes, Carlos Eduardo de Barros and Lima, Eliomar Ara{\'u}jo de and Neto, Valdemar Vicente Graciano",2026,Proceedings of the 14th IEEE/ACM International Workshop on Software Engineering for Systems-of-Systems and Software Ecosystems,10.1145/3786163.3788451,https://doi.org/10.1145/3786163.3788451,Include for full text,Review / positioning,Retrieved,Complete report retrieved and assessed during documented recovery audit,Retrieved,Include,Retain as Fire-specific evidence synthesis. The verified complete report contributes eligible fire-specific evidence within the frozen review scope.,Approve,Author approved all simplified full-text decisions on 2026-08-24.,2026-08-24,Include,Author approved full-text eligibility — 2026-08-24,Fire-specific evidence synthesis,Supports a rapid-review-derived conceptual response model and gap framing; it is not evidence that the proposed system is implemented or effective.,Retrieved full report assessed 2026-08-24; minimum coding prepared from the complete report and with no independent author verification of detailed fields claimed.,Eligibility author-approved; detailed coding not independently author-verified; see data/coding_completeness.csv
R24708,"Forest Fire Prevention, Detection, and Fighting Based on Fuzzy Logic and Wireless Sensor Networks","Toledo-Castro, Josu{\'e} and Caballero-Gil, Pino and Rodr{\'i}guez-P{\'e}rez, Nayra and Santos-Gonz{\'a}lez, Iv{\'a}n and Hern{\'a}ndez-Goya, Candelaria and Aguasca-Colomo, Ricardo",2018,Complex.,10.1155/2018/1639715,https://doi.org/10.1155/2018/1639715,Include for full text,Source / perimeter input,Retrieved,Complete report retrieved and assessed during documented recovery audit,Retrieved,Include,Retain as Direct fire-specific evidence. The verified complete report contributes eligible fire-specific evidence within the frozen review scope.,Approve,Author approved all simplified full-text decisions on 2026-08-24.,2026-08-24,Include,Author approved full-text eligibility — 2026-08-24,Direct fire-specific evidence,"Supports the described fuzzy-rule and alert prototype; it does not establish operational detection, public-health, or suppression outcomes.",Retrieved full report assessed 2026-08-24; minimum coding prepared from the complete report and with no independent author verification of detailed fields claimed.,Eligibility author-approved; detailed coding not independently author-verified; see data/coding_completeness.csv
R24754,Thermal-image-based wildfire spread simulation using a linearized model of an advection-diffusion-reaction equation,"Kim, Eun Heui and Tran, Minh N and Yang, Karen",2012,Simulation,10.1177/0037549712440519,https://doi.org/10.1177/0037549712440519,Include for full text,Forecasting / simulation,Retrieved,Complete report retrieved and assessed during documented recovery audit,Retrieved,Include,Retain as Conditional fire-source/perimeter input. The verified complete report contributes eligible fire-specific evidence within the frozen review scope.,Approve,Author approved all simplified full-text decisions on 2026-08-24.,2026-08-24,Include,Author approved full-text eligibility — 2026-08-24,Conditional fire-source/perimeter input,"Supports the reported fire-source, perimeter, detection, or spread task in its stated evaluation setting; it does not validate smoke concentration, health-risk estimation, or an end-to-end response system.",Retrieved full report assessed 2026-08-24; minimum coding prepared from the complete report and with no independent author verification of detailed fields claimed.,Eligibility author-approved; detailed coding not independently author-verified; see data/coding_completeness.csv
R24759,Localized recursive spatial-temporal state quantification method for data assimilation of wildfire spread simulation,"Gu, Feng",2017,Simulation,10.1177/0037549717692457,https://doi.org/10.1177/0037549717692457,Include for full text,Forecasting / simulation,Retrieved,Complete report retrieved and assessed during documented recovery audit,Retrieved,Include,Retain as Conditional fire-source/perimeter input. The verified complete report contributes eligible fire-specific evidence within the frozen review scope.,Approve,Author approved all simplified full-text decisions on 2026-08-24.,2026-08-24,Include,Author approved full-text eligibility — 2026-08-24,Conditional fire-source/perimeter input,"Supports the reported fire-source, perimeter, detection, or spread task in its stated evaluation setting; it does not validate smoke concentration, health-risk estimation, or an end-to-end response system.",Retrieved full report assessed 2026-08-24; minimum coding prepared from the complete report and with no independent author verification of detailed fields claimed.,Eligibility author-approved; detailed coding not independently author-verified; see data/coding_completeness.csv
R24775,Wildfire risk weighting and behaviour prediction using open geospatial data and ontologies,"Brys, Carlos and Navas-Delgado, Ismael and Aldana-Montes, Jos{\'e} F",2026,J. Inf. Sci.,10.1177/01655515231202757,https://doi.org/10.1177/01655515231202757,Include for full text,Forecasting / simulation,Retrieved,Complete report retrieved and assessed during documented recovery audit,Retrieved,Include,Retain as Direct fire-specific evidence. The verified complete report contributes eligible fire-specific evidence within the frozen review scope.,Approve,Author approved all simplified full-text decisions on 2026-08-24.,2026-08-24,Include,Author approved full-text eligibility — 2026-08-24,Direct fire-specific evidence,Supports the reported reserve-specific retrospective estimates and interactive workflow; it does not establish transfer to other regions or improved emergency decisions.,Retrieved full report assessed 2026-08-24; minimum coding prepared from the complete report and with no independent author verification of detailed fields claimed.,Eligibility author-approved; detailed coding not independently author-verified; see data/coding_completeness.csv
R25079,Assimilating UAV-Based Observation Data for Wildfire Spread Simulation,"Ge, Mu and Hu, Xiaolin",2026,Proceedings of the 2024 Annual Modeling and Simulation Conference,10.22360/annsim.2024.anss.196,https://doi.org/10.22360/annsim.2024.anss.196,Include for full text,Forecasting / simulation,Retrieved,Complete report retrieved and assessed during documented recovery audit,Retrieved,Include,Retain as Conditional fire-source/perimeter input. The verified complete report contributes eligible fire-specific evidence within the frozen review scope.,Approve,Author approved all simplified full-text decisions on 2026-08-24.,2026-08-24,Include,Author approved full-text eligibility — 2026-08-24,Conditional fire-source/perimeter input,"Supports the reported fire-source, perimeter, detection, or spread task in its stated evaluation setting; it does not validate smoke concentration, health-risk estimation, or an end-to-end response system.",Retrieved full report assessed 2026-08-24; minimum coding prepared from the complete report and with no independent author verification of detailed fields claimed.,Eligibility author-approved; detailed coding not independently author-verified; see data/coding_completeness.csv
R25202,Towards an Efficient Fog-Based Forest Fire Management Architecture,"Boughouas, Mohamed Lamine and Kissoum, Yacine and Mazouzi, Smaine and Boussouf, Walida",2023,Int. J. Organ. Collect. Intell.,10.4018/ijoci.317137,https://doi.org/10.4018/ijoci.317137,Include for full text,Intervention / decision support,Retrieved,Complete report retrieved and assessed during documented recovery audit,Retrieved,Include,Retain as Direct fire-specific evidence. The verified complete report contributes eligible fire-specific evidence within the frozen review scope.,Approve,Author approved all simplified full-text decisions on 2026-08-24.,2026-08-24,Include,Author approved full-text eligibility — 2026-08-24,Direct fire-specific evidence,Supports the reported fog-computing resource comparison and integrated architecture concept; it does not validate the proposed UAV intervention or real incident outcomes.,Retrieved full report assessed 2026-08-24; minimum coding prepared from the complete report and with no independent author verification of detailed fields claimed.,Eligibility author-approved; detailed coding not independently author-verified; see data/coding_completeness.csv
R25263,Discovery and integration of web 2.0 content into geospatial information infrastructures: a use case in wild fire monitoring,"N\'u\~nez-Red\'o, Manuela; D\'iaz, Laura; Gil, Jos\'e; Gonz\'alez, David; Huerta, Joaqu\'in",2011,"Proceedings of the IFIP WG 8.4/8.9 International Cross Domain Conference on Availability, Reliability and Security for Business, Enterprise and Health Information Systems",,,Include for full text,Source localisation / perimeter tracking,Retrieved,Complete report retrieved and assessed during documented recovery audit,Retrieved,Include,Retain as Direct fire-specific evidence. The verified complete report contributes eligible fire-specific evidence within the frozen review scope.,Approve,Author approved all simplified full-text decisions on 2026-08-24.,2026-08-24,Include,Author approved full-text eligibility — 2026-08-24,Direct fire-specific evidence,Supports the technical feasibility of federated citizen-content discovery in the demonstration; it does not validate content reliability or emergency outcomes.,Retrieved full report assessed 2026-08-24; minimum coding prepared from the complete report and with no independent author verification of detailed fields claimed.,Eligibility author-approved; detailed coding not independently author-verified; see data/coding_completeness.csv
R25507,A knowledge-driven service composition framework for wildfire prediction,"Taktak, Hela; Boukadi, Khouloud; Zouari, Firas; Ghedira Gu\'egan, Chirine; Mrissa, Michael; Gargouri, Faiez",2023,Cluster Computing,10.1007/s10586-023-03997-w,https://doi.org/10.1007/s10586-023-03997-w,Include for full text,Intervention planning / decision support,Retrieved,Complete report retrieved and assessed during documented recovery audit,Retrieved,Include,Retain as Direct fire-specific evidence. The verified complete report contributes eligible fire-specific evidence within the frozen review scope.,Approve,Author approved all simplified full-text decisions on 2026-08-24.,2026-08-24,Include,Author approved full-text eligibility — 2026-08-24,Direct fire-specific evidence,Supports the reported prototype service-selection and within-experiment classifier results; it does not establish operational forecast or decision benefit.,Retrieved full report assessed 2026-08-24; minimum coding prepared from the complete report and with no independent author verification of detailed fields claimed.,Eligibility author-approved; detailed coding not independently author-verified; see data/coding_completeness.csv
R25674,Social Data Assimilation of Human Sensor Networks for Wildfires,"Lever, Jake; Arcucci, Rossella; Cai, Jaiying",2022,Proceedings of the 15th International Conference on PErvasive Technologies Related to Assistive Environments,10.1145/3529190.3534735,https://doi.org/10.1145/3529190.3534735,Include for full text,Source localisation / perimeter tracking,Retrieved,Complete report retrieved and assessed during documented recovery audit,Retrieved,Include,Retain as Direct fire-specific evidence. The verified complete report contributes eligible fire-specific evidence within the frozen review scope.,Approve,Author approved all simplified full-text decisions on 2026-08-24.,2026-08-24,Include,Author approved full-text eligibility — 2026-08-24,Direct fire-specific evidence,"Supports retrospective social-signal and assimilation comparisons; it does not validate operational alerts, public-health action, or response outcomes.",Retrieved full report assessed 2026-08-24; minimum coding prepared from the complete report and with no independent author verification of detailed fields claimed.,Eligibility author-approved; detailed coding not independently author-verified; see data/coding_completeness.csv
R25972,Short communication: Forest Fires Mapping and Monitoring of current and past forest fire activity from Meteosat Second Generation Data,"Carvalheiro, L. C.; Bernardo, S. O.; Orgaz, M. D. M.; Yamazaki, Y.",2010,Environ. Model. Softw.,10.1016/j.envsoft.2010.06.003,https://doi.org/10.1016/j.envsoft.2010.06.003,Include for full text,Source localisation / perimeter tracking,Retrieved,Complete report retrieved and assessed during documented recovery audit,Retrieved,Include,Retain as Conditional fire-source/perimeter input. The verified complete report contributes eligible fire-specific evidence within the frozen review scope.,Approve,Author approved all simplified full-text decisions on 2026-08-24.,2026-08-24,Include,Author approved full-text eligibility — 2026-08-24,Conditional fire-source/perimeter input,Supports operational availability of the FOMA satellite mapping service and illustrated confirmed detections; it does not independently validate the detection algorithm or smoke exposure.,Retrieved full report assessed 2026-08-24; minimum coding prepared from the complete report and with no independent author verification of detailed fields claimed.,Eligibility author-approved; detailed coding not independently author-verified; see data/coding_completeness.csv
R25976,FireWatch: g.i.s.-assisted wireless sensor networks for forest fires,"Andreou, Panayiotis G.; Constantinou, George; Zeinalipour-Yazti, Demetrios; Samaras, George",2012,Proceedings of the 24th International Conference on Scientific and Statistical Database Management,10.1007/978-3-642-31235-9_46,https://doi.org/10.1007/978-3-642-31235-9_46,Include for full text,Source localisation / perimeter tracking,Retrieved,Complete report retrieved and assessed during documented recovery audit,Retrieved,Include,Retain as Direct fire-specific evidence. The verified complete report contributes eligible fire-specific evidence within the frozen review scope.,Approve,Author approved all simplified full-text decisions on 2026-08-24.,2026-08-24,Include,Author approved full-text eligibility — 2026-08-24,Direct fire-specific evidence,Supports the FireWatch prototype design and integration concept; it does not establish field detection or collaborative-response effectiveness.,Retrieved full report assessed 2026-08-24; minimum coding prepared from the complete report and with no independent author verification of detailed fields claimed.,Eligibility author-approved; detailed coding not independently author-verified; see data/coding_completeness.csv
R26201,Autonomous Decisional High-level Planning for UAVs-based Forest-fire Localization,"Belbachir, Assia; Escareno, Juan-Antonio",2016,"Proceedings of the 13th International Conference on Informatics in Control, Automation and Robotics",10.5220/0005972501530159,https://doi.org/10.5220/0005972501530159,Include for full text,Source localisation / perimeter tracking,Retrieved,Complete report retrieved and assessed during documented recovery audit,Retrieved,Include,Retain as Conditional fire-source/perimeter input. The verified complete report contributes eligible fire-specific evidence within the frozen review scope.,Approve,Author approved all simplified full-text decisions on 2026-08-24.,2026-08-24,Include,Author approved full-text eligibility — 2026-08-24,Conditional fire-source/perimeter input,"Supports the reported fire-source, perimeter, detection, or spread task in its stated evaluation setting; it does not validate smoke concentration, health-risk estimation, or an end-to-end response system.",Retrieved full report assessed 2026-08-24; minimum coding prepared from the complete report and with no independent author verification of detailed fields claimed.,Eligibility author-approved; detailed coding not independently author-verified; see data/coding_completeness.csv
R26204,Research of Yunnan Satellite Forest Fire Monitoring Hotspot Classification Early Warning Model,"Deng, Zhongjian",2015,Proceedings of the 2015 International Conference on Network and Information Systems for Computers (ICNISC),,,Include for full text,Source localisation / perimeter tracking,Not retrieved — inaccessible after documented attempts,No complete report accessible after Zotero-assisted and manual access attempts,Not retrieved,Not retrieved,Report not retrieved after documented access attempts; eligibility remains unknown and no findings are inferred.,Approve,Author approved all simplified full-text decisions on 2026-08-24.,2026-08-24,Not retrieved — inaccessible after documented attempts,Author approved retrieval outcome — 2026-08-24,"Primary candidate — direct fire-specific operational, plume, source/perimeter, exposure/action, or decision-interface evidence; full text required",No substantive claim because the complete report was unavailable.,Retrieval-only audit; no report-level coding or findings inferred,Not applicable — report unavailable
R26206,A web based DSS for the management of floods and wildfires (FLIRE) in urban and periurban areas,"Kochilakis, Giorgos; Poursanidis, Dimitris; Chrysoulakis, Nektarios; Varella, Vassiliki; Kotroni, Vassiliki; Eftychidis, Giorgos; Lagouvardos, Kostas; Papathanasiou, Chrysoula; Karavokyros, George; Aivazoglou, Maria; Makropoulos, Christos; Mimikou, Maria",2016,Environ. Model. Softw.,10.1016/j.envsoft.2016.09.016,https://doi.org/10.1016/j.envsoft.2016.09.016,Include for full text,Intervention planning / decision support,Retrieved,Complete report retrieved and assessed during documented recovery audit,Retrieved,Include,Retain as Direct fire-specific evidence. The verified complete report contributes eligible fire-specific evidence within the frozen review scope.,Approve,Author approved all simplified full-text decisions on 2026-08-24.,2026-08-24,Include,Author approved full-text eligibility — 2026-08-24,Direct fire-specific evidence,Supports an implemented FLIRE pilot/workflow and scenario products; it does not establish improved emergency outcomes.,Retrieved full report assessed 2026-08-24; minimum coding prepared from the complete report and with no independent author verification of detailed fields claimed.,Eligibility author-approved; detailed coding not independently author-verified; see data/coding_completeness.csv
R26391,Uncertainty-Aware Visualization for Analyzing Heterogeneous Wildfire Detections,"Preston, Annie; Gomov, Maksim; Ma, Kwan-Liu",2019,IEEE Comput. Graph. Appl.,10.1109/mcg.2019.2918158,https://doi.org/10.1109/mcg.2019.2918158,Include for full text,Uncertainty communication / decision support,Retrieved,Complete report retrieved and assessed during documented recovery audit,Retrieved,Include,Retain as Direct fire-specific evidence. The verified complete report contributes eligible fire-specific evidence within the frozen review scope.,Approve,Author approved all simplified full-text decisions on 2026-08-24.,2026-08-24,Include,Author approved full-text eligibility — 2026-08-24,Direct fire-specific evidence,Supports a prototype for exposing disagreement and uncertainty among satellite detections; it does not establish improved emergency decisions.,Retrieved full report assessed 2026-08-24; minimum coding prepared from the complete report and with no independent author verification of detailed fields claimed.,Eligibility author-approved; detailed coding not independently author-verified; see data/coding_completeness.csv
R26647,Examining the Relationship between Converged-Network Architecture and Remote Grassfire Alert Transmission Delay in Southeast Colorado,"Wagoner, Mark Paul",2021,Colorado Technical University,,,Include for full text,Source localisation / perimeter tracking,Retrieved,Complete report retrieved and assessed during documented recovery audit,Retrieved,Include,Retain as Direct fire-specific evidence. The verified complete report contributes eligible fire-specific evidence within the frozen review scope.,Approve,Author approved all simplified full-text decisions on 2026-08-24.,2026-08-24,Include,Author approved full-text eligibility — 2026-08-24,Direct fire-specific evidence,"Supports the reported simulated transmission-delay comparison; it does not validate field alert delivery, detection accuracy, or response benefit.",Retrieved full report assessed 2026-08-24; minimum coding prepared from the complete report and with no independent author verification of detailed fields claimed.,Eligibility author-approved; detailed coding not independently author-verified; see data/coding_completeness.csv
R26736,Flying Wing Wildfire Tracking Using Visual Servoing and Gimbal Control,"Nunes, Ant\'onio Peres; Moutinho, Alexandra; Azinheira, Jos\'e Raul",2022,"Pattern Recognition, Computer Vision, and Image Processing. ICPR 2022 International Workshops and Challenges: Montreal, QC, Canada, August 21–25, 2022, Proceedings, Part II",10.1007/978-3-031-37742-6_13,https://doi.org/10.1007/978-3-031-37742-6_13,Include for full text,Source localisation / perimeter tracking,Retrieved,Complete report retrieved and assessed during documented recovery audit,Retrieved,Include,Retain as Conditional fire-source/perimeter input. The verified complete report contributes eligible fire-specific evidence within the frozen review scope.,Approve,Author approved all simplified full-text decisions on 2026-08-24.,2026-08-24,Include,Author approved full-text eligibility — 2026-08-24,Conditional fire-source/perimeter input,"Supports the reported fire-source, perimeter, detection, or spread task in its stated evaluation setting; it does not validate smoke concentration, health-risk estimation, or an end-to-end response system.",Retrieved full report assessed 2026-08-24; minimum coding prepared from the complete report and with no independent author verification of detailed fields claimed.,Eligibility author-approved; detailed coding not independently author-verified; see data/coding_completeness.csv
R26846,Creating a Safety Assurance Case for a Machine Learned Satellite-Based Wildfire Detection and Alert System,"Hawkins, Richard; Picardi, Chiara; Donnell, Lucy; Ireland, Murray",2023,J. Intell. Robotics Syst.,10.1007/s10846-023-01905-3,https://doi.org/10.1007/s10846-023-01905-3,Include for full text,Intervention planning / decision support,Retrieved,Complete report retrieved and assessed during documented recovery audit,Retrieved,Include,Retain as Direct fire-specific evidence. The verified complete report contributes eligible fire-specific evidence within the frozen review scope.,Approve,Author approved all simplified full-text decisions on 2026-08-24.,2026-08-24,Include,Author approved full-text eligibility — 2026-08-24,Direct fire-specific evidence,Supports the reported predeployment assurance case and measured test performance; it does not establish operational alert safety or real-world response outcomes.,Retrieved full report assessed 2026-08-24; minimum coding prepared from the complete report and with no independent author verification of detailed fields claimed.,Eligibility author-approved; detailed coding not independently author-verified; see data/coding_completeness.csv
