Record_ID,Title,Authors,Year,Venue,DOI,Fire_Type,Fire_Specificity,Task_Taxonomy,Platform,Sensor_or_Data,Method_or_Model,Evidence_Setting,Field_vs_Simulation,Evaluation_Design,Metrics,Uncertainty_Treatment,Deployment_Maturity_Register_Value,Claim_Boundary,Evidence_Role_Parent,Evidence_Role_Register,Charting_Basis,Eligibility_Author_Verification,AI_Minimum_Coding_Confidence,Detailed_Coding_Status,DOI_URL
R00166,"A comprehensive review on post-wildfire impacts in California: environmental exposure, health risks, and resilience strategies.","Hossain, Mosharef; Talukder, Tasnia Tasnim",2025,Journal of Environmental Science and Health - Part A Toxic/Hazardous Substances and Environmental Engineering,10.1080/10934529.2025.2604445,Wildfire/wildland/forest fire,Fire-specific evidence synthesis,Evidence synthesis; Exposure / health-risk estimation; Intervention / decision support; Governance / equity,Multiple monitoring and response approaches reviewed,"Empirical studies from Scopus, Web of Science, and PubMed; 2007-2024",PRISMA-guided systematic review,Review/evidence synthesis,Review/synthesis,Systematic synthesis of 47 peer-reviewed studies,"Narrative synthesis of environmental exposures, health risks, resilience, and equity",Study limitations and research gaps discussed; no pooled uncertainty model,N/A,"Supports California-specific scope, health, resilience, equity, and monitoring-context statements; it is not independent evidence that any autonomous system is operationally effective.",Evidence synthesis or guidance,Fire-specific evidence synthesis,Full report text extracted and AI-assisted detailed charting proposal; no independent author verification of detailed fields claimed,Author verified — approved 23 Aug 2026,High,Minimum corpus coding reviewed; detailed source-specific fields may remain unreported,https://doi.org/10.1080/10934529.2025.2604445
R00168,"A comprehensive survey of research towards AI-enabled unmanned aerial systems in pre-, active-, and post-wildfire management",Sayed Pedram Haeri Boroujeni; Abolfazl Razi; Sahand Khoshdel; Fatemeh Afghah; J. Coen; Leo ONeill; P. Fulé; Adam C. Watts; Nick-Marios T. Kokolakis; K. Vamvoudakis,2024,Information Fusion,10.1016/j.inffus.2024.102369,Wildfire,Fire-specific evidence synthesis,Evidence synthesis; Intervention / decision planning,UAV / drone,Not recorded,Evidence synthesis,Review / evidence synthesis,Not fully coded / not reported,Not fully coded / not reported,Not fully coded / not reported,Not fully coded / not reported,N/A,Used for scope comparison or evidence synthesis; it cannot substitute for primary comparative or deployment evidence.,Evidence synthesis or guidance,Fire-specific evidence synthesis,AI-assisted extraction from validated full-report text; existing nonblank charting preserved; no independent author verification of detailed fields claimed,Author verified — approved 23 Aug 2026,High,Minimum corpus coding reviewed; detailed source-specific fields may remain unreported,https://doi.org/10.1016/j.inffus.2024.102369
R00177,A Control-Theoretic Spatio-Temporal Model for Wildfire Smoke Propagation Using UAV-Based Air Pollutant Measurements,Prabhash Ragbir; A. Kaduwela; Xiaodong Lan; Adam C. Watts; Zhaodan Kong,2024,Drones,10.3390/drones8050169,Prescribed fire; Wildfire/wildland/forest fire,Direct fire-specific evidence,Forecasting / simulation; Concentration mapping / monitoring,UAV/drone,Not fully coded / not reported,Subspace-identification spatiotemporal smoke-plume dynamics model,Two prescribed-burn UAV field experiments with model evaluation,Field measurements plus retrospective modelling,Model predictions evaluated against measured UAV CO2 concentrations at held-out/random locations across two prescribed-burn experiments,Bias/error,Not fully coded / not reported,2,"Supports the stated sensing or measurement task only; operational readiness depends on setting, validation, and deployment maturity.",Direct fire-specific evidence,Direct fire-specific evidence,AI-assisted extraction from validated full-report text; existing nonblank charting preserved; no independent author verification of detailed fields claimed,Author verified — approved 23 Aug 2026,High,Minimum corpus coding reviewed; detailed source-specific fields may remain unreported,https://doi.org/10.3390/drones8050169
R00181,A COUPLED FOREST FIRE EMISSION AND ATMOSPHERIC DISPERSION MODEL: An Application to the Savannah River Site (SRS),P. Georgopoulos,2001,,,Prescribed fire; Wildfire/wildland/forest fire,Direct fire-specific evidence,Forecasting / simulation; Emissions / source-term estimation,Not fully coded / not reported,Not fully coded / not reported,Chemical transport/dispersion model; Epidemiological/health-impact model,Not fully coded / not reported,Not fully coded / not reported,Controlled field/laboratory comparison,Not fully coded / not reported,Not fully coded / not reported,2,"Supports only the fire-specific task and evaluation setting described in the report; it does not by itself establish operational readiness, universal superiority, or cross-incident generalisation.",Direct fire-specific evidence,Direct fire-specific evidence,AI-assisted extraction from validated full-report text; existing nonblank charting preserved; no independent author verification of detailed fields claimed,Author verified — approved 23 Aug 2026,High,Minimum corpus coding reviewed; detailed source-specific fields may remain unreported,
R00182,A Coupled Wildfire-Emission and Dispersion Framework for Probabilistic PM2.5 Estimation,D. Melecio-Vázquez; C. Lautenberger; Ho-Chun Hsieh; Mike F. Amodeo; J. Porter; B. Wilson; Mariah Pope; Evelyn G. Shu; Valentin Waeselynck; E. Kearns,2023,Fire,10.3390/fire6060220,Wildfire/wildland/forest fire,Direct fire-specific evidence,Forecasting / simulation; Concentration mapping / monitoring; Emissions / source-term estimation,Simulation/model only,PM2.5/particulate monitors,Chemical transport/dispersion model,Simulation/computational experiment,Simulation/computational,Not fully coded / not reported,Not fully coded / not reported,Random-subsampling uncertainty quantified through sampling variance and empirical convergence; residual uncertainty depends on fire-emission and smoke-transport assumptions,1,Supports the reported model/simulation task and validation setting; does not by itself establish real-time deployment or superior performance across incidents.,Direct fire-specific evidence,Direct fire-specific evidence,AI-assisted extraction from validated full-report text; existing nonblank charting preserved; no independent author verification of detailed fields claimed,Author verified — approved 23 Aug 2026,High,Minimum corpus coding reviewed; detailed source-specific fields may remain unreported,https://doi.org/10.3390/fire6060220
R00195,A data - Model fusion methodology for mapping bushfire fuels for smoke emissions forecasting in forested landscapes of south-eastern Australia.,"Volkova, Liubov; Meyer, C P Mick; Haverd, Vanessa; Weston, Christopher J",2018,Journal of environmental management,10.1016/j.jenvman.2018.05.060,Not fully coded / not reported,Direct fire-specific evidence,Forecasting / simulation; Concentration mapping / monitoring; Emissions / source-term estimation,Not fully coded / not reported,Not fully coded / not reported,Not fully coded / not reported,Not fully coded / not reported,Not fully coded / not reported,Not fully coded / not reported,Not fully coded / not reported,Not fully coded / not reported,Not fully coded / not reported,Supports the reported model or simulation task and validation setting; it does not establish universal superiority or real-time deployment.,Direct fire-specific evidence,Direct fire-specific evidence,"Full report was previously assessed, but report text is unavailable in the current archive; detailed charting remains incomplete",Author verified — approved 23 Aug 2026,Medium,Minimum corpus coding reviewed; detailed source-specific fields may remain unreported,https://doi.org/10.1016/j.jenvman.2018.05.060
R00200,A Decentralized Importance-based Multi-UAV Path Planning Algorithm for Wildfire Monitoring,Towhidul Islam; Xiaolin Hu,2023,"IEEE International Conference on Systems, Man and Cybernetics",10.1109/smc53992.2023.10394301,Wildfire,Fire-specific interface/source-state evidence,Source-state monitoring; multi-UAV path planning,Multi-UAV,Simulated wildfire importance/spread map,Decentralized importance-based path planning,Simulation / computational experiment,Simulation only,Multi-scenario simulation under varying UAV counts and wind conditions,Importance-weighted monitoring/path-planning performance as reported,Uneven propagation and wind scenarios; no probabilistic uncertainty quantification,1,"Supports simulated source-state monitoring and decentralised path planning; does not establish plume concentration, health, or field-deployment performance.",Fire-specific interface or background evidence,Conditional fire-source/perimeter input,Retrieved full report assessed 24 Aug 2026; minimum coding prepared from report text and with no independent author verification of detailed fields claimed.,Author approved eligibility decision — 2026-08-24,Medium,Minimum corpus coding prepared; detailed source-specific fields may remain unreported,https://doi.org/10.1109/smc53992.2023.10394301
R00216,A Distributed Control Framework of Multiple Unmanned Aerial Vehicles for Dynamic Wildfire Tracking,H. Pham; H. La; David Feil-Seifer; M. Deans,2018,"IEEE Transactions on Systems, Man & Cybernetics. Systems",10.1109/tsmc.2018.2815988,Wildfire/wildland/forest fire,Fire-specific interface evidence,Source localisation / boundary tracking,UAV/drone,Not fully coded / not reported,Distributed multi-UAV wildfire-coverage and tracking control framework,MATLAB wildfire-tracking simulation,Simulation only,"Multi-UAV simulation of coverage, collision avoidance and tracking of a spreading wildfire",Not fully coded / not reported,Not fully coded / not reported,1,Supplies a possible source/perimeter input; it is not direct evidence of pollutant concentration mapping or health protection.,Fire-specific interface or background evidence,Conditional fire-source/perimeter input,AI-assisted extraction from validated full-report text; existing nonblank charting preserved; no independent author verification of detailed fields claimed,Author verified — approved 23 Aug 2026,High,Minimum corpus coding reviewed; detailed source-specific fields may remain unreported,https://doi.org/10.1109/tsmc.2018.2815988
R00217,A Distributed Deep Learning Approach for A Team of Unmanned Aerial Vehicles for Wildfire Tracking and Coverage,Kripash Shrestha; Hung M. La; Hyung-Jin Yoon,2022,International Conference on Robotic Computing,10.1109/irc55401.2022.00061,Wildfire,Fire-specific interface/source-state evidence,Source localisation / boundary tracking; coverage,Multi-UAV,Simulated wildfire state,DQN with autoencoder state estimator,Simulation / computational experiment,Simulation only,"Comparison with Q-learning, replay and DQN baselines",Reward maximisation and convergence,Not explicitly quantified,1,Supports simulated UAV coverage of a changing fire state; no smoke concentration or operational deployment evidence.,Fire-specific interface or background evidence,Conditional fire-source/perimeter input,Retrieved full report assessed 24 Aug 2026; minimum coding prepared from report text and with no independent author verification of detailed fields claimed.,Author approved eligibility decision — 2026-08-24,Medium,Minimum corpus coding prepared; detailed source-specific fields may remain unreported,https://doi.org/10.1109/irc55401.2022.00061
R00331,A low-cost particulate matter (PM 2.5 ) monitor for wildland fire smoke,Scott Kelleher; C. Quinn; Daniel Miller-Lionberg; J. Volckens,2018,Atmospheric Measurement Techniques,10.5194/amt-11-1087-2018,Prescribed fire; Wildfire/wildland/forest fire,Direct fire-specific evidence,Concentration mapping / monitoring,Fixed ground monitoring,PM2.5/particulate monitors; Gas sensors/measurements,Low-cost optical/filter PM2.5 monitor development and validation,Controlled laboratory validation plus field pilot,Controlled experiment and field deployment,Reference/laboratory comparison followed by a 13-unit field deployment downwind of a prescribed fire,Not fully coded / not reported,"Monte Carlo sizing analysis plus observed sensor temperature dependence, drift, imprecision and high-concentration power/filter limitations",3,"Supports the stated sensing or measurement task only; operational readiness depends on setting, validation, and deployment maturity.",Direct fire-specific evidence,Direct fire-specific evidence,AI-assisted extraction from validated full-report text; existing nonblank charting preserved; no independent author verification of detailed fields claimed,Author verified — approved 23 Aug 2026,High,Minimum corpus coding reviewed; detailed source-specific fields may remain unreported,https://doi.org/10.5194/amt-11-1087-2018
R00357,A model for rapid PM2.5 exposure estimates in wildfire conditions using routinely available data: rapidfire v0.1.3.,"Raffuse, Sean; O'Neill, Susan; Schmidt, Rebecca",2024,Geoscientific model development,10.5194/gmd-17-381-2024,Wildfire/wildland/forest fire,Direct fire-specific evidence,Exposure / health-risk estimation; Forecasting / simulation; Concentration mapping / monitoring,Not fully coded / not reported,PM2.5/particulate monitors,Rapid retrospective wildfire-PM2.5 exposure-estimation model using routinely available data,Retrospective California wildfire-event evaluation,Observed monitoring data plus offline modelling,Wildfire-event estimates compared with independent filter-based PM2.5 measurements,Not fully coded / not reported,Not fully coded / not reported,2,"Operational relevance is supported by the retrieved report, but task coding is retained conservatively and is not claimed as independently author-verified.",Direct fire-specific evidence,Direct fire-specific evidence,AI-assisted extraction from validated full-report text; existing nonblank charting preserved; no independent author verification of detailed fields claimed,Author verified — approved 23 Aug 2026,Medium,Minimum corpus coding reviewed; detailed source-specific fields may remain unreported,https://doi.org/10.5194/gmd-17-381-2024
R00360,A modeling approach for aerosol optical depth analysis during forest fire events,Aubé M.; O'Neill N.T.; Royer A.; Lavoué D.,2004,Proceedings of SPIE - The International Society for Optical Engineering,10.1117/12.558715,Forest fire smoke,Direct fire-specific evidence,Concentration mapping / monitoring; forecasting / simulation,Satellite and ground remote sensing,AERONET AOD; MODIS AOD; meteorological and emission inputs,AODSEM semi-Lagrangian transport model with data assimilation,Retrospective smoke-event computational evaluation,Field observations plus modelling,July 2002 eastern North America smoke-event case study,AOD agreement and spatial/temporal reconstruction performance,"Discusses sparse observations, cloud/orbit gaps and emission-inventory error",2,Supports AOD assimilation and smoke-event mapping under the evaluated event; does not establish general real-time operational performance.,Direct fire-specific evidence,Direct fire-specific evidence,Retrieved full report assessed 24 Aug 2026; minimum coding prepared from report text and with no independent author verification of detailed fields claimed.,Author approved eligibility decision — 2026-08-24,High,Minimum corpus coding prepared; detailed source-specific fields may remain unreported,https://doi.org/10.1117/12.558715
R00391,A national crowdsourced network of low-cost fine particulate matter and aerosol optical depth monitors: Results from the 2021 wildfire season in the United States,Eric A. Wendt; B. Ford; M. Cheeseman; Zoey Rosen; Jeffrey R Pierce; S. Jathar; C. L'orange; C. Quinn; M. Long; J. Mehaffy; Daniel Miller-Lionberg; D. Hagan; J. Volckens,2023,Environmental Science: Atmospheres,10.1039/d3ea00086a,Wildfire smoke,Direct fire-specific evidence,Concentration mapping / monitoring; exposure-supporting observation,Crowdsourced fixed-site network,"AMODv2 PM2.5, filter and multi-wavelength AOD",Paired ground PM2.5-AOD monitoring,National field pilot during the 2021 wildfire season,Field deployment,31-site crowdsourced deployment with reference-monitor comparisons,Valid-sample rate; AOD mean absolute error; PM2.5:AOD ratios,"Instrument failures, operator intervention, spatial coverage and vertical smoke distribution",3,Supports feasibility and limitations of paired low-cost PM2.5/AOD field monitoring; not a validated incident-response network.,Direct fire-specific evidence,Direct fire-specific evidence,Retrieved full report assessed 24 Aug 2026; minimum coding prepared from report text and with no independent author verification of detailed fields claimed.,Author approved eligibility decision — 2026-08-24,High,Minimum corpus coding prepared; detailed source-specific fields may remain unreported,https://doi.org/10.1039/d3ea00086a
R00415,A new predictive framework for Amazon forest fire smoke dispersion over South America,Vara-Vela A.L.; Herdies D.L.; Alvim D.S.; Vendrasco É.P.; Figueroa S.N.; Pendharkar J.; Fernandez J.P.R.,2021,Bulletin of The American Meteorological Society - (BAMS),10.1175/bams-d-21-0018.1,Not fully coded / not reported,Direct fire-specific evidence,Forecasting / simulation,Not fully coded / not reported,Not fully coded / not reported,Not fully coded / not reported,Not fully coded / not reported,Not fully coded / not reported,Not fully coded / not reported,Not fully coded / not reported,Not fully coded / not reported,Not fully coded / not reported,Supports the reported model/simulation task and validation setting; does not by itself establish real-time deployment or superior performance across incidents.,Direct fire-specific evidence,Direct fire-specific evidence,"Full report was previously assessed, but report text is unavailable in the current archive; detailed charting remains incomplete",Author verified — approved 23 Aug 2026,Medium,Minimum corpus coding reviewed; detailed source-specific fields may remain unreported,https://doi.org/10.1175/bams-d-21-0018.1
R00420,A newly developed Lagrangian chemical transport scheme: Part 1. Simulation of a boreal forest fire plume.,"Liu, Yayong; Huang, Yufei; Liggio, John; Hayden, Katherine; Mihele, Cris; Wentzell, Jeremy; Wheeler, Michael; Leithead, Amy; Moussa, Samar; Xie, Conghui; Yang, Yanrong; Zhang, Yuheng; Han, Tianran; Li, Shao-Meng",2023,The Science of the total environment,10.1016/j.scitotenv.2023.163232,Boreal forest fire plume,Direct fire-specific evidence,Plume transport and chemical forecasting,Airborne observations plus model,Aircraft in-situ species measurements and meteorology,FAST-MCM 3-D Lagrangian chemical transport model,Retrospective plume-model evaluation,Field observations plus modelling,Model-measurement comparison along boreal fire plumes,"Agreement for NOx, O3, HONO, HNO3, particulate nitrate and VOC concentrations",Model simplifications and plume-process variability discussed; no operational calibration claim,2,Supports retrospective chemical evolution modelling for sampled boreal plumes; not general operational smoke forecasting.,Direct fire-specific evidence,Direct fire-specific evidence,Retrieved full report assessed 24 Aug 2026; minimum coding prepared from report text and with no independent author verification of detailed fields claimed.,Author approved eligibility decision — 2026-08-24,High,Minimum corpus coding prepared; detailed source-specific fields may remain unreported,https://doi.org/10.1016/j.scitotenv.2023.163232
R00431,A novel fixed-time control scheme for multi-UAV wildfire tracking with dynamic reconfiguration and fault tolerance,Joewell T. Mawanza; Musa Manganda; Owoicho E. Ijiga,2025,Systems Science & Control Engineering,10.1080/21642583.2025.2587840,Wildfire,Fire-specific interface/source-state evidence,Source-state tracking; fault-tolerant multi-UAV control,Multi-UAV,Simulated fire-boundary/state observations,Fixed-time nonlinear control with dynamic reconfiguration and fault tolerance,Simulation / computational experiment,Simulation only,Tracking simulations with actuator/sensor failures and changing formations,"Tracking error, convergence and fault-reconfiguration performance",Failure scenarios evaluated; plume and sensing uncertainty not quantified,1,Supports simulated resilient UAV tracking of a fire state; no ambient-pollution or field-deployment validation.,Fire-specific interface or background evidence,Conditional fire-source/perimeter input,Retrieved full report assessed 24 Aug 2026; minimum coding prepared from report text and with no independent author verification of detailed fields claimed.,Author approved eligibility decision — 2026-08-24,Medium,Minimum corpus coding prepared; detailed source-specific fields may remain unreported,https://doi.org/10.1080/21642583.2025.2587840
R00432,A novel framework for assessing regional wildfires contributions to biomass burning aerosol optical depth,M. Broda; O. Zawadzka‐Manko; K. Markowicz; Peng Xian; E. Hyer,2025,Atmospheric Chemistry and Physics,10.5194/acp-25-14015-2025,Wildfire/wildland/forest fire,Direct fire-specific evidence,Concentration mapping / monitoring,Satellite/remote sensing,Not fully coded / not reported,Chemical transport/dispersion model; Remote-sensing retrieval/inversion,Retrospective observational or computational evaluation,Field data/retrospective,Not fully coded / not reported,Not fully coded / not reported,Not fully coded / not reported,2,"Supports the stated sensing or measurement task only; operational readiness depends on setting, validation, and deployment maturity.",Direct fire-specific evidence,Direct fire-specific evidence,AI-assisted extraction from validated full-report text; existing nonblank charting preserved; no independent author verification of detailed fields claimed,Author verified — approved 23 Aug 2026,High,Minimum corpus coding reviewed; detailed source-specific fields may remain unreported,https://doi.org/10.5194/acp-25-14015-2025
R00484,A Regression Model for Smoke Plume Rise of Prescribed Fires Using Meteorological Conditions,Yongqiang Liu,2014,Journal of Applied Meteorology and Climatology,10.1175/jamc-d-13-0114.1,Prescribed fire,Fire-specific,Forecasting / simulation,Fixed ground monitoring plus numerical weather model,"Vaisala CL31 ceilometer (2 s, 20 m vertical resolution), RAWS meteorology, WRF PBL estimates",Multiple regression model (RxPrise) with alternative reduced-input variants,"Twenty prescribed burns at four southeastern U.S. sites, 2009–2011",Field observations plus modeled meteorology,"Confidence analysis, categorical cross-validation, and comparison with FEPS/Briggs-type empirical approaches","ME, RMSE, R²/adjusted R², F and p values, categorical prediction skill; RxPrise cross-validation skill 67%",Regression significance and cross-validation; burn-property and meteorological uncertainty discussed,2,Supports prescribed-fire plume-rise estimation under the sampled southeastern U.S. conditions; it does not establish wildfire generalization or operational end-to-end deployment.,Direct fire-specific evidence,Direct fire-specific evidence,Full report text extracted and AI-assisted detailed charting proposal; no independent author verification of detailed fields claimed,Author verified — approved 23 Aug 2026,High,Minimum corpus coding reviewed; detailed source-specific fields may remain unreported,https://doi.org/10.1175/jamc-d-13-0114.1
R00485,A Reinforcement Learning Approach for Wildfire Tracking With UAV Swarms,Carles Díaz-Vilor; A. Lozano; Hamid Jafarkhani,2024,IEEE Transactions on Wireless Communications,10.1109/twc.2024.3524324,Wildfire,Fire-specific interface evidence,Source localisation / boundary tracking,UAV swarm,Simulated wildfire observations and communication links,Twin-delayed DDPG trajectory optimisation,Simulation / computational experiment,Conceptual,"Dynamic multi-UAV simulation with connectivity, collision, altitude, and battery constraints",Wildfire tracking/coverage and connectivity objectives,No field UQ captured,1,Supplies a possible source/perimeter input; it is not direct evidence of pollutant concentration mapping or health protection.,Fire-specific interface or background evidence,Conditional fire-source/perimeter input,AI-assisted extraction from validated full-report text; existing nonblank charting preserved; no independent author verification of detailed fields claimed,Author verified — approved 23 Aug 2026,High,Minimum corpus coding reviewed; detailed source-specific fields may remain unreported,https://doi.org/10.1109/twc.2024.3524324
R00494,A review of approaches to estimate wildfire plume injection height within large-scale atmospheric chemical transport models,R. Paugam; M. Wooster; S. Freitas; Maria Val Martin,2015,Atmospheric Chemistry and Physics,10.5194/acp-16-907-2016,Wildfire/wildland/forest fire,Fire-specific evidence synthesis,Evidence synthesis; Forecasting / simulation,Not fully coded / not reported,Not fully coded / not reported,Chemical transport/dispersion model,Review/evidence synthesis,Review/synthesis,Not fully coded / not reported,Not fully coded / not reported,Not fully coded / not reported,N/A,Used for scope comparison or evidence synthesis; primary-study claims are checked against underlying evidence where material.,Evidence synthesis or guidance,Fire-specific evidence synthesis,AI-assisted extraction from validated full-report text; existing nonblank charting preserved; no independent author verification of detailed fields claimed,Author verified — approved 23 Aug 2026,High,Minimum corpus coding reviewed; detailed source-specific fields may remain unreported,https://doi.org/10.5194/acp-16-907-2016
R00499,A Review of Community Smoke Exposure from Wildfire Compared to Prescribed Fire in the United States,Kathleen M Navarro; Donald W. Schweizer; J. Balmes; Ricardo Cisneros,2018,Atmosphere,10.3390/atmos9050185,Prescribed fire; Wildfire/wildland/forest fire,Fire-specific evidence synthesis,Evidence synthesis; Exposure / health-risk estimation,Not fully coded / not reported,PM2.5/particulate monitors,Epidemiological/health-impact model,Review/evidence synthesis,Review/synthesis,Not fully coded / not reported,Not fully coded / not reported,Not fully coded / not reported,N/A,Used for scope comparison or evidence synthesis; primary-study claims are checked against underlying evidence where material.,Evidence synthesis or guidance,Fire-specific evidence synthesis,AI-assisted extraction from validated full-report text; existing nonblank charting preserved; no independent author verification of detailed fields claimed,Author verified — approved 23 Aug 2026,High,Minimum corpus coding reviewed; detailed source-specific fields may remain unreported,https://doi.org/10.3390/atmos9050185
R00540,A review on early wildfire detection from unmanned aerial vehicles using deep learning-based computer vision algorithms,Abdelmalek Bouguettaya; Hafed Zarzour; Amine Mohammed Taberkit; A. Kechida,2021,Signal Processing,10.1016/j.sigpro.2021.108309,Wildfire / forest fire,Direct fire-specific review; underlying evidence is largely image-dataset and prototype based,Early detection; smoke/flame recognition; review / positioning,Unmanned aerial vehicles,"RGB, video and thermal imagery; published wildfire image datasets","Narrative technical review of image classification, object detection and semantic segmentation using deep learning",Published UAV and wildfire image studies,Secondary synthesis; underlying studies are predominantly offline datasets and prototypes,Cross-paper tabulation of reported detection and processing metrics,"Accuracy, precision, recall, F1, mAP, frames per second and inference time as reported by source studies",No formal evidence-strength or predictive-uncertainty synthesis,N/A,"Useful for positioning and identifying fire-detection design constraints. It does not establish that one model family is generally superior, that UAV detection is operationally robust, or that detection alone supports plume or health response.",Evidence synthesis or guidance,Closest-review positioning and fire-specific detection synthesis,"Complete report assessed 22 Aug 2026; Synthesises UAV-based deep-learning methods for early wildfire flame and smoke detection, including accuracy-speed and onboard-compute trade-offs.",Author verified — approved 23 Aug 2026,High,Minimum corpus coding reviewed; detailed source-specific fields may remain unreported,https://doi.org/10.1016/j.sigpro.2021.108309
R00556,"A scoping review of wildfire smoke risk communications: issues, gaps, and recommendations.","Vien, Morgan H; Ivey, Susan L; Boyden, Hollynd; Holm, Stephanie; Neuhauser, Linda",2024,BMC public health,10.1186/s12889-024-17681-0,Wildfire/wildland/forest fire,Fire-specific evidence synthesis,Evidence synthesis; Intervention / decision planning,Not fully coded / not reported,Not fully coded / not reported,Systematic/scoping review or meta-analysis,Review/evidence synthesis,Review/synthesis,Systematic/scoping evidence synthesis,Not fully coded / not reported,Not fully coded / not reported,N/A,Used for scope comparison or evidence synthesis; primary-study claims are checked against underlying evidence where material.,Evidence synthesis or guidance,Fire-specific evidence synthesis,AI-assisted extraction from validated full-report text; existing nonblank charting preserved; no independent author verification of detailed fields claimed,Author verified — approved 23 Aug 2026,High,Minimum corpus coding reviewed; detailed source-specific fields may remain unreported,https://doi.org/10.1186/s12889-024-17681-0
R00593,"A State of the Science Review of Wildfire-Specific Fine Particulate Matter Data Sources, Methods, and Models.","Orr, Ava; Adam, Claire E; Graham, Jon; Holden, Zachary A; Hu, Lu; Jaffar, Zeina; Leary, Cindy; Migliaccio, Christopher T; Mullan, Katrina; Noonan, Curtis; Semmens, Erin O; Urbanski, Shawn; Walker, Ethan; Landguth, Erin L",2025,Environmental health perspectives,10.1289/ehp15672,Not fully coded / not reported,Fire-specific evidence synthesis,Evidence synthesis; Forecasting / simulation; Concentration mapping / monitoring,Not fully coded / not reported,Not fully coded / not reported,Not fully coded / not reported,Not fully coded / not reported,Not fully coded / not reported,Not fully coded / not reported,Not fully coded / not reported,Not fully coded / not reported,N/A,Used for scope comparison or evidence synthesis; primary-study claims are checked against underlying evidence where material.,Evidence synthesis or guidance,Fire-specific evidence synthesis,"Full report was previously assessed, but report text is unavailable in the current archive; detailed charting remains incomplete",Author verified — approved 23 Aug 2026,Medium,Minimum corpus coding reviewed; detailed source-specific fields may remain unreported,https://doi.org/10.1289/ehp15672
R00596,A statistical model for determining impact of wildland fires on Particulate Matter (PM₂.₅) in Central California aided by satellite imagery of smoke.,"Preisler, Haiganoush K; Schweizer, Donald; Cisneros, Ricardo; Procter, Trent; Ruminski, Mark; Tarnay, Leland",2015,"Environmental pollution (Barking, Essex : 1987)",10.1016/j.envpol.2015.06.018,Wildland fire smoke,Direct fire-specific evidence,Smoke-impact attribution; PM2.5 estimation,Satellite and ground monitoring,Satellite smoke imagery; surface PM2.5 and meteorology,Statistical PM2.5 impact model,Retrospective observational/model evaluation,Field data/retrospective,Central California smoke-event model evaluation,Model fit and PM2.5 impact estimates,Satellite smoke-detection and attribution limitations discussed,2,Supports retrospective estimation of wildfire-related PM2.5 under the evaluated setting; not autonomous incident response.,Direct fire-specific evidence,Direct fire-specific evidence,Retrieved full report assessed 24 Aug 2026; minimum coding prepared from report text and with no independent author verification of detailed fields claimed.,Author approved eligibility decision — 2026-08-24,High,Minimum corpus coding prepared; detailed source-specific fields may remain unreported,https://doi.org/10.1016/j.envpol.2015.06.018
R00598,A Statistical Model for Multisource Remote-Sensing Data Streams of Wildfire Aerosol Optical Depth,Guan Wei; V. Krishnan; Yu Xie; M. Sengupta; Yingchen Zhang; Haitao Liao; Xiao Liu,2024,INFORMS Journal on Data Science,10.1287/ijds.2021.0058,Wildfire/wildland/forest fire,Direct fire-specific evidence,Forecasting / simulation; Concentration mapping / monitoring,Satellite/remote sensing,Satellite imagery/retrievals,Physics-informed spatiotemporal statistical model integrating multisource AOD streams and advection-diffusion dynamics,Retrospective 2020 California Glass Fire evaluation,Satellite observations plus statistical modelling,Model application and short-term prediction using heterogeneous GOES-16 and GOES-17 AOD data streams from the Glass Fire,Bias/error,Not fully coded / not reported,2,"Supports only the fire-specific task and evaluation setting described in the report; it does not by itself establish operational readiness, universal superiority, or cross-incident generalisation.",Direct fire-specific evidence,Direct fire-specific evidence,AI-assisted extraction from validated full-report text; existing nonblank charting preserved; no independent author verification of detailed fields claimed,Author verified — approved 23 Aug 2026,High,Minimum corpus coding reviewed; detailed source-specific fields may remain unreported,https://doi.org/10.1287/ijds.2021.0058
R00658,A systematic review of human behavioral response to wildfire smoke,Caroline Beckman; Isabela Miñana Lovelace; Francisca N. Santana; Megan Czerwinski; S. Bell; A. P. Fischer,2025,Environmental Research Letters,10.1088/1748-9326/ae20ae,Wildfire/wildland/forest fire,Fire-specific evidence synthesis,Evidence synthesis,Not fully coded / not reported,Not fully coded / not reported,Systematic/scoping review or meta-analysis,Review/evidence synthesis,Review/synthesis,Systematic/scoping evidence synthesis,Not fully coded / not reported,Not fully coded / not reported,N/A,Supports statements about the scope and reported findings of the reviewed literature; it is not independent deployment evidence and cannot establish algorithmic superiority.,Evidence synthesis or guidance,Fire-specific evidence synthesis,AI-assisted extraction from validated full-report text; existing nonblank charting preserved; no independent author verification of detailed fields claimed,Author verified — approved 23 Aug 2026,High,Minimum corpus coding reviewed; detailed source-specific fields may remain unreported,https://doi.org/10.1088/1748-9326/ae20ae
R00662,A systematic review of the health impacts of occupational exposure to wildland fires.,"Groot, Emily; Caturay, Alexa; Khan, Yasmin; Copes, Ray",2019,International journal of occupational medicine and environmental health,10.13075/ijomeh.1896.01326,Wildfire/wildland/forest fire,Fire-specific evidence synthesis,Evidence synthesis; Exposure / health-risk estimation,Not fully coded / not reported,Not fully coded / not reported,Systematic/scoping review or meta-analysis; Epidemiological/health-impact model,Review/evidence synthesis,Review/synthesis,Systematic/scoping evidence synthesis,Not fully coded / not reported,Not fully coded / not reported,N/A,Supports statements about the scope and reported findings of the reviewed literature; it is not independent deployment evidence and cannot establish algorithmic superiority.,Evidence synthesis or guidance,Fire-specific evidence synthesis,AI-assisted extraction from validated full-report text; existing nonblank charting preserved; no independent author verification of detailed fields claimed,Author verified — approved 23 Aug 2026,High,Minimum corpus coding reviewed; detailed source-specific fields may remain unreported,https://doi.org/10.13075/ijomeh.1896.01326
R00664,A systematic review of the physical health impacts from non-occupational exposure to wildfire smoke.,"Liu, Jia C; Pereira, Gavin; Uhl, Sarah A; Bravo, Mercedes A; Bell, Michelle L",2015,Environmental research,10.1016/j.envres.2014.10.015,Not fully coded / not reported,Fire-specific evidence synthesis,Evidence synthesis; Exposure / health-risk estimation,Not fully coded / not reported,Not fully coded / not reported,Not fully coded / not reported,Not fully coded / not reported,Not fully coded / not reported,Not fully coded / not reported,Not fully coded / not reported,Not fully coded / not reported,N/A,Used for scope comparison or evidence synthesis; primary-study claims are checked against underlying evidence where material.,Evidence synthesis or guidance,Fire-specific evidence synthesis,"Full report was previously assessed, but report text is unavailable in the current archive; detailed charting remains incomplete",Author verified — approved 23 Aug 2026,Medium,Minimum corpus coding reviewed; detailed source-specific fields may remain unreported,https://doi.org/10.1016/j.envres.2014.10.015
R00666,A Systematic Review of UAV Structure and Monitoring Models for Forest Fire Detection,Jiajun Hu; Dongxu Lin; Qiushan Liu,2025,Highlights in Science Engineering and Technology,10.54097/tdbyh330,Wildfire/wildland/forest fire,Fire-specific evidence synthesis,Evidence synthesis; Forecasting / simulation; Concentration mapping / monitoring; Detection,UAV/drone,Not fully coded / not reported,Systematic/scoping review or meta-analysis; Deep/neural network,Review/evidence synthesis,Review/synthesis,Systematic/scoping evidence synthesis,Accuracy,Not fully coded / not reported,N/A,Used for scope comparison or evidence synthesis; it cannot substitute for primary comparative or deployment evidence.,Evidence synthesis or guidance,Fire-specific evidence synthesis,AI-assisted extraction from validated full-report text; existing nonblank charting preserved; no independent author verification of detailed fields claimed,Author verified — approved 23 Aug 2026,High,Minimum corpus coding reviewed; detailed source-specific fields may remain unreported,https://doi.org/10.54097/tdbyh330
R00675,"A two-year indoor-outdoor monitoring study of household clean air interventions during ambient and wildfire smoke periods in King County, Washington.","Teigen, Katharine A; Cortes Espinosa, Mariana; McKinley, Hannah; Reed, Anna; Berrang, Elizabeth; Ramos-Vazquez, Julio; Houston, C Addison; Busch Isaksen, Tania",2026,Environmental research communications,10.1088/2515-7620/ae69a6,Wildfire/wildland/forest fire,Direct fire-specific evidence,Intervention / decision planning; Concentration mapping / monitoring,Not fully coded / not reported,PM2.5/particulate monitors; Low-cost sensors,Participatory indoor/outdoor PM2.5 monitoring with household clean-air interventions,Two-year household field intervention and monitoring study,Field deployment,Not fully coded / not reported,Not fully coded / not reported,Not fully coded / not reported,3,"Supports the stated sensing or measurement task only; operational readiness depends on setting, validation, and deployment maturity.",Direct fire-specific evidence,Direct fire-specific evidence,AI-assisted extraction from validated full-report text; existing nonblank charting preserved; no independent author verification of detailed fields claimed,Author verified — approved 23 Aug 2026,Medium,Minimum corpus coding reviewed; detailed source-specific fields may remain unreported,https://doi.org/10.1088/2515-7620/ae69a6
R00682,A UAV–Satellite Hybrid Pipeline for Wildfire Detection and Dynamic Perimeter Prediction,Hossein Keshmiri; Khan A. Wahid,2026,Drones,10.3390/drones10040263,Wildfire/wildland/forest fire,Fire-specific interface evidence,Forecasting / simulation; Source localisation / boundary tracking; Detection,UAV/drone; Satellite/remote sensing; Simulation/model only,Not fully coded / not reported,Not fully coded / not reported,Simulation/computational experiment,Simulation/computational,Not fully coded / not reported,Precision/recall/F1; AUC; Operational/network metrics,Not fully coded / not reported,1,Supplies a possible source/perimeter input; it is not direct evidence of pollutant concentration mapping or health protection.,Fire-specific interface or background evidence,Conditional fire-source/perimeter input,AI-assisted extraction from validated full-report text; existing nonblank charting preserved; no independent author verification of detailed fields claimed,Author verified — approved 23 Aug 2026,High,Minimum corpus coding reviewed; detailed source-specific fields may remain unreported,https://doi.org/10.3390/drones10040263
R00738,Accessing the Life in Smoke: A New Application of Unmanned Aircraft Systems (UAS) to Sample Wildland Fire Bioaerosol Emissions and Their Environment,L. Kobziar; Melissa R. A. Pingree; A. Watts; Kellen N Nelson; T. Dreaden; M. Ridout,2019,Fire,10.3390/fire2040056,Prescribed fire; Wildfire/wildland/forest fire,Direct fire-specific evidence,Concentration mapping / monitoring; Emissions / source-term estimation,UAV/drone; Mobile/instrumented platform,Not fully coded / not reported,"UAS-based in-situ sampling of wildland-fire bioaerosols, particulate matter and micrometeorology",Prescribed-fire field sampling campaign,Field deployment,Not fully coded / not reported,Not fully coded / not reported,Not fully coded / not reported,3,"Supports the stated sensing or measurement task only; operational readiness depends on setting, validation, and deployment maturity.",Direct fire-specific evidence,Direct fire-specific evidence,AI-assisted extraction from validated full-report text; existing nonblank charting preserved; no independent author verification of detailed fields claimed,Author verified — approved 23 Aug 2026,Medium,Minimum corpus coding reviewed; detailed source-specific fields may remain unreported,https://doi.org/10.3390/fire2040056
R00820,Advanced Deep Learning Framework for Improved Wildfire Detection and Aerosol Identification Using Active Satellite Imagery,Srija Venkata Sai Ravali Kothapalli; Cristina Hava Muntean; Abid Yaqoob,2024,"20th International Wireless Communications and Mobile Computing Conference, IWCMC 2024",10.1109/iwcmc61514.2024.10592416,Wildfire / aerosol,Direct fire-specific evidence,Detection; aerosol identification,Satellite remote sensing,Active satellite imagery,Deep-learning detection/classification framework,Offline remote-sensing dataset evaluation,Retrospective/offline,Model evaluation on satellite imagery,Classification/detection performance reported by the study,Dataset and transfer limitations; no calibrated concentration uncertainty,2,Supports offline wildfire/aerosol identification from the evaluated imagery; does not establish ambient concentration mapping or operational deployment.,Direct fire-specific evidence,Direct fire-specific evidence,Retrieved full report assessed 24 Aug 2026; minimum coding prepared from report text and with no independent author verification of detailed fields claimed.,Author approved eligibility decision — 2026-08-24,High,Minimum corpus coding prepared; detailed source-specific fields may remain unreported,https://doi.org/10.1109/iwcmc61514.2024.10592416
R00864,Advancing the community health vulnerability index for wildland fire smoke exposure.,"Jung, Jihoon; Wilkins, Joseph L; Schollaert, Claire L; Masuda, Yuta J; Flunker, John C; Connolly, Rachel E; D'Evelyn, Savannah M; Bonillia, Eimy; Rappold, Ana G; Haugo, Ryan D; Marlier, Miriam E; Spector, June T",2024,The Science of the total environment,10.1016/j.scitotenv.2023.167834,Not fully coded / not reported,Direct fire-specific evidence,Exposure / health-risk estimation,Not fully coded / not reported,Not fully coded / not reported,Not fully coded / not reported,Not fully coded / not reported,Not fully coded / not reported,Not fully coded / not reported,Not fully coded / not reported,Not fully coded / not reported,Not fully coded / not reported,Supports the reported exposure/risk estimation task; it does not establish personalized or prospective clinical decision support unless explicitly evaluated.,Direct fire-specific evidence,Direct fire-specific evidence,"Full report was previously assessed, but report text is unavailable in the current archive; detailed charting remains incomplete",Author verified — approved 23 Aug 2026,Medium,Minimum corpus coding reviewed; detailed source-specific fields may remain unreported,https://doi.org/10.1016/j.scitotenv.2023.167834
R00890,Aerial Vehicle Path Planning for Monitoring Wildfire Frontiers,Ryan Skeele; Geoffrey A. Hollinger,2015,International Symposium on Field and Service Robotics,10.1007/978-3-319-27702-8_30,Wildfire,Fire-specific interface/source-state evidence,Fire-frontier monitoring; UAV path planning,UAV,Simulated fireline intensity/hotspots; UAV feasibility demonstration,FLAME simulation with weighted-greedy monitoring,Simulation with UAV feasibility demonstration,Simulation plus pilot demonstration,Baseline comparison across hotspot thresholds with UAV run,Sum of maximum time untracked for hotspots,Assumes global fire knowledge and unlimited endurance; adverse conditions deferred,3,Supports hotspot-monitoring path planning and limited UAV feasibility; not plume concentration or operational incident validation.,Fire-specific interface or background evidence,Conditional fire-source/perimeter input,Retrieved full report assessed 24 Aug 2026; minimum coding prepared from report text and with no independent author verification of detailed fields claimed.,Author approved eligibility decision — 2026-08-24,Medium,Minimum corpus coding prepared; detailed source-specific fields may remain unreported,https://doi.org/10.1007/978-3-319-27702-8_30
R00908,"Aerosol Distribution Due to Wildfire in Sumatra, Indonesia Considered from Model Simulation",M. Nakata; S. Mukai,2025,Remote Sensing,10.3390/rs17101657,Wildfire/wildland/forest fire,Direct fire-specific evidence,Forecasting / simulation; Concentration mapping / monitoring,Fixed ground monitoring; Simulation/model only,Meteorology/reanalysis,Not fully coded / not reported,Retrospective observational or computational evaluation,Field data/retrospective,Not fully coded / not reported,Not fully coded / not reported,Not fully coded / not reported,2,Supports the reported model/simulation task and validation setting; does not by itself establish real-time deployment or superior performance across incidents.,Direct fire-specific evidence,Direct fire-specific evidence,AI-assisted extraction from validated full-report text; existing nonblank charting preserved; no independent author verification of detailed fields claimed,Author verified — approved 23 Aug 2026,High,Minimum corpus coding reviewed; detailed source-specific fields may remain unreported,https://doi.org/10.3390/rs17101657
R01067,Air quality and health impacts of the 2020 wildfires in California,M. Carreras-Sospedra; Shupeng Zhu; Michael MacKinnon; W. Lassman; J. Mirocha; M. Barbato; D. Dabdub,2024,Fire Ecology,10.1186/s42408-023-00234-y,Wildfire/wildland/forest fire,Direct fire-specific evidence,Exposure / health-risk estimation; Concentration mapping / monitoring,Not fully coded / not reported,PM2.5/particulate monitors; Gas sensors/measurements; Low-cost sensors; Health/administrative records,Epidemiological/health-impact model,Retrospective 2020 California wildfire air-quality and health-impact modelling,Observed monitoring data plus modelling,Not fully coded / not reported,Accuracy,Not fully coded / not reported,2,Supports an operationally relevant fire-specific task; detailed task and maturity coding has completeness reported in the field-level audit.,Direct fire-specific evidence,Direct fire-specific evidence,AI-assisted extraction from validated full-report text; existing nonblank charting preserved; no independent author verification of detailed fields claimed,Author verified — approved 23 Aug 2026,High,Minimum corpus coding reviewed; detailed source-specific fields may remain unreported,https://doi.org/10.1186/s42408-023-00234-y
R01101,Air Quality Monitoring and the Safety of Farmworkers in Wildfire Mandatory Evacuation Zones.,"Chunga Pizarro, Carlo A; Buchholz, Rebecca R; Hornbrook, Rebecca S; Christensen, Kevin; Méndez, Michael",2024,GeoHealth,10.1029/2024gh001033,Wildfire/wildland/forest fire,Direct fire-specific evidence,Intervention / decision planning; Concentration mapping / monitoring,Not fully coded / not reported,Not fully coded / not reported,Not fully coded / not reported,Not fully coded / not reported,Not fully coded / not reported,Single-event/case-study retrospective evaluation,Not fully coded / not reported,Not fully coded / not reported,2,"Supports the stated sensing or measurement task only; operational readiness depends on setting, validation, and deployment maturity.",Direct fire-specific evidence,Direct fire-specific evidence,AI-assisted extraction from validated full-report text; existing nonblank charting preserved; no independent author verification of detailed fields claimed,Author verified — approved 23 Aug 2026,Medium,Minimum corpus coding reviewed; detailed source-specific fields may remain unreported,https://doi.org/10.1029/2024gh001033
R01103,Air quality policy and fire management responses addressing smoke from wildland fires in the United States and Australia,Hyde J.C.; Yedinak K.M.; Talhelm A.F.; Smith A.M.S.; Bowman D.M.J.S.; Johnston F.H.; Lahm P.; Fitch M.; Tinkham W.T.,2017,International Journal of Wildland Fire,10.1071/wf16154,Wildland and prescribed fire smoke,Evidence synthesis/guidance,Governance; air-quality and fire-management policy,N/A,Policy and regulatory literature,Comparative policy review,Review / evidence synthesis,Review/synthesis,United States-Australia comparative review,Not applicable,Policy heterogeneity and evolving evidence discussed,N/A,Supports governance and policy-interface claims at synthesis level; not evidence of a deployed AI governance system.,Evidence synthesis or guidance,Fire-specific evidence synthesis,Retrieved full report assessed 24 Aug 2026; minimum coding prepared from report text and with no independent author verification of detailed fields claimed.,Author approved eligibility decision — 2026-08-24,Medium,Minimum corpus coding prepared; detailed source-specific fields may remain unreported,https://doi.org/10.1071/wf16154
R01105,Air quality simulations of wildfires in the Pacific Northwest evaluated with surface and satellite observations during the summers of 2007 and 2008,Herron-Thorpe F.L.; Mount G.H.; Emmons L.K.; Lamb B.K.; Jaffe D.A.; Wigder N.L.; Chung S.H.; Zhang R.; Woelfle M.D.; Vaughan J.K.,2014,Atmospheric Chemistry and Physics,10.5194/acp-14-12533-2014,Wildfire/wildland/forest fire,Direct fire-specific evidence,Forecasting / simulation; Concentration mapping / monitoring,Satellite/remote sensing; Simulation/model only,PM2.5/particulate monitors; Gas sensors/measurements,Chemical transport/dispersion model,Retrospective observational or computational evaluation,Field data/retrospective,Single-event/case-study retrospective evaluation,Not fully coded / not reported,Not fully coded / not reported,2,"Supports the stated sensing or measurement task only; operational readiness depends on setting, validation, and deployment maturity.",Direct fire-specific evidence,Direct fire-specific evidence,AI-assisted extraction from validated full-report text; existing nonblank charting preserved; no independent author verification of detailed fields claimed,Author verified — approved 23 Aug 2026,High,Minimum corpus coding reviewed; detailed source-specific fields may remain unreported,https://doi.org/10.5194/acp-14-12533-2014
R01130,Airborne Monitoring And Smoke Characterization Of Prescribed Fires On Forest Lands In Western Washin,L. Radke,1983,,10.2737/pnw-gtr-251,Prescribed fire,Direct fire-specific evidence,Concentration mapping / monitoring,Mobile/instrumented platform,Gas sensors/measurements,Airborne in-situ smoke-plume measurement and characterisation,Prescribed-fire airborne field campaign,Field observational,Not fully coded / not reported,Not fully coded / not reported,Not fully coded / not reported,2,"Supports only the fire-specific task and evaluation setting described in the report; it does not by itself establish operational readiness, universal superiority, or cross-incident generalisation.",Direct fire-specific evidence,Direct fire-specific evidence,AI-assisted extraction from validated full-report text; existing nonblank charting preserved; no independent author verification of detailed fields claimed,Author verified — approved 23 Aug 2026,High,Minimum corpus coding reviewed; detailed source-specific fields may remain unreported,https://doi.org/10.2737/pnw-gtr-251
R01249,"An empirical model to estimate daily forest fire smoke exposure over a large geographic area using air quality, meteorological, and remote sensing data.","Yao, Jiayun; Henderson, Sarah B",2014,Journal of Exposure Science and Environmental Epidemiology,10.1038/jes.2013.87,Wildfire/wildland/forest fire,Direct fire-specific evidence,Exposure / health-risk estimation; Forecasting / simulation; Concentration mapping / monitoring,Satellite/remote sensing,PM2.5/particulate monitors; Meteorology/reanalysis,Epidemiological/health-impact model,Retrospective observational or computational evaluation,Field data/retrospective,Not fully coded / not reported,Not fully coded / not reported,Not fully coded / not reported,2,"Supports the stated sensing or measurement task only; operational readiness depends on setting, validation, and deployment maturity.",Direct fire-specific evidence,Direct fire-specific evidence,AI-assisted extraction from validated full-report text; existing nonblank charting preserved; no independent author verification of detailed fields claimed,Author verified — approved 23 Aug 2026,High,Minimum corpus coding reviewed; detailed source-specific fields may remain unreported,https://doi.org/10.1038/jes.2013.87
R01254,An estimate of excess mortality resulting from air pollution caused by wildfires in the eastern and central Mediterranean basin in 2021,Bin Zhou; C. Knote,2023,,,Wildfire/wildland/forest fire,Direct fire-specific evidence,Exposure / health-risk estimation; Concentration mapping / monitoring,Not fully coded / not reported,PM2.5/particulate monitors; Gas sensors/measurements; Health/administrative records,Epidemiological/health-impact model,Not fully coded / not reported,Not fully coded / not reported,Not fully coded / not reported,Health effect estimates,Our study concludes with a discussion on uncertainties associated with the health impact assessment based on different air pollutants.,2,"Supports only the fire-specific task and evaluation setting described in the report; it does not by itself establish operational readiness, universal superiority, or cross-incident generalisation.",Direct fire-specific evidence,Direct fire-specific evidence,AI-assisted extraction from validated full-report text; existing nonblank charting preserved; no independent author verification of detailed fields claimed,Author verified — approved 23 Aug 2026,High,Minimum corpus coding reviewed; detailed source-specific fields may remain unreported,
R01261,An Evaluation of the British Columbia Asthma Monitoring System (BCAMS) and PM2.5 Exposure Metrics during the 2014 Forest Fire Season.,"McLean, Kathleen E; Yao, Jiayun; Henderson, Sarah B",2015,International journal of environmental research and public health,10.3390/ijerph120606710,Wildfire/wildland/forest fire,Direct fire-specific evidence,Exposure / health-risk estimation; Concentration mapping / monitoring,Not fully coded / not reported,PM2.5/particulate monitors,Not fully coded / not reported,Not fully coded / not reported,Not fully coded / not reported,Single-event/case-study retrospective evaluation,Not fully coded / not reported,Not fully coded / not reported,2,"Supports the stated sensing or measurement task only; operational readiness depends on setting, validation, and deployment maturity.",Direct fire-specific evidence,Direct fire-specific evidence,AI-assisted extraction from validated full-report text; existing nonblank charting preserved; no independent author verification of detailed fields claimed,Author verified — approved 23 Aug 2026,High,Minimum corpus coding reviewed; detailed source-specific fields may remain unreported,https://doi.org/10.3390/ijerph120606710
R01305,"An integrated approach for early forest fire detection and verification using optical smoke, gas and microwave sensors",N. V. Wahl; S. Heinen; H. Essen; W. Kruell; Robert Tobera; I. Willms,2010,WIT Transactions on Ecology and the Environment,10.2495/fiva100091,Wildfire/wildland/forest fire,Direct fire-specific evidence,Detection,UAV/drone; Simulation/model only,Gas sensors/measurements,Not fully coded / not reported,Simulation/computational experiment,Simulation/computational,Not fully coded / not reported,Not fully coded / not reported,Not fully coded / not reported,1,Supports an operationally relevant fire-specific task; detailed task and maturity coding has completeness reported in the field-level audit.,Direct fire-specific evidence,Direct fire-specific evidence,AI-assisted extraction from validated full-report text; existing nonblank charting preserved; no independent author verification of detailed fields claimed,Author verified — approved 23 Aug 2026,High,Minimum corpus coding reviewed; detailed source-specific fields may remain unreported,https://doi.org/10.2495/fiva100091
R01317,"An integrated mathematical framework for wind dynamics, wildfire spread, and smoke dispersion: Insights from a case study",M. I. Asensio; J. M. Iglesias; J. Cascón; L. Herrero,2026,Communications in Nonlinear Science and Numerical Simulation,10.1016/j.cnsns.2026.109870,Wildfire smoke,Direct fire-specific evidence,Coupled fire-spread and smoke-dispersion simulation,GIS-compatible computational tool,"Terrain, wind, fire and cartographic inputs","Coupled HDWind, PhyFire and PhyNX finite-element models",Retrospective real-wildfire computational case study,Simulation validated against observed fire extent,Coupled-model case evaluation with runtime and similarity assessment,Burned-area similarity indices and computation time; smoke output inspection,Input-data uncertainty acknowledged; smoke feedback and operational GIS use not fully evaluated,2,Supports computational feasibility for the evaluated coupled case; does not establish general operational smoke-forecast accuracy.,Direct fire-specific evidence,Direct fire-specific evidence,Retrieved full report assessed 24 Aug 2026; minimum coding prepared from report text and with no independent author verification of detailed fields claimed.,Author approved eligibility decision — 2026-08-24,High,Minimum corpus coding prepared; detailed source-specific fields may remain unreported,https://doi.org/10.1016/j.cnsns.2026.109870
R01334,"An Interactive Data-Driven HPC System for Forecasting Weather, Wildland Fire, and Smoke",J. Mandel; M. Vejmelka; A. Kochanski; Angel Farguell; J. Haley; D. Mallia; K. Hilburn,2019,"Proceedings of UrgentHPC 2019: 1st International Workshop on HPC for Urgent Decision Making - Held in conjunction with SC 2019: The International Conference for High Performance Computing, Networking, Storage and Analysis",10.1109/urgenthpc49580.2019.00010,Wildland fire smoke,Direct fire-specific evidence,Weather-fire-smoke forecasting; decision-support workflow,Interactive HPC workflow,"Weather, satellite/aerial and model inputs",Coupled WRF-SFIRE/fuel-moisture/smoke workflow,Prototype workflow / computational demonstration,Simulation/workflow,System and workflow demonstration for urgent forecasting,Workflow execution and forecast products as reported,Ensemble/data-assimilation needs and input uncertainty discussed,3,Supports an integrated forecasting-workflow prototype; does not establish routine operational accuracy across incidents.,Direct fire-specific evidence,Direct fire-specific evidence,Retrieved full report assessed 24 Aug 2026; minimum coding prepared from report text and with no independent author verification of detailed fields claimed.,Author approved eligibility decision — 2026-08-24,High,Minimum corpus coding prepared; detailed source-specific fields may remain unreported,https://doi.org/10.1109/urgenthpc49580.2019.00010
R01339,"An investigation of the impact of Canadian wildfires on US air quality using model, satellite, and ground measurements",Zhixin Xue; Nair Udaysankar; Sundar A. Christopher,2025,Atmospheric Chemistry and Physics,10.5194/acp-25-5497-2025,Wildfire/wildland/forest fire,Direct fire-specific evidence,Forecasting / simulation; Concentration mapping / monitoring,Satellite/remote sensing; Simulation/model only,PM2.5/particulate monitors; Meteorology/reanalysis,Statistical/regression model; Remote-sensing retrieval/inversion,Not fully coded / not reported,Not fully coded / not reported,Single-event/case-study retrospective evaluation,Not fully coded / not reported,Not fully coded / not reported,2,"Supports the stated sensing or measurement task only; operational readiness depends on setting, validation, and deployment maturity.",Direct fire-specific evidence,Direct fire-specific evidence,AI-assisted extraction from validated full-report text; existing nonblank charting preserved; no independent author verification of detailed fields claimed,Author verified — approved 23 Aug 2026,High,Minimum corpus coding reviewed; detailed source-specific fields may remain unreported,https://doi.org/10.5194/acp-25-5497-2025
R01417,Analysis of impact of ventilation and air cleaning strategies on classroom PM2.5 and CO2 under normal and wildfire conditions – A CONTAM simulation study,Youngbo Won; Wenhao Chen; Zhong-Min Wang; Jeff Wagner; Kazukiyo Kumagai,2026,Indoor Environments,10.1016/j.indenv.2026.100158,Wildfire smoke,Direct fire-specific evidence,Indoor exposure mitigation; intervention planning,School building / indoor environment,Measured classroom conditions and prescribed outdoor PM2.5 scenarios,CONTAM multizone simulation,Controlled simulation validated against measurements,Simulation validated against field measurements,Fifty ventilation/filter/portable-cleaner scenarios,Indoor PM2.5 and CO2 concentrations; infiltration and removal performance,Input-parameter and scenario limitations discussed,2,Supports comparative classroom ventilation/air-cleaning scenarios under specified conditions; not a clinical health-outcome study.,Direct fire-specific evidence,Direct fire-specific evidence,Retrieved full report assessed 24 Aug 2026; minimum coding prepared from report text and with no independent author verification of detailed fields claimed.,Author approved eligibility decision — 2026-08-24,High,Minimum corpus coding prepared; detailed source-specific fields may remain unreported,https://doi.org/10.1016/j.indenv.2026.100158
R01432,Analysis of Smoke Transport Over the Northeast US Caused by Wildfires in Canada During June 2023—Leveraging the HRRR‐Smoke Model Predictions and Remote Sensing Observations,Y. Pichugina; E. Strobach; A. Brewer; R. Ahmadov; P. S. Bhattacharjee; E. James; A. J. Schnell; B. Carroll; S. Baidar; S. Sandberg; DC NearRoad,2026,Journal of Geophysical Research - Atmospheres,10.1029/2025jd044799,Wildfire/wildland fire,Fire-specific,Pollutant / plume monitoring; Forecasting / simulation,Operational forecast model and fixed/remote sensors,"HRRR-Smoke, Doppler lidar, ceilometers, satellite products, surface PM2.5 and meteorology",Event analysis and observation-model comparison,June 2023 Canadian wildfire smoke transport into the northeastern United States,Operational forecast evaluated with field observations,"Day-1 forecast comparison for winds, boundary-layer evolution, and PM2.5 at four Washington, DC sites",Wind-profile bias (up to about ±4 m s−1) and observed-versus-modeled PM2.5 agreement,Forecast biases and model-resolution limitations discussed,3,Supports event-specific HRRR-Smoke transport and wind-performance statements; one episode and four Washington PM2.5 sites do not establish universal forecast robustness.,Direct fire-specific evidence,Direct fire-specific evidence,Full report text extracted and AI-assisted detailed charting proposal; no independent author verification of detailed fields claimed,Author verified — approved 23 Aug 2026,High,Minimum corpus coding reviewed; detailed source-specific fields may remain unreported,https://doi.org/10.1029/2025jd044799
R01440,"Analysis of the impact of the forest fires in August 2007 on air quality of Athens using multi-sensor aerosol remote sensing data, meteorology and surface observations",Yang Liu; Ralph A. Kahn; A. Chaloulakou; P. Koutrakis,2009,Atmospheric Environment,10.1016/j.atmosenv.2009.04.010,Forest fire smoke,Direct fire-specific evidence,Concentration mapping / event attribution,Satellite and ground monitoring,MISR/MODIS and other satellite products; surface observations; meteorology,Multi-sensor event analysis,Retrospective 2007 Athens smoke-event study,Field data/retrospective,Two pollution-episode case analysis,Aerosol optical and surface air-quality changes and cross-sensor consistency,"Transport, sensor coverage and attribution limitations discussed",2,Supports retrospective multi-sensor attribution for the evaluated event; not real-time operational response.,Direct fire-specific evidence,Direct fire-specific evidence,Retrieved full report assessed 24 Aug 2026; minimum coding prepared from report text and with no independent author verification of detailed fields claimed.,Author approved eligibility decision — 2026-08-24,High,Minimum corpus coding prepared; detailed source-specific fields may remain unreported,https://doi.org/10.1016/j.atmosenv.2009.04.010
R01444,Analysis of the meteorological situation during period of forest fires and smoke-blanketing monitoring in Siberia in 2019,O. A. Dubrovskaya; Computational Technologies; A. A. Kostornaya; I. Solovyeva; I. Martynova; I. V. Rublev; A. Voronova,2020,Sovremennye Problemy Distantsionnogo Zondirovaniya Zemli iz Kosmosa,10.21046/2070-7401-2020-17-6-25-29,Wildfire/wildland/forest fire,Direct fire-specific evidence,Concentration mapping / monitoring,Satellite/remote sensing,Meteorology/reanalysis,Not fully coded / not reported,Retrospective observational or computational evaluation,Field data/retrospective,Not fully coded / not reported,Not fully coded / not reported,Not fully coded / not reported,2,"Supports the reported sensing or measurement task only; operational readiness depends on setting, validation, and deployment maturity.",Direct fire-specific evidence,Direct fire-specific evidence,AI-assisted extraction from validated full-report text; existing nonblank charting preserved; no independent author verification of detailed fields claimed,Author verified — approved 23 Aug 2026,High,Minimum corpus coding reviewed; detailed source-specific fields may remain unreported,https://doi.org/10.21046/2070-7401-2020-17-6-25-29
R01449,Analysis of urban wind conditions and wildfire smoke dispersion for downtown Montréal using computational fluid dynamics,Quinn Dyer-Hawes; D. Romanic; Yi Huang; John R. Gyakum; Peter M. J. Douglas,2024,Building and Environment,10.1016/j.buildenv.2024.112103,Wildfire smoke,Direct fire-specific evidence,Urban smoke-dispersion simulation,Urban computational domain,"Urban geometry, meteorology and smoke-source inputs",Computational fluid dynamics,Retrospective urban CFD case study,Simulation/computational,Downtown Montreal wind and smoke-dispersion scenario analysis,Wind-field and smoke-concentration/spatial dispersion outputs,Scenario and boundary-condition dependence; operational validation limited,2,Supports urban-scale CFD insight for the evaluated scenarios; qualitative transfer to incidents requires validation.,Direct fire-specific evidence,Direct fire-specific evidence,Retrieved full report assessed 24 Aug 2026; minimum coding prepared from report text and with no independent author verification of detailed fields claimed.,Author approved eligibility decision — 2026-08-24,High,Minimum corpus coding prepared; detailed source-specific fields may remain unreported,https://doi.org/10.1016/j.buildenv.2024.112103
R01525,Application of FRP (Fire Radiative Power) to estimate the emission of radionuclides into the atmosphere due to forest fires in the Exclusion Zone in April 2020,M. Таlerko,2020,Nuclear Power and the Environment,10.31717/2311-8253.20.4.8,Not fully coded / not reported,Direct fire-specific evidence,Emissions / source-term estimation,Not fully coded / not reported,Not fully coded / not reported,Not fully coded / not reported,Not fully coded / not reported,Not fully coded / not reported,Not fully coded / not reported,Not fully coded / not reported,Not fully coded / not reported,Not fully coded / not reported,Supports an operationally relevant fire-specific task; detailed task and maturity coding has completeness reported in the field-level audit.,Direct fire-specific evidence,Direct fire-specific evidence,"Full report was previously assessed, but report text is unavailable in the current archive; detailed charting remains incomplete",Author verified — approved 23 Aug 2026,Medium,Minimum corpus coding reviewed; detailed source-specific fields may remain unreported,https://doi.org/10.31717/2311-8253.20.4.8
R01528,Application of geostationary satellite and high-resolution meteorology data in estimating hourly PM2.5 levels during the Camp Fire episode in California.,"Vu, Bryan N; Bi, Jianzhao; Wang, Wenhao; Huff, Amy; Kondragunta, Shobha; Liu, Yang",2022,Remote sensing of environment,10.1016/j.rse.2022.112890,Not fully coded / not reported,Direct fire-specific evidence,Concentration mapping / monitoring,Not fully coded / not reported,Not fully coded / not reported,Not fully coded / not reported,Not fully coded / not reported,Not fully coded / not reported,Not fully coded / not reported,Not fully coded / not reported,Not fully coded / not reported,Not fully coded / not reported,"Supports the stated sensing or measurement task only; operational readiness depends on setting, validation, and deployment maturity.",Direct fire-specific evidence,Direct fire-specific evidence,"Full report was previously assessed, but report text is unavailable in the current archive; detailed charting remains incomplete",Author verified — approved 23 Aug 2026,Medium,Minimum corpus coding reviewed; detailed source-specific fields may remain unreported,https://doi.org/10.1016/j.rse.2022.112890
R01589,Apportioning prescribed fire impacts on PM2.5 among individual fires through dispersion modeling,Ran Huang; Momei Qin; Yongtao Hu; A. Russell; M. Odman,2020,Atmospheric Environment,10.1016/j.atmosenv.2020.117260,Prescribed fire smoke,Direct fire-specific evidence,Source attribution; PM2.5 dispersion modelling,Ground monitoring plus model,"Fire records, meteorology and surface PM2.5",Dispersion modelling with individual-fire attribution,Retrospective prescribed-fire evaluation,Field data and modelling,Individual-fire apportionment and observation comparison,Fire-specific PM2.5 contribution and model-observation agreement,"Source records, meteorology and dispersion uncertainty discussed",2,Supports retrospective attribution among prescribed fires; not general autonomous forecasting.,Direct fire-specific evidence,Direct fire-specific evidence,Retrieved full report assessed 24 Aug 2026; minimum coding prepared from report text and with no independent author verification of detailed fields claimed.,Author approved eligibility decision — 2026-08-24,High,Minimum corpus coding prepared; detailed source-specific fields may remain unreported,https://doi.org/10.1016/j.atmosenv.2020.117260
R01686,"Assessing the 2023 Canadian wildfire smoke impact in Northeastern US: Air quality, exposure and environmental justice.","Yu, Manzhu; Zhang, Shiyan; Ning, Huan; Li, Zhenlong; Zhang, Kai",2024,The Science of the total environment,10.1016/j.scitotenv.2024.171853,Wildfire smoke,Direct fire-specific retrospective event evidence,Concentration mapping / monitoring; exposure estimation; governance / equity,Regional modelling and ground-monitor fusion,"3-km WRF-Chem output, ground PM2.5 observations, population and hourly mobility data, and EPA EJScreen indicators",Deep residual convolutional neural-network fusion using mean-squared-error and structural-similarity losses; population- and mobility-weighted exposure analysis,June 2023 Canadian wildfire-smoke episodes affecting the northeastern United States,Retrospective observational/model-fusion evaluation,"Comparison of fused 3-km PM2.5 fields and raw WRF-Chem output against monitoring observations, followed by census-tract exposure and equity analysis","Fused RMSE 2.944 micrograms/m3, bias 0.160, R2 0.862; WRF-Chem RMSE 12.716, bias -6.872, R2 -0.707; exposure-threshold summaries",No calibrated predictive intervals; sensitivity and limitations are discussed descriptively,2,"Supports improved mapping and exposure estimation for the studied June 2023 episodes. It does not establish prospective operational performance, causal environmental-justice effects, health outcomes, or generalisation to other fires and regions.",Direct fire-specific evidence,Direct fire-specific model-evaluation and exposure evidence,"Complete 13-page report supplied by author; identity, opening/closing pages, references, extractability and completeness validated; SHA256 b653812d916ed1c21e14e4190bd4799556914f203b20bf22c471dcf1e362bd5a",Author verified — approved 23 Aug 2026,High,Minimum corpus coding reviewed; detailed source-specific fields may remain unreported,https://doi.org/10.1016/j.scitotenv.2024.171853
R01712,"Assessing the Impact of Wildfire Smoke Transport Through Chemical Transport Modeling, Satellite Retrievals, and Ground-Based Observations of Ozone in Rural Nevada.","Ji, Yi; Zhang, Xiaodan; Lawal, Abiola S; Holmes, Heather A; Ivey, Cesunica E",2025,ACS ES&T air,10.1021/acsestair.5c00037,Not fully coded / not reported,Direct fire-specific evidence,Forecasting / simulation; Concentration mapping / monitoring,Not fully coded / not reported,Not fully coded / not reported,Not fully coded / not reported,Not fully coded / not reported,Not fully coded / not reported,Not fully coded / not reported,Not fully coded / not reported,Not fully coded / not reported,Not fully coded / not reported,"Supports the stated sensing or measurement task only; operational readiness depends on setting, validation, and deployment maturity.",Direct fire-specific evidence,Direct fire-specific evidence,"Full report was previously assessed, but report text is unavailable in the current archive; detailed charting remains incomplete",Author verified — approved 23 Aug 2026,Medium,Minimum corpus coding reviewed; detailed source-specific fields may remain unreported,https://doi.org/10.1021/acsestair.5c00037
R01724,Assessing the Risk of Respiratory-Related Healthcare Visits Associated with Wildfire Smoke Exposure in Children 0-18 Years Old: A Systematic Review.,"Henry, Shelby; Ospina, Maria B; Dennett, Liz; Hicks, Anne",2021,International journal of environmental research and public health,10.3390/ijerph18168799,Prescribed fire; Wildfire/wildland/forest fire,Fire-specific evidence synthesis,Evidence synthesis; Exposure / health-risk estimation,Not fully coded / not reported,Health/administrative records,Systematic/scoping review or meta-analysis; Epidemiological/health-impact model,Review/evidence synthesis,Review/synthesis,Systematic/scoping evidence synthesis,Bias/error,Not fully coded / not reported,N/A,Used for scope comparison or evidence synthesis; primary-study claims are checked against underlying evidence where material.,Evidence synthesis or guidance,Fire-specific evidence synthesis,AI-assisted extraction from validated full-report text; existing nonblank charting preserved; no independent author verification of detailed fields claimed,Author verified — approved 23 Aug 2026,High,Minimum corpus coding reviewed; detailed source-specific fields may remain unreported,https://doi.org/10.3390/ijerph18168799
R01733,Assessing Vertical Allocation of Wildfire Smoke Emissions Using Observational Constraints From Airborne Lidar in the Western U.S.,"Ye, Xinxin; Saide, Pablo E; Hair, Johnathan; Fenn, Marta; Shingler, Taylor; Soja, Amber; Gargulinski, Emily; Wiggins, Elizabeth",2022,Journal of geophysical research. Atmospheres : JGR,10.1029/2022jd036808,Not fully coded / not reported,Direct fire-specific evidence,Concentration mapping / monitoring; Emissions / source-term estimation,Not fully coded / not reported,Not fully coded / not reported,Not fully coded / not reported,Not fully coded / not reported,Not fully coded / not reported,Not fully coded / not reported,Not fully coded / not reported,Not fully coded / not reported,Not fully coded / not reported,"Supports the stated sensing or measurement task only; operational readiness depends on setting, validation, and deployment maturity.",Direct fire-specific evidence,Direct fire-specific evidence,"Full report was previously assessed, but report text is unavailable in the current archive; detailed charting remains incomplete",Author verified — approved 23 Aug 2026,Medium,Minimum corpus coding reviewed; detailed source-specific fields may remain unreported,https://doi.org/10.1029/2022jd036808
R01786,Assessment of smoke plume height products derived from multisource satellite observations using lidar-derived height metrics for wildfires in the western US,Jingting Huang; S. Loría‐Salazar; Min Deng; Jaehwa Lee; Heather A. Holmes,2024,Atmospheric Chemistry and Physics,10.5194/acp-24-3673-2024,Wildfire/wildland/forest fire,Direct fire-specific evidence,Concentration mapping / monitoring,Satellite/remote sensing,Lidar,Not fully coded / not reported,Retrospective observational or computational evaluation,Field data/retrospective,Controlled field/laboratory comparison,Not fully coded / not reported,Not fully coded / not reported,2,"Supports the stated sensing or measurement task only; operational readiness depends on setting, validation, and deployment maturity.",Direct fire-specific evidence,Direct fire-specific evidence,AI-assisted extraction from validated full-report text; existing nonblank charting preserved; no independent author verification of detailed fields claimed,Author verified — approved 23 Aug 2026,High,Minimum corpus coding reviewed; detailed source-specific fields may remain unreported,https://doi.org/10.5194/acp-24-3673-2024
R01787,Assessment of Smoke Pollution Caused by Wildfires in the Baikal Region (Russia),Efimova N.V.; Rukavishnikov V.S.,2021,Atmosphere,10.3390/atmos12121542,Wildfire/wildland/forest fire,Direct fire-specific evidence,Background / enabling method,Instrumented mobile platform,Not recorded,Wildfire-smoke air-pollution and health-risk assessment,Retrospective Baikal-region wildfire-smoke assessment,Observed air-quality data / retrospective,Not fully coded / not reported,Not fully coded / not reported,Not recorded in original workbook,2,Included provisionally on fire-specific operational relevance; detailed coding has completeness reported in the field-level audit.,Direct fire-specific evidence,Direct fire-specific evidence,AI-assisted extraction from validated full-report text; existing nonblank charting preserved; no independent author verification of detailed fields claimed,Author verified — approved 23 Aug 2026,High,Minimum corpus coding reviewed; detailed source-specific fields may remain unreported,https://doi.org/10.3390/atmos12121542
R01813,Assessment of WRF/Chem Simulated Vertical Distributions of Particulate Matter from the 2009 Minto Flats South Wildfire in Interior Alaska by CALIPSO Total Backscatter and Depolarization Measurements,J. M. Madden; N. Mölders; K. Sassen,2015,,10.4236/ojap.2015.43012,Wildfire/wildland/forest fire,Direct fire-specific evidence,Forecasting / simulation; Concentration mapping / monitoring,Satellite/remote sensing,Gas sensors/measurements; Lidar; Satellite imagery/retrievals; Meteorology/reanalysis,Not fully coded / not reported,Retrospective observational or computational evaluation,Field data/retrospective,Not fully coded / not reported,Not fully coded / not reported,Not fully coded / not reported,2,"Supports only the fire-specific task and evaluation setting described in the report; it does not by itself establish operational readiness, universal superiority, or cross-incident generalisation.",Direct fire-specific evidence,Direct fire-specific evidence,AI-assisted extraction from validated full-report text; existing nonblank charting preserved; no independent author verification of detailed fields claimed,Author verified — approved 23 Aug 2026,High,Minimum corpus coding reviewed; detailed source-specific fields may remain unreported,https://doi.org/10.4236/ojap.2015.43012
R01816,Assimilation and Forecasting Experiment for Heavy Siberian Wildfire Smoke in May 2016 with Himawari-8 Aerosol Optical Thickness,Yumimoto K.; Tanaka T.Y.; Yoshida M.; Kikuchi M.; Nagao T.M.; Murakami H.; Maki T.,2018,Journal of the Meteorological Society of Japan,10.2151/jmsj.2018-035,Wildfire/wildland/forest fire,Direct fire-specific evidence,Forecasting / simulation; Concentration mapping / monitoring,Satellite/remote sensing,Meteorology/reanalysis,Satellite AOT assimilation and smoke-forecast experiment,Retrospective May 2016 Siberian wildfire-smoke event evaluation,Satellite observations plus modelling,Not fully coded / not reported,Not fully coded / not reported,Not fully coded / not reported,2,"Supports the reported sensing or measurement task only; operational readiness depends on setting, validation, and deployment maturity.",Direct fire-specific evidence,Direct fire-specific evidence,AI-assisted extraction from validated full-report text; existing nonblank charting preserved; no independent author verification of detailed fields claimed,Author verified — approved 23 Aug 2026,High,Minimum corpus coding reviewed; detailed source-specific fields may remain unreported,https://doi.org/10.2151/jmsj.2018-035
R01850,Associations between short-term exposure to wildfire particulate matter and respiratory outcomes: A systematic review.,"Jiao, Anqi; Headon, Kathryne; Han, Tianmei; Umer, Wajeeha; Wu, Jun",2024,The Science of the total environment,10.1016/j.scitotenv.2023.168134,Wildfire/wildland/forest fire,Fire-specific evidence synthesis,Evidence synthesis; Exposure / health-risk estimation,Not applicable,"35 epidemiological studies retrieved from PubMed, Web of Science, Scopus, and Embase",Systematic review with NOS and NTP-OHAT risk-of-bias assessment,Review/evidence synthesis,Review/synthesis,Systematic review of short-term respiratory morbidity and mortality evidence,Respiratory morbidity/mortality associations; study quality and risk of bias,Risk-of-bias and study-quality appraisal; heterogeneous outcomes synthesised narratively,N/A,Supports statements about short-term respiratory associations and evidence gaps; it is not an operational risk-prediction or deployment study.,Evidence synthesis or guidance,Fire-specific evidence synthesis,Full report text extracted and AI-assisted detailed charting proposal; no independent author verification of detailed fields claimed,Author verified — approved 23 Aug 2026,High,Minimum corpus coding reviewed; detailed source-specific fields may remain unreported,https://doi.org/10.1016/j.scitotenv.2023.168134
R01858,"Associations of Wildfire-Derived Particulate Matter with Hospitalization, Emergency Department Visits and Mortality: A Systematic Review and Meta-Analysis.","Wang, Yiyi; Chen, Jie; Huang, Yujia; Wang, Jiaming; Xiong, Yi; Xue, Tao; Yue, Xu; Qian, Fuping; Wang, Meng",2025,Environmental research,10.1016/j.envres.2025.121221,Wildfire/wildland/forest fire,Fire-specific evidence synthesis,Evidence synthesis; Exposure / health-risk estimation,Not applicable,45 epidemiological studies; more than 124 million patients in pooled analyses,Systematic review and random-effects meta-analysis with GRADE appraisal,Review/evidence synthesis,Review/synthesis,"Systematic review and meta-analysis of hospital, emergency-department, and mortality outcomes",Relative risks and 95% confidence intervals; GRADE quality,"Confidence intervals, heterogeneity, and GRADE appraisal",N/A,Supports pooled population-health association estimates; it is not a real-time health-risk model or evidence of an operational response system.,Evidence synthesis or guidance,Fire-specific evidence synthesis,Full report text extracted and AI-assisted detailed charting proposal; no independent author verification of detailed fields claimed,Author verified — approved 23 Aug 2026,High,Minimum corpus coding reviewed; detailed source-specific fields may remain unreported,https://doi.org/10.1016/j.envres.2025.121221
R01866,ASTHMA MEDICATION USAGE AFTER ENVIRONMENTAL EXPOSURE TO WILDFIRE SMOKE: A SYSTEMATIC REVIEW.,"Etherington, Cathy; Rushby, Anne-Marie; Nguyen, Van; Thompson, Vanessa; Lazarevic, Nina; Vardoulakis, Sotiris",2025,Environmental research,10.1016/j.envres.2025.121504,Wildfire/wildland/forest fire,Fire-specific evidence synthesis,Evidence synthesis; Exposure / health-risk estimation,Not fully coded / not reported,PM2.5/particulate monitors; Health/administrative records,Systematic/scoping review or meta-analysis; Epidemiological/health-impact model,Review/evidence synthesis,Review/synthesis,Systematic/scoping evidence synthesis,Not fully coded / not reported,Not fully coded / not reported,N/A,Supports statements about the scope and reported findings of the reviewed literature; it is not independent deployment evidence and cannot establish algorithmic superiority.,Evidence synthesis or guidance,Fire-specific evidence synthesis,AI-assisted extraction from validated full-report text; existing nonblank charting preserved; no independent author verification of detailed fields claimed,Author verified — approved 23 Aug 2026,High,Minimum corpus coding reviewed; detailed source-specific fields may remain unreported,https://doi.org/10.1016/j.envres.2025.121504
R01945,Australian Bushfires (2019–2020): Aerosol Optical Properties and Radiative Forcing,Christina-Anna Papanikolaou; P. Kokkalis; O. Soupiona; S. Solomos; A. Papayannis; M. Mylonaki; Dimitra Anagnou; R. Foskinis; Marilena Gidarakou,2022,Atmosphere,10.3390/atmos13060867,Wildfire/wildland/forest fire,Direct fire-specific evidence,Concentration mapping / monitoring,Satellite/remote sensing,Lidar; Satellite imagery/retrievals,Not fully coded / not reported,Retrospective observational or computational evaluation,Field data/retrospective,Not fully coded / not reported,Not fully coded / not reported,Not fully coded / not reported,2,"Supports the stated sensing or measurement task only; operational readiness depends on setting, validation, and deployment maturity.",Direct fire-specific evidence,Direct fire-specific evidence,AI-assisted extraction from validated full-report text; existing nonblank charting preserved; no independent author verification of detailed fields claimed,Author verified — approved 23 Aug 2026,High,Minimum corpus coding reviewed; detailed source-specific fields may remain unreported,https://doi.org/10.3390/atmos13060867
R02014,Autonomous Wildland Fire Monitoring through Integrated UAS Path Planning and Sensor Fusion,Bryce Ford; Mrinal Kumar; Artun Sel; Z. Kassas; Xi Yu,2025,American Control Conference,10.23919/acc63710.2025.11107588,Wildland fire,Fire-specific interface/source-state evidence,Autonomous source-state estimation; UAS path planning,UAS,Local temperature measurements,Reaction-advection-diffusion fire model with sensor fusion/path planning,Simulation / computational experiment,Simulation only,Autonomous monitoring simulation with local observations,Fire-state estimation and path-planning performance,Fire-model parameter/state uncertainty considered through estimation; no smoke output,1,"Supports simulated autonomous fire-state monitoring; does not establish smoke concentration, health, or field performance.",Fire-specific interface or background evidence,Conditional fire-source/perimeter input,Retrieved full report assessed 24 Aug 2026; minimum coding prepared from report text and with no independent author verification of detailed fields claimed.,Author approved eligibility decision — 2026-08-24,Medium,Minimum corpus coding prepared; detailed source-specific fields may remain unreported,https://doi.org/10.23919/acc63710.2025.11107588
R02031,"Back-propagation in the neural network of visibility estimation model based on Himawari_8 Satellite during forest fire smoke periods on Sumatera and Borneo Island, Indonesia",Imanto H.; Hartono; Marfai M.A.,2020,IOP Conference Series: Earth and Environmental Science,10.1088/1755-1315/451/1/012010,Forest-fire smoke,Direct fire-specific evidence,Smoke/visibility estimation,Geostationary satellite,Himawari-8 bands and METAR visibility,Back-propagation neural network with PCA/input-band variants,Retrospective satellite-model evaluation,Field observations plus offline modelling,Smoke-period training/evaluation against METAR,R-squared and RMSE; visibility classes,Sampling and input-band limitations; no probabilistic calibration,2,Supports offline visibility estimation during evaluated smoke periods; visibility is a proxy and not a direct PM concentration estimate.,Direct fire-specific evidence,Direct fire-specific evidence,Retrieved full report assessed 24 Aug 2026; minimum coding prepared from report text and with no independent author verification of detailed fields claimed.,Author approved eligibility decision — 2026-08-24,High,Minimum corpus coding prepared; detailed source-specific fields may remain unreported,https://doi.org/10.1088/1755-1315/451/1/012010
R02082,Beyond PM2.5: Wildfire production and dispersion of toxic metal soil particulates,Scott Fendorf; Alexander S Honeyman; A. Lopez; Claudia Avila; Alireza Namayandeh,2024,Goldschmidt2024 abstracts,10.46427/gold2024.24455,Not fully coded / not reported,Direct fire-specific evidence,Forecasting / simulation; Concentration mapping / monitoring,Not fully coded / not reported,Not fully coded / not reported,Not fully coded / not reported,Not fully coded / not reported,Not fully coded / not reported,Not fully coded / not reported,Not fully coded / not reported,Not fully coded / not reported,Not fully coded / not reported,Supports the reported model or simulation task and validation setting; it does not establish universal superiority or real-time deployment.,Direct fire-specific evidence,Direct fire-specific evidence,"Full report was previously assessed, but report text is unavailable in the current archive; detailed charting remains incomplete",Author verified — approved 23 Aug 2026,Medium,Minimum corpus coding reviewed; detailed source-specific fields may remain unreported,https://doi.org/10.46427/gold2024.24455
R02178,Blending Model Output with satellite-based and in-situ observations to produce high-resolution estimates of population exposure to wildfire smoke,W. Lassman,2016,Theory of Computing Systems \/ Mathematical Systems Theory,,Wildfire/wildland/forest fire,Direct fire-specific evidence,Exposure / health-risk estimation; Forecasting / simulation; Concentration mapping / monitoring,Satellite/remote sensing,Not fully coded / not reported,Not fully coded / not reported,Retrospective observational or computational evaluation,Field data/retrospective,Not fully coded / not reported,Not fully coded / not reported,Not fully coded / not reported,2,"Supports only the fire-specific task and evaluation setting described in the report; it does not by itself establish operational readiness, universal superiority, or cross-incident generalisation.",Direct fire-specific evidence,Direct fire-specific evidence,AI-assisted extraction from validated full-report text; existing nonblank charting preserved; no independent author verification of detailed fields claimed,Author verified — approved 23 Aug 2026,High,Minimum corpus coding reviewed; detailed source-specific fields may remain unreported,
R02234,Building a Practice-Based Research Agenda for Wildfire Smoke and Health: A Report of the 2018 Washington Wildfire Smoke Risk Communication Stakeholder Synthesis Symposium.,"Errett, Nicole A; Roop, Heidi A; Pendergrast, Claire; Kramer, C Bradley; Doubleday, Annie; Tran, Kim Anh; Busch Isaksen, Tania M",2019,International journal of environmental research and public health,10.3390/ijerph16132398,Wildfire/wildland/forest fire,Direct fire-specific evidence,Exposure / health-risk estimation; Intervention / decision planning,Not fully coded / not reported,Not fully coded / not reported,World Café stakeholder workshop with qualitative content analysis,Washington wildfire-smoke stakeholder synthesis symposium,Field qualitative stakeholder study,"Seventy-six practitioners and academics from more than 30 agencies, organisations, communities and Tribes participated in small-group World Café sessions; notes were coded using qualitative content analysis",Not fully coded / not reported,Not fully coded / not reported,2,Supports the evaluated intervention or communication setting only; transfer to emergency operations requires workflow validation.,Direct fire-specific evidence,Direct fire-specific evidence,AI-assisted extraction from validated full-report text; existing nonblank charting preserved; no independent author verification of detailed fields claimed,Author verified — approved 23 Aug 2026,Medium,Minimum corpus coding reviewed; detailed source-specific fields may remain unreported,https://doi.org/10.3390/ijerph16132398
R02268,Bushfire Smoke and Children's Health-Exploring a Communication Gap.,"Walsh, Erin I; Sargent, Ginny; Cevik-Compiegne, Burcu; Roberts, Michelle; Palfrey, Nicola; Gooyers-Bourke, Laura; Vardoulakis, Sotiris; Laachir, Karima",2022,International journal of environmental research and public health,10.3390/ijerph191912436,Wildfire/wildland/forest fire,Direct fire-specific evidence,Exposure / health-risk estimation; Intervention / decision planning,Not fully coded / not reported,Not fully coded / not reported,Semi-structured interviews with qualitative thematic content analysis,Bushfire-smoke health-communication qualitative study,Field qualitative study,Semi-structured interviews with sixteen adults analysed using qualitative thematic content analysis,Not fully coded / not reported,Not fully coded / not reported,2,Supports the evaluated intervention or communication setting only; transfer to emergency operations requires workflow validation.,Direct fire-specific evidence,Direct fire-specific evidence,AI-assisted extraction from validated full-report text; existing nonblank charting preserved; no independent author verification of detailed fields claimed,Author verified — approved 23 Aug 2026,Medium,Minimum corpus coding reviewed; detailed source-specific fields may remain unreported,https://doi.org/10.3390/ijerph191912436
R02326,"Canadian and Alaskan wildfire smoke particle properties, their evolution, and controlling factors, from satellite observations",Katherine T. Junghenn Noyes; R. Kahn; J. Limbacher; Zhanqing Li,2021,Atmospheric Chemistry and Physics,10.5194/acp-22-10267-2022,Not fully coded / not reported,Direct fire-specific evidence,Concentration mapping / monitoring,Not fully coded / not reported,Not fully coded / not reported,Not fully coded / not reported,Not fully coded / not reported,Not fully coded / not reported,Not fully coded / not reported,Not fully coded / not reported,Not fully coded / not reported,Not fully coded / not reported,"Supports the reported sensing or measurement task only; operational readiness depends on setting, validation, and deployment maturity.",Direct fire-specific evidence,Direct fire-specific evidence,"Full report was previously assessed, but report text is unavailable in the current archive; detailed charting remains incomplete",Author verified — approved 23 Aug 2026,Medium,Minimum corpus coding reviewed; detailed source-specific fields may remain unreported,https://doi.org/10.5194/acp-22-10267-2022
R02336,"Canadian Wildfire Smoke Episode over Europe in October 2023: Lidar, Sun-Photometer, and Model Characterization of Smoke Layers Observed Above Sofia, Bulgaria",Tsvetina Evgenieva; S. Dosev; L. Gurdev; L. Vulkova; Z. Peshev; E. Toncheva; Lyubomir Popov; O. Vankov; Tanja Dreischuh,2025,Remote Sensing,10.3390/rs17162899,Not fully coded / not reported,Direct fire-specific evidence,Forecasting / simulation; Concentration mapping / monitoring,Not fully coded / not reported,Not fully coded / not reported,Not fully coded / not reported,Not fully coded / not reported,Not fully coded / not reported,Not fully coded / not reported,Not fully coded / not reported,Not fully coded / not reported,Not fully coded / not reported,"Supports the stated sensing or measurement task only; operational readiness depends on setting, validation, and deployment maturity.",Direct fire-specific evidence,Direct fire-specific evidence,"Full report was previously assessed, but report text is unavailable in the current archive; detailed charting remains incomplete",Author verified — approved 23 Aug 2026,Medium,Minimum corpus coding reviewed; detailed source-specific fields may remain unreported,https://doi.org/10.3390/rs17162899
R02400,"Cascading Impacts of Wildfire Emissions on Air Quality, Human Health, and Climate Change Based on Literature Review",E. Hadiwijoyo; H. Rijal; Norhayati Abdullah,2025,Fire,10.3390/fire8120471,Not fully coded / not reported,Fire-specific evidence synthesis,Evidence synthesis; Exposure / health-risk estimation; Concentration mapping / monitoring; Emissions / source-term estimation,Not fully coded / not reported,Not fully coded / not reported,Not fully coded / not reported,Not fully coded / not reported,Not fully coded / not reported,Not fully coded / not reported,Not fully coded / not reported,Not fully coded / not reported,N/A,Used for scope comparison or evidence synthesis; primary-study claims are checked against underlying evidence where material.,Evidence synthesis or guidance,Fire-specific evidence synthesis,"Full report was previously assessed, but report text is unavailable in the current archive; detailed charting remains incomplete",Author verified — approved 23 Aug 2026,Medium,Minimum corpus coding reviewed; detailed source-specific fields may remain unreported,https://doi.org/10.3390/fire8120471
R02465,Chapter 13 Remote Sensing Applications of Wildland Fire and Air Quality in China,J. Qu; X. Hao; Yongqiang Liu; A. Riebau; Hao-ruo Yi; X. Qin,2008,Developments in environmental science,10.1016/s1474-8177(08)00013-2,Wildland fire and smoke,Evidence synthesis/guidance,Remote-sensing observation; fire and air-quality management,Satellite remote sensing,"AVHRR, MODIS, Landsat and related products",Book-chapter evidence synthesis,Review / evidence synthesis,Review/synthesis,Narrative synthesis focused on China,Not applicable,"Coverage, resolution and policy context discussed",N/A,Supports historical and contextual remote-sensing synthesis; does not establish comparative operational performance.,Evidence synthesis or guidance,Fire-specific evidence synthesis,Retrieved full report assessed 24 Aug 2026; minimum coding prepared from report text and with no independent author verification of detailed fields claimed.,Author approved eligibility decision — 2026-08-24,Medium,Minimum corpus coding prepared; detailed source-specific fields may remain unreported,https://doi.org/10.1016/s1474-8177(08)00013-2
R02524,"Characterization of forest fire smoke event near Washington, DC in summer 2013 with multi-wavelength lidar",Veselovskii I.; N Whiteman D.; Korenskiy M.; Suvorina A.; Kolgotin A.; Lyapustin A.; Wang Y.; Chin M.; Bian H.; Kucsera T.L.; Pérez-Ramírez D.; Holben B.,2014,Atmospheric Chemistry and Physics,10.5194/acp-15-1647-2015,Wildfire/wildland/forest fire,Direct fire-specific evidence,Concentration mapping / monitoring,Satellite/remote sensing,Lidar,Not fully coded / not reported,Retrospective observational or computational evaluation,Field data/retrospective,Not fully coded / not reported,Not fully coded / not reported,Not fully coded / not reported,2,"Supports only the fire-specific task and evaluation setting described in the report; it does not by itself establish operational readiness, universal superiority, or cross-incident generalisation.",Direct fire-specific evidence,Direct fire-specific evidence,AI-assisted extraction from validated full-report text; existing nonblank charting preserved; no independent author verification of detailed fields claimed,Author verified — approved 23 Aug 2026,High,Minimum corpus coding reviewed; detailed source-specific fields may remain unreported,https://doi.org/10.5194/acp-15-1647-2015
R02540,"Characterization of Wildfire Smoke over Complex Terrain Using Satellite Observations, Ground-Based Observations, and Meteorological Models",M. Nakata; I. Sano; S. Mukai; A. Kokhanovsky,2022,Remote Sensing,10.3390/rs14102344,Not fully coded / not reported,Direct fire-specific evidence,Forecasting / simulation; Concentration mapping / monitoring,Not fully coded / not reported,Not fully coded / not reported,Not fully coded / not reported,Not fully coded / not reported,Not fully coded / not reported,Not fully coded / not reported,Not fully coded / not reported,Not fully coded / not reported,Not fully coded / not reported,"Supports the stated sensing or measurement task only; operational readiness depends on setting, validation, and deployment maturity.",Direct fire-specific evidence,Direct fire-specific evidence,"Full report was previously assessed, but report text is unavailable in the current archive; detailed charting remains incomplete",Author verified — approved 23 Aug 2026,Medium,Minimum corpus coding reviewed; detailed source-specific fields may remain unreported,https://doi.org/10.3390/rs14102344
R02545,Characterizing Emissions from Prescribed Fires and Assessing Impacts to Air Quality in the Lake Tahoe Basin Using Dispersion Modeling,Tom M. Malamakal,2013,,,Prescribed fire smoke,Direct fire-specific evidence,Emissions estimation; PM2.5 dispersion and air-quality impact,Ground network plus model,"PM2.5/black-carbon monitoring, burn records and WRF meteorology",FEPS-HYSPLIT dispersion modelling,Field monitoring plus retrospective coupled simulation,Field data and modelling,Lake Tahoe prescribed-burn monitoring and case evaluation,Emission factors; predicted/observed PM2.5 timing and contributions,Incomplete burn records and emission inputs identified as dominant limitations,2,Supports prescribed-burn emission/dispersion assessment in the study setting; not routine operational validation.,Direct fire-specific evidence,Direct fire-specific evidence,Retrieved full report assessed 24 Aug 2026; minimum coding prepared from report text and with no independent author verification of detailed fields claimed.,Author approved eligibility decision — 2026-08-24,High,Minimum corpus coding prepared; detailed source-specific fields may remain unreported,
R02589,Chemical Tomography in a Fresh Wildland Fire Plume: A Large Eddy Simulation (LES) Study,Wang S.; Coggon M.M.; Gkatzelis G.I.; Warneke C.; Bourgeois I.; Ryerson T.; Peischl J.; Veres P.R.; Neuman J.A.; Hair J.; Shingler T.; Fenn M.; Diskin G.; Huey L.G.; Lee Y.R.; Apel E.C.; Hornbrook R.S.; Hills A.J.; Hall S.R.; Ullmann K.; Bela M.M.; Trainer M.K.; Kumar R.; Orlando J.J.; Flocke F.M.; Emmons L.K.,2021,Journal of Geophysical Research - Atmospheres,10.1029/2021jd035203,Wildland fire plume,Direct fire-specific evidence,Forecasting / simulation,Not applicable,Not recorded,Physics / dispersion simulation,Simulation / computational experiment,Field data/retrospective,Not fully coded / not reported,Not fully coded / not reported,Not recorded in original workbook,1,"Supports only the fire-specific task and evaluation setting described in the report; it does not by itself establish operational readiness, universal superiority, or cross-incident generalisation.",Direct fire-specific evidence,Direct fire-specific evidence,AI-assisted extraction from validated full-report text; existing nonblank charting preserved; no independent author verification of detailed fields claimed,Author verified — approved 23 Aug 2026,High,Minimum corpus coding reviewed; detailed source-specific fields may remain unreported,https://doi.org/10.1029/2021jd035203
R02611,Citizens' behaviours related to smoke in bushfires and their implications for computational models of evacuation,J. Dugdale; V. Lemiale,2021,Proceedings of the Annual Hawaii International Conference on System Sciences,10.24251/hicss.2021.273,Not fully coded / not reported,Direct fire-specific evidence,Intervention / decision planning; Forecasting / simulation,Not fully coded / not reported,Not fully coded / not reported,Not fully coded / not reported,Not fully coded / not reported,Not fully coded / not reported,Not fully coded / not reported,Not fully coded / not reported,Not fully coded / not reported,Not fully coded / not reported,"Supports the evaluated intervention, communication, or decision setting only; transfer to emergency operations requires workflow validation.",Direct fire-specific evidence,Direct fire-specific evidence,"Full report was previously assessed, but report text is unavailable in the current archive; detailed charting remains incomplete",Author verified — approved 23 Aug 2026,Medium,Minimum corpus coding reviewed; detailed source-specific fields may remain unreported,https://doi.org/10.24251/hicss.2021.273
R02818,Combined Retrievals of Boreal Forest Fire Aerosol Properties with a Polarimeter and Lidar,K. Knobelspiesse; B. Cairns; M. Ottaviani; R. Ferrare; J. Hair; C. Hostetler; M. Obland; R. Rogers; J. Redemann; Y. Shinozuka; A. Clarke; S. Freitag; S. Howell; V. Kapustin; C. McNaughton,2011,Atmospheric Chemistry and Physics,10.5194/acp-11-7045-2011,Not fully coded / not reported,Direct fire-specific evidence,Concentration mapping / monitoring,Not fully coded / not reported,Not fully coded / not reported,Not fully coded / not reported,Not fully coded / not reported,Not fully coded / not reported,Not fully coded / not reported,Not fully coded / not reported,Not fully coded / not reported,Not fully coded / not reported,"Supports the reported sensing or measurement task only; operational readiness depends on setting, validation, and deployment maturity.",Direct fire-specific evidence,Direct fire-specific evidence,"Full report was previously assessed, but report text is unavailable in the current archive; detailed charting remains incomplete",Author verified — approved 23 Aug 2026,Medium,Minimum corpus coding reviewed; detailed source-specific fields may remain unreported,https://doi.org/10.5194/acp-11-7045-2011
R02823,Combining Regulatory Instruments and Low-Cost Sensors to Quantify the Effects of 2020 California Wildfires on PM2.5 in San Joaquin Valley,Faraz Enayati Ahangar; Jeanette Cobian-Iñiguez; Ricardo Cisneros,2022,Fire,10.3390/fire5030064,Not fully coded / not reported,Direct fire-specific evidence,Governance / policy; Concentration mapping / monitoring,Not fully coded / not reported,Not fully coded / not reported,Not fully coded / not reported,Not fully coded / not reported,Not fully coded / not reported,Not fully coded / not reported,Not fully coded / not reported,Not fully coded / not reported,Not fully coded / not reported,"Operational relevance is supported by the retrieved report, but task coding is retained conservatively and is not claimed as independently author-verified.",Direct fire-specific evidence,Direct fire-specific evidence,"Full report was previously assessed, but report text is unavailable in the current archive; detailed charting remains incomplete",Author verified — approved 23 Aug 2026,Medium,Minimum corpus coding reviewed; detailed source-specific fields may remain unreported,https://doi.org/10.3390/fire5030064
R02854,Community-based low-cost air monitoring for wildfire smoke resilience: an implementation science evaluation in rural Alaska,Mariana Cortes Espinosa; Micah Hahn; A. Reed; Cat Hartwell; N. Errett; Tania M Busch Isaksen,2026,Environmental Research: Health,10.1088/2752-5309/ae6aca,Wildfire smoke,Direct fire-specific field/implementation evidence,Concentration mapping / monitoring; risk communication / decision support,Community-based fixed low-cost air-sensor networks in rural Alaska,Primarily outdoor PurpleAir PA-II optical PM2.5 sensors; one QuantAQ Modulair; organiser interviews and sensor-host survey,"Mixed-methods implementation-science evaluation using CFIR, six Proctor implementation outcomes, rapid qualitative analysis and descriptive/exploratory survey analysis","Rural Alaska community monitoring networks, including Tribal and government hosts",Field deployment and retrospective implementation evaluation,Five network-organiser informants (four interviews) plus 16 complete and one partial sensor-host survey response; cross-sectional mixed methods,"Implementation outcomes and descriptive proportions: 68.8% still installed, 50% operating, five hosts used data for local decisions, two reported smoke-related evacuation use",No inferential uncertainty or causal analysis; exploratory stratification and explicit nonresponse/cross-sectional limitations,3,"Supports implementation barriers/facilitators and the observation-to-action gap in the sampled rural Alaska networks. It does not establish sensor accuracy, causal health protection, automated decision effectiveness or transferability to all rural settings.",Direct fire-specific evidence,Direct fire-specific field/implementation evidence,Complete 14-page publisher PDF supplied by author; DOI/title/references and text extraction validated; SHA256 9a394025b97993adb0462103252da49ff4ad3f30fd22186794dfa83a0915a8c3,Author verified — approved 23 Aug 2026,High,Minimum corpus coding reviewed; detailed source-specific fields may remain unreported,https://doi.org/10.1088/2752-5309/ae6aca
R02858,Community Health and Resilience Under Rising Wildfire Smoke Exposure: A Review of Social Vulnerability and Adaptive Capacity,Shahrin Shahab; Sorowar Chowdhury; Md Rafique Ahasan Chawdhery,2026,Sustainability (Switzerland),10.3390/su18115380,Not fully coded / not reported,Fire-specific evidence synthesis,Evidence synthesis; Exposure / health-risk estimation,Not fully coded / not reported,Not fully coded / not reported,Not fully coded / not reported,Not fully coded / not reported,Not fully coded / not reported,Not fully coded / not reported,Not fully coded / not reported,Not fully coded / not reported,N/A,Used for scope comparison or evidence synthesis; it cannot substitute for primary comparative or deployment evidence.,Evidence synthesis or guidance,Fire-specific evidence synthesis,"Full report was previously assessed, but report text is unavailable in the current archive; detailed charting remains incomplete",Author verified — approved 23 Aug 2026,Medium,Minimum corpus coding reviewed; detailed source-specific fields may remain unreported,https://doi.org/10.3390/su18115380
R02874,"Comparative Mask Protection against Inhaling Wildfire Smoke, Allergenic Bioaerosols, and Infectious Particles.","Wagner, Jeff; Macher, Janet M; Chen, Wenhao; Kumagai, Kazukiyo",2022,International journal of environmental research and public health,10.3390/ijerph192315555,Not fully coded / not reported,Direct fire-specific evidence,Intervention / decision planning; Concentration mapping / monitoring,Not fully coded / not reported,Not fully coded / not reported,Not fully coded / not reported,Not fully coded / not reported,Not fully coded / not reported,Not fully coded / not reported,Not fully coded / not reported,Not fully coded / not reported,Not fully coded / not reported,Supports the evaluated intervention or communication setting only; transfer to emergency operations requires workflow validation.,Direct fire-specific evidence,Direct fire-specific evidence,"Full report was previously assessed, but report text is unavailable in the current archive; detailed charting remains incomplete",Author verified — approved 23 Aug 2026,Medium,Minimum corpus coding reviewed; detailed source-specific fields may remain unreported,https://doi.org/10.3390/ijerph192315555
R02945,Comparison of WoFS-Smoke with WRF-SFIRE Smoke Forecasts,Fangjiao Ma; Thomas Jones,2026,Fire,10.3390/fire9050197,Wildfire,Direct fire-specific evidence,Forecasting / simulation,Not applicable,Not recorded,Comparative smoke forecast evaluation,Simulation / computational experiment,Not fully coded / not reported,Head-to-head comparison of two wildfire smoke forecasting systems,Plume-top height; horizontal plume dispersion; vertical smoke structure; radar-reflectivity comparison across two wildfire cases,Eighteen-member ensemble forecasts; case-to-case and model-configuration differences assessed; no calibrated probabilistic uncertainty intervals reported,2,Included provisionally on fire-specific operational relevance; detailed coding has completeness reported in the field-level audit.,Direct fire-specific evidence,Direct fire-specific evidence,Existing charting retained; current full-report archive incomplete; no independent author verification of detailed fields claimed,Author verified — approved 23 Aug 2026,High,Minimum corpus coding reviewed; detailed source-specific fields may remain unreported,https://doi.org/10.3390/fire9050197
R02957,"Compound Risk of Air Pollution and Heat Days and the Influence of Wildfire by SES across California, 2018-2020: Implications for Environmental Justice in the Context of Climate Change.","Masri, Shahir; Jin, Yufang; Wu, Jun",2022,"Climate (Basel, Switzerland)",10.3390/cli10100145,Not fully coded / not reported,Direct fire-specific evidence,Governance / policy; Concentration mapping / monitoring,Not fully coded / not reported,Not fully coded / not reported,Not fully coded / not reported,Not fully coded / not reported,Not fully coded / not reported,Not fully coded / not reported,Not fully coded / not reported,Not fully coded / not reported,Not fully coded / not reported,"Supports the stated policy, equity, or implementation finding; it is not algorithm-performance evidence.",Direct fire-specific evidence,Direct fire-specific evidence,"Full report was previously assessed, but report text is unavailable in the current archive; detailed charting remains incomplete",Author verified — approved 23 Aug 2026,Medium,Minimum corpus coding reviewed; detailed source-specific fields may remain unreported,https://doi.org/10.3390/cli10100145
R02961,"Comprehensive Assessment of Air Quality Dynamics Around Yosemite National Park Using Remote Sensing, GIS, and Computational Analysis During Wildfire Events",Ambreena Javaid; S. H. Abbas,2024,International Journal of Innovative Science & Technology,10.33411/ijist/20246313131327,Wildfire/wildland/forest fire,Direct fire-specific evidence,Concentration mapping / monitoring,Satellite/remote sensing,Satellite imagery/retrievals; Meteorology/reanalysis,Remote-sensing retrieval/inversion,Not fully coded / not reported,Not fully coded / not reported,Single-event/case-study retrospective evaluation,Not fully coded / not reported,Not fully coded / not reported,2,"Supports only the fire-specific task and evaluation setting described in the report; it does not by itself establish operational readiness, universal superiority, or cross-incident generalisation.",Direct fire-specific evidence,Direct fire-specific evidence,AI-assisted extraction from validated full-report text; existing nonblank charting preserved; no independent author verification of detailed fields claimed,Author verified — approved 23 Aug 2026,High,Minimum corpus coding reviewed; detailed source-specific fields may remain unreported,https://doi.org/10.33411/ijist/20246313131327
R03003,Constraining NOx Emissions with Satellite NO2 Data to Improve Modeling of 2023 Wildfire Air Quality,Joshua Kumm; Z. Qu,2026,Atmospheric Environment,10.1016/j.atmosenv.2026.121985,Wildfire emissions,Direct fire-specific evidence,Emissions/source-term estimation; air-quality modelling,Satellite plus chemical transport model,"TROPOMI NO2, AQS ozone and emission inventories",Iterative finite-difference mass-balance inversion with CMAQ,Retrospective 2023 wildfire-season evaluation,Field observations plus modelling,Prior/posterior emission and ozone comparison,Emission adjustment; correlation; normalised mean error and bias,"Satellite sampling, cloud/smoke screening, priors and inversion assumptions explicitly discussed",2,Supports retrospective satellite constraint of NOx emissions and ozone modelling for 2023; not real-time operational validation.,Direct fire-specific evidence,Direct fire-specific evidence,Retrieved full report assessed 24 Aug 2026; minimum coding prepared from report text and with no independent author verification of detailed fields claimed.,Author approved eligibility decision — 2026-08-24,High,Minimum corpus coding prepared; detailed source-specific fields may remain unreported,https://doi.org/10.1016/j.atmosenv.2026.121985
R03005,Constraints on the modeled vertical distribution of smoke during the 2020 western US wildfires from satellite data.,"Arnold, Mackenzie M; Saide, Pablo E; Miyazaki, Kazuyuki; Bowman, Kevin W; Schnell, Jordan L; Ahmadov, Ravan; Chen, Xi; Wang, Jun; Neyra-Nazarrett, Oscar A",2025,NPJ clean air,10.1038/s44407-025-00036-3,Not fully coded / not reported,Direct fire-specific evidence,Forecasting / simulation; Concentration mapping / monitoring,Not fully coded / not reported,Not fully coded / not reported,Not fully coded / not reported,Not fully coded / not reported,Not fully coded / not reported,Not fully coded / not reported,Not fully coded / not reported,Not fully coded / not reported,Not fully coded / not reported,"Supports the stated sensing or measurement task only; operational readiness depends on setting, validation, and deployment maturity.",Direct fire-specific evidence,Direct fire-specific evidence,"Full report was previously assessed, but report text is unavailable in the current archive; detailed charting remains incomplete",Author verified — approved 23 Aug 2026,Medium,Minimum corpus coding reviewed; detailed source-specific fields may remain unreported,https://doi.org/10.1038/s44407-025-00036-3
R03043,Contribution of landfill fires to air pollution - An assessment methodology.,"Bihałowicz, Jan Stefan; Rogula-Kozłowska, Wioletta; Krasuski, Adam",2021,"Waste management (New York, N.Y.)",10.1016/j.wasman.2021.02.046,Landfill/waste fire,Fire-specific,Exposure / health-risk estimation; Forecasting / simulation,Administrative fire records and atmospheric dispersion model,"Polish statistics for 79 large waste fires in 2018, emission factors, waste-volume/density assumptions, population grids","Bottom-up emissions inventory, propagated uncertainty, HYSPLIT dispersion and population overlay",Retrospective national assessment with one very large fire consequence case,Administrative observations plus simulation,National emissions estimation and one-event exposure scenario; sensitivity/uncertainty analysis,Pollutant mass with uncertainty; population above 10 and 100 µg/m³ additional 1-hour PM10,"Explicit propagation of waste-volume, density, and emission-factor uncertainties",2,Supports retrospective landfill-fire emissions and potential exposure estimates; it is not a real-time monitoring or validated incident-response system.,Direct fire-specific evidence,Direct fire-specific evidence,Full report text extracted and AI-assisted detailed charting proposal; no independent author verification of detailed fields claimed,Author verified — approved 23 Aug 2026,High,Minimum corpus coding reviewed; detailed source-specific fields may remain unreported,https://doi.org/10.1016/j.wasman.2021.02.046
R03058,Control of wildfire-sourced PM2.5 in an office setting using a commercially available portable air cleaner.,"Stauffer, Dylan A; Autenrieth, Daniel A; Hart, Julie F; Capoccia, Stella",2020,Journal of occupational and environmental hygiene,10.1080/15459624.2020.1722314,Wildfire smoke,Direct fire-specific evidence,Indoor exposure mitigation; intervention evaluation,Office indoor environment,SidePak AM520 and co-located BAM 1020 PM2.5,Field evaluation of portable air cleaner and sensor correction,Controlled field intervention during wildfire smoke,Field observational/controlled,Paired identical-office comparison with cleaner in one office,PM2.5 reduction; regression/correction agreement,"Single setting, episodic peaks and instrument correction limitations",2,Supports portable-cleaner effectiveness in the evaluated offices; does not establish population health outcomes.,Direct fire-specific evidence,Direct fire-specific evidence,Retrieved full report assessed 24 Aug 2026; minimum coding prepared from report text and with no independent author verification of detailed fields claimed.,Author approved eligibility decision — 2026-08-24,High,Minimum corpus coding prepared; detailed source-specific fields may remain unreported,https://doi.org/10.1080/15459624.2020.1722314
R03137,Creating Clean Air Spaces During Wildland Fire Smoke Episodes: Web Summit Summary.,"Davison, Gilliane; Barkjohn, Karoline K; Hagler, Gayle S W; Holder, Amara L; Coefield, Sarah; Noonan, Curtis; Hassett-Sipple, Beth",2021,Frontiers in public health,10.3389/fpubh.2021.508971,Not fully coded / not reported,Direct fire-specific evidence,Intervention / decision planning,Not fully coded / not reported,Not fully coded / not reported,Not fully coded / not reported,Not fully coded / not reported,Not fully coded / not reported,Not fully coded / not reported,Not fully coded / not reported,Not fully coded / not reported,Not fully coded / not reported,Supports the evaluated intervention or communication setting only; transfer to emergency operations requires workflow validation.,Direct fire-specific evidence,Direct fire-specific evidence,"Full report was previously assessed, but report text is unavailable in the current archive; detailed charting remains incomplete",Author verified — approved 23 Aug 2026,Medium,Minimum corpus coding reviewed; detailed source-specific fields may remain unreported,https://doi.org/10.3389/fpubh.2021.508971
R03146,Critical Review of Health Impacts of Wildfire Smoke Exposure.,"Reid, Colleen E; Brauer, Michael; Johnston, Fay H; Jerrett, Michael; Balmes, John R; Elliott, Catherine T",2016,Environmental health perspectives,10.1289/ehp.1409277,Not fully coded / not reported,Fire-specific evidence synthesis,Evidence synthesis; Exposure / health-risk estimation,Not fully coded / not reported,Not fully coded / not reported,Not fully coded / not reported,Not fully coded / not reported,Not fully coded / not reported,Not fully coded / not reported,Not fully coded / not reported,Not fully coded / not reported,N/A,Used for scope comparison or evidence synthesis; primary-study claims are checked against underlying evidence where material.,Evidence synthesis or guidance,Fire-specific evidence synthesis,"Full report was previously assessed, but report text is unavailable in the current archive; detailed charting remains incomplete",Author verified — approved 23 Aug 2026,Medium,Minimum corpus coding reviewed; detailed source-specific fields may remain unreported,https://doi.org/10.1289/ehp.1409277
R03210,Data-Driven PM2.5 Exposure Prediction in Wildfire-Prone Regions and Respiratory Disease Mortality Risk Assessment,Sadegh Khanmohammadi; M. Arashpour; M. Bazli; Parisa Farzanehfar,2024,Fire,10.3390/fire7080277,Wildfire,Direct fire-specific evidence,Exposure / health-risk estimation; Forecasting / simulation; Concentration mapping / monitoring,Not applicable,"Meteorology, fuel/fire factors, PM2.5, mortality outcomes",Machine-learning exposure prediction and mortality risk assessment,Retrospective computational evaluation,Not fully coded / not reported,Wildfire-prone-region data-driven modelling,Prediction and mortality-risk metrics; exact definitions to extract,Not fully coded / not reported,2,Supports the reported model/simulation task and validation setting; does not by itself establish real-time deployment or superior performance across incidents.,Direct fire-specific evidence,Direct fire-specific evidence,Existing charting retained; current full-report archive incomplete; no independent author verification of detailed fields claimed,Author verified — approved 23 Aug 2026,High,Minimum corpus coding reviewed; detailed source-specific fields may remain unreported,https://doi.org/10.3390/fire7080277
R03305,Dense Forecasting of Wildfire Smoke Particulate Matter Using Sparsity Invariant Convolutional Neural Networks,Renhao Wang; Ashutosh Bhudia; Brandon Dos Remedios; Minnie Teng; R. Ng,2020,arXiv.org,,Not fully coded / not reported,Direct fire-specific evidence,Forecasting / simulation; Concentration mapping / monitoring,Not fully coded / not reported,Not fully coded / not reported,Not fully coded / not reported,Not fully coded / not reported,Not fully coded / not reported,Not fully coded / not reported,Not fully coded / not reported,Not fully coded / not reported,Not fully coded / not reported,Supports the reported model/simulation task and validation setting; does not by itself establish real-time deployment or superior performance across incidents.,Direct fire-specific evidence,Direct fire-specific evidence,"Full report was previously assessed, but report text is unavailable in the current archive; detailed charting remains incomplete",Author verified — approved 23 Aug 2026,Medium,Minimum corpus coding reviewed; detailed source-specific fields may remain unreported,
R03404,Detection and simulation of wildfire smoke impacting a Mediterranean urban atmosphere,B. L. Drooge; M. Sicard; A. Stohl; Marta Fontal; N. Bravo; Álvaro Muñoz; D. Lange; P. Fernández; J. Grimalt,2016,Atmospheric Pollution Research,10.1016/j.apr.2015.12.003,Wildfire/wildland/forest fire,Direct fire-specific evidence,Forecasting / simulation; Detection,Simulation/model only,Lidar; Meteorology/reanalysis,Chemical transport/dispersion model,Simulation/computational experiment,Simulation/computational,Not fully coded / not reported,Not fully coded / not reported,Not fully coded / not reported,1,"Supports only the fire-specific task and evaluation setting described in the report; it does not by itself establish operational readiness, universal superiority, or cross-incident generalisation.",Direct fire-specific evidence,Direct fire-specific evidence,AI-assisted extraction from validated full-report text; existing nonblank charting preserved; no independent author verification of detailed fields claimed,Author verified — approved 23 Aug 2026,High,Minimum corpus coding reviewed; detailed source-specific fields may remain unreported,https://doi.org/10.1016/j.apr.2015.12.003
R03408,"Detection, emission estimation and risk prediction of forest fires in China using satellite sensors and simulation models in the past three decades--an overview.","Zhang, Jia-Hua; Yao, Feng-Mei; Liu, Cheng; Yang, Li-Min; Boken, Vijendra K",2011,International journal of environmental research and public health,10.3390/ijerph8083156,Not fully coded / not reported,Direct fire-specific evidence,Forecasting / simulation; Concentration mapping / monitoring; Emissions / source-term estimation; Detection,Not fully coded / not reported,Not fully coded / not reported,Not fully coded / not reported,Not fully coded / not reported,Not fully coded / not reported,Not fully coded / not reported,Not fully coded / not reported,Not fully coded / not reported,Not fully coded / not reported,"Supports the stated sensing or measurement task only; operational readiness depends on setting, validation, and deployment maturity.",Direct fire-specific evidence,Direct fire-specific evidence,"Full report was previously assessed, but report text is unavailable in the current archive; detailed charting remains incomplete",Author verified — approved 23 Aug 2026,Medium,Minimum corpus coding reviewed; detailed source-specific fields may remain unreported,https://doi.org/10.3390/ijerph8083156
R03430,Detection of forest fires and pollutant plume dispersion using IoT air quality sensors.,"Lertsinsrubtavee, Adisorn; Kanabkaew, Thongchai; Raksakietisak, Sunee",2023,"Environmental pollution (Barking, Essex : 1987)",10.1016/j.envpol.2023.122701,Forest fire / biomass burning,Direct fire-specific field evidence,Incident detection; concentration monitoring; short-horizon plume prediction,Fixed low-cost IoT air-quality sensor network,"PM2.5 and CO sensors, satellite hotspots, human observations and meteorology",J48 decision tree for fire-period classification and stepwise linear regression for 15-minute PM2.5 prediction,"Tak Province, Thailand, January-May 2021",Field observational pilot with retrospective modelling,Two fire/non-fire periods used for training and remaining periods held out; regression compared with persistence,Detection accuracy 72% training and 69% validation; regression R2 approximately 0.95-0.97 with residual standard error,No calibrated predictive intervals; false classifications and model residuals are reported,2,"Supports local field feasibility of low-cost sensing and short-horizon prediction. It does not establish robust cross-region detection, superiority to persistence, or operational response effectiveness.",Direct fire-specific evidence,Direct fire-specific field-pilot evidence,Complete report assessed 22 Aug 2026; Uses a deployed IoT air-quality network to detect forest-fire periods and estimate 15-minute PM2.5 movement in Thailand.,Author verified — approved 23 Aug 2026,High,Minimum corpus coding reviewed; detailed source-specific fields may remain unreported,https://doi.org/10.1016/j.envpol.2023.122701
R03472,Developing an Aircraft-Based Angular Distribution Model of Solar Reflection from Wildfire Smoke to Aid Satellite-Based Radiative Flux Estimation,T. Várnai; C. Gatebe; R. Gautam; R. Poudyal; W. Su,2019,Remote Sensing,10.3390/rs11131509,Not fully coded / not reported,Direct fire-specific evidence,Forecasting / simulation; Concentration mapping / monitoring,Not fully coded / not reported,Not fully coded / not reported,Not fully coded / not reported,Not fully coded / not reported,Not fully coded / not reported,Not fully coded / not reported,Not fully coded / not reported,Not fully coded / not reported,Not fully coded / not reported,"Supports the stated sensing or measurement task only; operational readiness depends on setting, validation, and deployment maturity.",Direct fire-specific evidence,Direct fire-specific evidence,"Full report was previously assessed, but report text is unavailable in the current archive; detailed charting remains incomplete",Author verified — approved 23 Aug 2026,Medium,Minimum corpus coding reviewed; detailed source-specific fields may remain unreported,https://doi.org/10.3390/rs11131509
R03495,Development and Evaluation of a North America Ensemble Wildfire Air Quality Forecast: Initial Application to the 2020 Western United States “Gigafire”,Makkaroon P.; Tong D.Q.; Li Y.; Hyer E.J.; Xian P.; Kondragunta S.; Campbell P.C.; Tang Y.; Baker B.D.; Cohen M.D.; Darmenov A.; Lyapustin A.; Saylor R.D.; Wang Y.; Stajner I.,2023,Journal of Geophysical Research - Atmospheres,10.1029/2022jd037298,Not fully coded / not reported,Direct fire-specific evidence,Forecasting / simulation; Concentration mapping / monitoring,Not fully coded / not reported,Not fully coded / not reported,Not fully coded / not reported,Not fully coded / not reported,Not fully coded / not reported,Not fully coded / not reported,Not fully coded / not reported,Not fully coded / not reported,Not fully coded / not reported,Supports the reported model or simulation task and validation setting; it does not establish universal superiority or real-time deployment.,Direct fire-specific evidence,Direct fire-specific evidence,"Full report was previously assessed, but report text is unavailable in the current archive; detailed charting remains incomplete",Author verified — approved 23 Aug 2026,Medium,Minimum corpus coding reviewed; detailed source-specific fields may remain unreported,https://doi.org/10.1029/2022jd037298
R03503,Development and optimization of a wildfire plume rise model based on remote sensing data inputs – Part 2,R. Paugam; M. Wooster; J. Atherton; S. Freitas; M. Schultz; J. Kaiser,2015,Atmospheric Chemistry and Physics,10.5194/acpd-15-9815-2015,Wildfire/wildland/forest fire,Direct fire-specific evidence,Forecasting / simulation; Concentration mapping / monitoring,Not fully coded / not reported,Not fully coded / not reported,Not fully coded / not reported,Retrospective observational or computational evaluation,Field data/retrospective,Not fully coded / not reported,Not fully coded / not reported,Not fully coded / not reported,2,"Supports only the fire-specific task and evaluation setting described in the report; it does not by itself establish operational readiness, universal superiority, or cross-incident generalisation.",Direct fire-specific evidence,Direct fire-specific evidence,AI-assisted extraction from validated full-report text; existing nonblank charting preserved; no independent author verification of detailed fields claimed,Author verified — approved 23 Aug 2026,Medium,Minimum corpus coding reviewed; detailed source-specific fields may remain unreported,https://doi.org/10.5194/acpd-15-9815-2015
R03518,Development of a low-cost air sensor package and indoor air quality monitoring in a California middle school: Detection of a distant wildfire.,"Kaduwela, Ajith P; Kaduwela, Amal P; Jrade, Ely; Brusseau, Matthew; Morris, Sean; Morris, Jennifer; Risk, Valerie",2019,Journal of the Air & Waste Management Association (1995),10.1080/10962247.2019.1629362,Distant wildfire smoke,Direct fire-specific evidence,Low-cost concentration monitoring; school decision support,School classroom,Low-cost particle and CO2 sensor package,Field indoor-air-quality monitoring,School field deployment,Field deployment,Longitudinal classroom monitoring including a distant-wildfire episode,Particle-number and CO2 temporal changes,"Single classroom, no direct filter-effectiveness evaluation and event attribution limits",2,Supports detection of a distant smoke episode with a low-cost classroom package; not a validated warning or intervention system.,Direct fire-specific evidence,Direct fire-specific evidence,Retrieved full report assessed 24 Aug 2026; minimum coding prepared from report text and with no independent author verification of detailed fields claimed.,Author approved eligibility decision — 2026-08-24,High,Minimum corpus coding prepared; detailed source-specific fields may remain unreported,https://doi.org/10.1080/10962247.2019.1629362
R03527,Development of a Smoke Dispersion Forecast System for Korean Forest Fires,Boknam Lee; S. Cho; Seung-Kii Lee; C. Woo; Joowon Park,2019,Forests,10.3390/f10030219,Not fully coded / not reported,Direct fire-specific evidence,Forecasting / simulation,Not fully coded / not reported,Not fully coded / not reported,Not fully coded / not reported,Not fully coded / not reported,Not fully coded / not reported,Not fully coded / not reported,Not fully coded / not reported,Not fully coded / not reported,Not fully coded / not reported,Supports the reported model/simulation task and validation setting; does not by itself establish real-time deployment or superior performance across incidents.,Direct fire-specific evidence,Direct fire-specific evidence,"Full report was previously assessed, but report text is unavailable in the current archive; detailed charting remains incomplete",Author verified — approved 23 Aug 2026,Medium,Minimum corpus coding reviewed; detailed source-specific fields may remain unreported,https://doi.org/10.3390/f10030219
R03536,Development of an emission estimation method with satellite observations for significant forest fires and comparison with global fire emission inventories: Application to catastrophic fires of summer 2021 over the Eastern Mediterranean,E. Bi̇lgi̇ç; Gizem Tuna Tuygun; Orhan Gündüz,2023,Atmospheric Environment,10.1016/j.atmosenv.2023.119871,Wildfire/wildland/forest fire,Direct fire-specific evidence,Concentration mapping / monitoring; Emissions / source-term estimation,Satellite/remote sensing,Satellite imagery/retrievals; Fire/emissions inventory,Not fully coded / not reported,Retrospective observational or computational evaluation,Field data/retrospective,Not fully coded / not reported,Not fully coded / not reported,Not fully coded / not reported,2,"Supports only the fire-specific task and evaluation setting described in the report; it does not by itself establish operational readiness, universal superiority, or cross-incident generalisation.",Direct fire-specific evidence,Direct fire-specific evidence,AI-assisted extraction from validated full-report text; existing nonblank charting preserved; no independent author verification of detailed fields claimed,Author verified — approved 23 Aug 2026,High,Minimum corpus coding reviewed; detailed source-specific fields may remain unreported,https://doi.org/10.1016/j.atmosenv.2023.119871
R03569,Development of the next-generation air quality prediction system in the Unified Forecast System framework: Enhancing predictability of wildfire air quality impacts,Jianping Huang; I. Stajner; R. Montuoro; Fanglin Yang; Kai Wang; Ho-Chun Huang; Chan‐Hoo Jeon; Brian Curtis; J. Mcqueen; Haixia Liu; B. Baker; Daniel Tong; Youhua Tang; P. Campbell; G. Grell; Gregory J. Frost; Rebecca Schwantes; Siyuan Wang; S. Kondragunta; Fangjun Li; Youngsun Jung,2025,Bulletin of The American Meteorological Society - (BAMS),10.1175/bams-d-23-0053.1,Wildfire smoke,Direct fire-specific operational system and case evaluation,Forecasting / simulation; concentration mapping / monitoring; decision support,NOAA Unified Forecast System Air Quality Model operational forecast pipeline,"RAVE hourly ABI/VIIRS fire emissions, UFS-CMAQ, AirNow PM2.5 and ozone, and VIIRS aerosol optical depth",Online-coupled UFS-CMAQ at 13-km resolution with satellite-derived hourly fire emissions and 72-hour forecasts,"Quebec wildfire smoke affecting North America, 15 June-14 July 2023",Operational model development with retrospective observation-based evaluation,Comparison with the previous operational AQMv6 and surface/satellite observations for a major smoke episode,PM2.5 and ozone bias/error and categorical exceedance metrics including critical success index and probability of detection,"Deterministic forecasts; emission, satellite-observation, and model-physics uncertainties discussed without calibrated intervals",4,"Supports operational implementation and comparative improvement for the evaluated configuration and episode. It does not show universal superiority across fire seasons, regions, or all forecast hazards.",Direct fire-specific evidence,Direct fire-specific operational forecasting evidence,"Complete 22-page report supplied by author; identity, opening/closing pages, references, extractability and completeness validated; SHA256 7c3c90f1b5eff9698a92dcfe90518fb0297b55a77b486a42c383cc9585832eda",Author verified — approved 23 Aug 2026,High,Minimum corpus coding reviewed; detailed source-specific fields may remain unreported,https://doi.org/10.1175/bams-d-23-0053.1
R03585,Differences in the Estimation of Wildfire-Associated Air Pollution by Satellite Mapping of Smoke Plumes and Ground-Level Monitoring.,"Fadadu, Raj P; Balmes, John R; Holm, Stephanie M",2020,International journal of environmental research and public health,10.3390/ijerph17218164,Not fully coded / not reported,Direct fire-specific evidence,Concentration mapping / monitoring,Not fully coded / not reported,Not fully coded / not reported,Not fully coded / not reported,Not fully coded / not reported,Not fully coded / not reported,Not fully coded / not reported,Not fully coded / not reported,Not fully coded / not reported,Not fully coded / not reported,"Supports the stated sensing or measurement task only; operational readiness depends on setting, validation, and deployment maturity.",Direct fire-specific evidence,Direct fire-specific evidence,"Full report was previously assessed, but report text is unavailable in the current archive; detailed charting remains incomplete",Author verified — approved 23 Aug 2026,Medium,Minimum corpus coding reviewed; detailed source-specific fields may remain unreported,https://doi.org/10.3390/ijerph17218164
R03702,Downwind Fire and Smoke Detection during a Controlled Burn—Analyzing the Feasibility and Robustness of Several Downwind Wildfire Sensing Modalities through Real World Applications,Patrick Chwalek; Hall Chen; Prabal Dutta; Joshua Dimon; Sukhwinder Singh; Constance Chiang; Thomas Azwell,2023,Fire,10.3390/fire6090356,Not fully coded / not reported,Direct fire-specific evidence,Concentration mapping / monitoring; Detection,Not fully coded / not reported,Not fully coded / not reported,Not fully coded / not reported,Not fully coded / not reported,Not fully coded / not reported,Not fully coded / not reported,Not fully coded / not reported,Not fully coded / not reported,Not fully coded / not reported,"Supports the stated sensing or measurement task only; operational readiness depends on setting, validation, and deployment maturity.",Direct fire-specific evidence,Direct fire-specific evidence,"Full report was previously assessed, but report text is unavailable in the current archive; detailed charting remains incomplete",Author verified — approved 23 Aug 2026,Medium,Minimum corpus coding reviewed; detailed source-specific fields may remain unreported,https://doi.org/10.3390/fire6090356
R03763,Dynamic Mapping of Forest Fire Fronts Using Multiple Unmanned Aerial Vehicles,Connie N. K. K. Phan; Hugh H. T. Liu,2010,,10.2514/6.2010-8317,Forest fire,Fire-specific interface/source-state evidence,Dynamic fire-front mapping,Four-UAV formation,Simulated temperature measurements,Kalman-filter field estimation and online trajectory planning,Simulation / computational experiment,Simulation only,Dynamic level-curve fire-front mapping simulations,Front/field estimation and tracking performance,Process/measurement noise represented in Kalman framework; no plume output,1,Supports simulated dynamic fire-front mapping from temperature measurements; no smoke concentration or field validation.,Fire-specific interface or background evidence,Conditional fire-source/perimeter input,Retrieved full report assessed 24 Aug 2026; minimum coding prepared from report text and with no independent author verification of detailed fields claimed.,Author approved eligibility decision — 2026-08-24,Medium,Minimum corpus coding prepared; detailed source-specific fields may remain unreported,https://doi.org/10.2514/6.2010-8317
R03768,Dynamic UAV Path Planning Under Wildfire Scenarios Using PPO Algorithm,Xinlong Cai; Wenjie Tang,2025,"2025 4th International Conference on Robotics, Artificial Intelligence and Intelligent Control (RAIIC)",10.1109/raiic65850.2025.11169796,Wildfire,Fire-specific interface/source-state evidence,UAV reconnaissance path planning,UAV,Simulated evolving fire state,PPO with target-location prediction,Simulation / computational experiment,Simulation only,Comparison with traditional path-planning methods in cellular-automata fires,Path-planning efficiency and adaptability as reported,Simplified cellular-automata spread; scaling limitations acknowledged,1,"Supports simulated reconnaissance routing in evolving fires; no plume, concentration or operational validation.",Fire-specific interface or background evidence,Conditional fire-source/perimeter input,Retrieved full report assessed 24 Aug 2026; minimum coding prepared from report text and with no independent author verification of detailed fields claimed.,Author approved eligibility decision — 2026-08-24,Medium,Minimum corpus coding prepared; detailed source-specific fields may remain unreported,https://doi.org/10.1109/raiic65850.2025.11169796
R03814,Early Wildfire Detection using UAVs Integrated with Air Quality and LiDAR Sensors,Doaa Rjoub; Ahmad Alsharoa; Ala’eddin Masadeh,2022,IEEE Vehicular Technology Conference,10.1109/vtc2022-fall57202.2022.10012938,Wildfire,Fire-specific interface/source-state evidence,Early detection; autonomous patrolling,UAV,Air-quality and LiDAR sensors,Energy-aware autonomous patrol optimisation,Simulation / computational experiment,Simulation only,Coverage/detection and battery-management scenario evaluation,Detection/coverage and energy-consumption performance,Sensor/weather and canopy limitations discussed; no concentration calibration,1,Supports simulated energy-aware fire detection using air-quality/LiDAR inputs; does not establish plume mapping or field performance.,Fire-specific interface or background evidence,Conditional fire-source/perimeter input,Retrieved full report assessed 24 Aug 2026; minimum coding prepared from report text and with no independent author verification of detailed fields claimed.,Author approved eligibility decision — 2026-08-24,Medium,Minimum corpus coding prepared; detailed source-specific fields may remain unreported,https://doi.org/10.1109/vtc2022-fall57202.2022.10012938
R03881,"Effect modification of the association between fine particulate air pollution during a wildfire event and respiratory health by area-level measures of socio-economic status, race/ethnicity, and smoking prevalence.","Reid, C E; Considine, E M; Watson, G L; Telesca, D; Pfister, G G; Jerrett, M",2023,"Environmental research, health : ERH",10.1088/2752-5309/acc4e1,Not fully coded / not reported,Direct fire-specific evidence,Exposure / health-risk estimation; Concentration mapping / monitoring,Not fully coded / not reported,Not fully coded / not reported,Not fully coded / not reported,Not fully coded / not reported,Not fully coded / not reported,Not fully coded / not reported,Not fully coded / not reported,Not fully coded / not reported,Not fully coded / not reported,Supports differential wildfire-PM risk stratification; it does not establish personalised or prospective clinical decision support.,Direct fire-specific evidence,Direct fire-specific evidence,"Full report was previously assessed, but report text is unavailable in the current archive; detailed charting remains incomplete",Author verified — approved 23 Aug 2026,Medium,Minimum corpus coding reviewed; detailed source-specific fields may remain unreported,https://doi.org/10.1088/2752-5309/acc4e1
R03930,"Effects of fine particulate matter from wildfire and non-wildfire sources on emergency-department visits in people who were housed and unhoused in San Diego County (CA, USA) during 2012-20: a time-stratified case-crossover study.","Schwarz, Lara; Nguyen, Andrew; Schwarz, Emilie; Castillo, Edward M; Brennan, Jesse J; Chan, Theodore C; Aguilera, Rosana; Gershunov, Alexander; Benmarhnia, Tarik",2024,The Lancet. Planetary health,10.1016/s2542-5196(24)00239-0,Wildfire,Direct fire-specific evidence,Exposure / health-risk estimation; Concentration mapping / monitoring,Instrumented mobile platform,Source-specific PM2.5 exposure; ED records; housing status,Time-stratified case-crossover,Retrospective observational study,Not fully coded / not reported,Source-specific exposure-response comparison stratified by housing status,Odds/risk estimates and confidence intervals,Statistical intervals; exposure attribution uncertainty,2,Supports wildfire-PM vulnerability/risk stratification by housing status; it does not establish prospective clinical decision support.,Direct fire-specific evidence,Direct fire-specific evidence,Not fully coded / not reported,Author verified — approved 23 Aug 2026,High,Minimum corpus coding reviewed; detailed source-specific fields may remain unreported,https://doi.org/10.1016/s2542-5196(24)00239-0
R03981,Efficacy of Communication Techniques and Health Outcomes of Bushfire Smoke Exposure: A Scoping Review.,"Heaney, Emily; Hunter, Laura; Clulow, Angus; Bowles, Devin; Vardoulakis, Sotiris",2021,International journal of environmental research and public health,10.3390/ijerph182010889,Not fully coded / not reported,Fire-specific evidence synthesis,Evidence synthesis; Exposure / health-risk estimation; Intervention / decision planning,Not fully coded / not reported,Not fully coded / not reported,Not fully coded / not reported,Not fully coded / not reported,Not fully coded / not reported,Not fully coded / not reported,Not fully coded / not reported,Not fully coded / not reported,N/A,Used for scope comparison or evidence synthesis; primary-study claims are checked against underlying evidence where material.,Evidence synthesis or guidance,Fire-specific evidence synthesis,"Full report was previously assessed, but report text is unavailable in the current archive; detailed charting remains incomplete",Author verified — approved 23 Aug 2026,Medium,Minimum corpus coding reviewed; detailed source-specific fields may remain unreported,https://doi.org/10.3390/ijerph182010889
R04018,Emergency department visits in California associated with wildfire PM2.5: differing risk across individuals and communities.,"Stowell, Jennifer D; Sue Wing, Ian; Romitti, Yasmin; Kinney, Patrick L; Wellenius, Gregory A",2025,"Environmental research, health : ERH",10.1088/2752-5309/ad976d,Wildfire,Direct fire-specific evidence,Exposure / health-risk estimation; Concentration mapping / monitoring,Not applicable,Wildfire-specific PM2.5 exposure estimates; ED records,Retrospective epidemiological risk modelling,Retrospective observational study,Not fully coded / not reported,California ED visits with individual/community effect modification,Exposure-response and differential risk estimates,Statistical confidence intervals; exposure-model uncertainty should be extracted,2,Supports differential wildfire-PM risk by individual/community characteristics; it does not establish personalised or prospective clinical decision support.,Direct fire-specific evidence,Direct fire-specific evidence,Existing charting retained; current full-report archive incomplete; no independent author verification of detailed fields claimed,Author verified — approved 23 Aug 2026,High,Minimum corpus coding reviewed; detailed source-specific fields may remain unreported,https://doi.org/10.1088/2752-5309/ad976d
R04029,Emerging Trends in AI-Driven Autonomous Unmanned Aerial Vehicle System for Wildfire Surveillance: A Comprehensive Survey,Varsha Poddar; Sukalyan Goswami; Nidhi Sikder; Anirban Mondal; Mrinmay Das,2025,"2025 13th International Conference on Intelligent Embedded, MicroElectronics, Communication and Optical Networks (IEMECON)",10.1109/iemecon69302.2025.11365846,Wildfire/wildland/forest fire,Fire-specific source/detection synthesis with adjacent agricultural transfer,Evidence synthesis; Detection; Source/perimeter surveillance,UAV/drone; UAV swarm,"Thermal, infrared, multispectral, hyperspectral, satellite, and IoT sensing discussed",Narrative technology survey of AI-enabled autonomous UAV systems,Narrative review,Review/synthesis,Qualitative comparison of selected systems and challenges,"Qualitative accuracy, processing speed, endurance, communications, payload, and responsiveness",No formal uncertainty synthesis,N/A,"Supports qualitative positioning of UAV surveillance and constraints only. It does not provide direct plume-concentration, health-risk, comparative-performance, or deployment evidence; agricultural sections are transferred context.",Evidence synthesis or guidance,Fire-specific evidence synthesis - source/detection layer,Full report text extracted and AI-assisted detailed charting proposal; no independent author verification of detailed fields claimed,Author verified — approved 23 Aug 2026,High,Minimum corpus coding reviewed; detailed source-specific fields may remain unreported,https://doi.org/10.1109/iemecon69302.2025.11365846
R04096,Engaging interested parties to optimize wildfire smoke communication in Canada: challenges with initiating change.,"Choy, Amelia; Shellington, Erin M; Rideout, Karen; Roushorne, Meghan; Joshi, Phalgun; Carlsten, Christopher",2023,Frontiers in public health,10.3389/fpubh.2023.1268249,Not fully coded / not reported,Direct fire-specific evidence,Intervention / decision planning,Not fully coded / not reported,Not fully coded / not reported,Not fully coded / not reported,Not fully coded / not reported,Not fully coded / not reported,Not fully coded / not reported,Not fully coded / not reported,Not fully coded / not reported,Not fully coded / not reported,Supports the evaluated intervention or communication setting only; transfer to emergency operations requires workflow validation.,Direct fire-specific evidence,Direct fire-specific evidence,"Full report was previously assessed, but report text is unavailable in the current archive; detailed charting remains incomplete",Author verified — approved 23 Aug 2026,Medium,Minimum corpus coding reviewed; detailed source-specific fields may remain unreported,https://doi.org/10.3389/fpubh.2023.1268249
R04135,Enhancing Wildfire and Smoke Forecasting by Integrating Fire Observations: A Comparative Analysis of Methods for Integrating Infrared and Satellite Data Into a Coupled Fire‐Atmosphere Model,Kathleen Clough; Angel Farguell; J. Mandel; Kyle Hilburn; A. Kochanski,2025,Journal of Geophysical Research - Atmospheres,10.1029/2024jd042561,Wildfire/wildland/forest fire,Direct fire-specific evidence,Forecasting / simulation; Concentration mapping / monitoring; Source/perimeter data integration,Satellite / remote sensing; aircraft infrared perimeter observations,"Infrared fire perimeters, consecutive satellite fire detections, surface PM2.5 observations, and smoke-height observations","WRFx coupled fire-atmosphere model with IR-only, IR+Sat-Recent, and IR+Sat-Context initialization",Retrospective rerun of a real-time forecasting workflow,Simulation validated against field observations,Within-incident comparative analysis of three initialization methods,Fire-acreage error; Sorensen coefficient; overprediction area; surface PM2.5; maximum smoke-height error,Alternative-method comparison and observational validation; no probabilistic forecast calibration,2,Supports the reported WRFx initialization comparison for one wildfire and its 24-48-hour forecast setting; it does not establish universal superiority or fully operational deployment.,Direct fire-specific evidence,Direct fire-specific evidence,Full report text extracted and AI-assisted detailed charting proposal; no independent author verification of detailed fields claimed,Author verified — approved 23 Aug 2026,High,Minimum corpus coding reviewed; detailed source-specific fields may remain unreported,https://doi.org/10.1029/2024jd042561
R04143,"Enhancing Wildfire Smoke Exposure Assessment: A Machine Learning Approach to Predict Indoor PM2.5 in British Columbia, Canada",Eric S. Coker; William Ho; Naman Paul; M. J. Lee; James M Dickson; Ophir Greif; Brayden Nilson; S. Cleland; S. Henderson,2024,ACS ES&T Air,10.1021/acsestair.4c00204,Wildfire/wildland/forest fire,Direct fire-specific evidence,Exposure / health-risk estimation; Concentration mapping / monitoring,Fixed indoor/outdoor low-cost sensor network,Colocated low-cost sensors at 44 care facilities; NAPS and PurpleAir PM2.5; meteorology; deprivation indicators; aggregated PharmaNet inhaler dispensing,"Weighted and stacked ensembles of random forest, quantile regression forest, and XGBoost; generalized additive health models",Field observations with retrospective computational modelling,Field data and modelling,"10-fold cross-validation, 80/20 test split, held-out 2023 extreme wildfire-season validation, and sensitivity analyses","RMSE, R2, MAE, MSE, predictions within 5 micrograms/m3, and incidence-rate ratios",Held-out extreme-season validation and sensitivity/lag analyses; no predictive-interval calibration,2,Supports population-scale indoor/outdoor exposure estimation and retrospective health-association analysis in the evaluated British Columbia setting; it is not individual-level causal or clinical decision support.,Direct fire-specific evidence,Direct fire-specific evidence,Full report text extracted and AI-assisted detailed charting proposal; no independent author verification of detailed fields claimed,Author verified — approved 23 Aug 2026,High,Minimum corpus coding reviewed; detailed source-specific fields may remain unreported,https://doi.org/10.1021/acsestair.4c00204
R04146,Ensemble-based deep learning for estimating PM2.5 over California with multisource big data including wildfire smoke.,"Li, Lianfa; Girguis, Mariam; Lurmann, Frederick; Pavlovic, Nathan; McClure, Crystal; Franklin, Meredith; Wu, Jun; Oman, Luke D; Breton, Carrie; Gilliland, Frank; Habre, Rima",2020,Environment international,10.1016/j.envint.2020.106143,Not fully coded / not reported,Direct fire-specific evidence,Exposure / health-risk estimation; Concentration mapping / monitoring,Not fully coded / not reported,Not fully coded / not reported,Not fully coded / not reported,Not fully coded / not reported,Not fully coded / not reported,Not fully coded / not reported,Not fully coded / not reported,Not fully coded / not reported,Not fully coded / not reported,Supports the reported exposure/risk estimation task; it does not establish personalized or prospective clinical decision support unless explicitly evaluated.,Direct fire-specific evidence,Direct fire-specific evidence,"Full report was previously assessed, but report text is unavailable in the current archive; detailed charting remains incomplete",Author verified — approved 23 Aug 2026,Medium,Minimum corpus coding reviewed; detailed source-specific fields may remain unreported,https://doi.org/10.1016/j.envint.2020.106143
R04149,Ensemble PM2.5 Forecasting During the 2018 Camp Fire Event Using the HYSPLIT Transport and Dispersion Model,Y. Li; D. Tong; F. Ngan; M. Cohen; Ariel F. Stein; S. Kondragunta; Xiaoyan Zhang; C. Ichoku; E. Hyer; Ralph A. Kahn,2020,Journal of Geophysical Research - Atmospheres,10.1029/2020jd032768,Wildfire smoke,Direct fire-specific evidence,PM2.5 forecasting; uncertainty quantification,HYSPLIT ensemble,"Four satellite fire-emission datasets, meteorology and surface PM2.5",Multi-input ensemble transport and dispersion forecasting,Retrospective 2018 Camp Fire forecast evaluation,Operational-style model evaluated with observations,Sensitivity/ensemble experiments and size-reduction evaluation,PM2.5 forecast error/performance and ensemble spread; computational saving,"Explicit emission, meteorology, plume-rise and model-option ensemble",2,Supports retrospective ensemble uncertainty analysis for one major event; not universal model superiority or routine deployment.,Direct fire-specific evidence,Direct fire-specific evidence,Retrieved full report assessed 24 Aug 2026; minimum coding prepared from report text and with no independent author verification of detailed fields claimed.,Author approved eligibility decision — 2026-08-24,High,Minimum corpus coding prepared; detailed source-specific fields may remain unreported,https://doi.org/10.1029/2020jd032768
R04222,"Establishing a Community Air Monitoring Network in a Wildfire Smoke-Prone Rural Community: The Motivations, Experiences, Challenges, and Ideas of Clean Air Methow's Clean Air Ambassadors.","Durkin, Amanda; Gonzalez, Rico; Isaksen, Tania Busch; Walker, Elizabeth; Errett, Nicole A",2020,International journal of environmental research and public health,10.3390/ijerph17228393,Not fully coded / not reported,Direct fire-specific evidence,Concentration mapping / monitoring,Not fully coded / not reported,Not fully coded / not reported,Not fully coded / not reported,Not fully coded / not reported,Not fully coded / not reported,Not fully coded / not reported,Not fully coded / not reported,Not fully coded / not reported,Not fully coded / not reported,"Supports the stated sensing or measurement task only; operational readiness depends on setting, validation, and deployment maturity.",Direct fire-specific evidence,Direct fire-specific evidence,"Full report was previously assessed, but report text is unavailable in the current archive; detailed charting remains incomplete",Author verified — approved 23 Aug 2026,Medium,Minimum corpus coding reviewed; detailed source-specific fields may remain unreported,https://doi.org/10.3390/ijerph17228393
R04228,"Estimate Particulate Matter PM2.5 Concentration Impact of Wildfires Using Machine Learning in Chiang Mai Province, Thailand",Thiwakorn Sena; P. Soytong,2025,Rajamangala University of Technology Tawan-ok Research Journal,10.63271/rmuttorj.v18i2.265288,Not fully coded / not reported,Direct fire-specific evidence,Exposure / health-risk estimation; Concentration mapping / monitoring,Not fully coded / not reported,Not fully coded / not reported,Not fully coded / not reported,Not fully coded / not reported,Not fully coded / not reported,Not fully coded / not reported,Not fully coded / not reported,Not fully coded / not reported,Not fully coded / not reported,"Supports the reported exposure, risk, or public-health estimation task; it does not establish prospective clinical decision support unless evaluated.",Direct fire-specific evidence,Direct fire-specific evidence,"Full report was previously assessed, but report text is unavailable in the current archive; detailed charting remains incomplete",Author verified — approved 23 Aug 2026,Medium,Minimum corpus coding reviewed; detailed source-specific fields may remain unreported,https://doi.org/10.63271/rmuttorj.v18i2.265288
R04232,Estimated total emissions of trace gases from the Canberra Wildfires of 2003: a new method using satellite measurements of aerosol optical depth & the MOZART chemical transport model,Paton-Walsh C.; Emmons L.K.; Wilson S.R.,2010,Atmospheric Chemistry and Physics,10.5194/acp-10-5739-2010,Not fully coded / not reported,Direct fire-specific evidence,Forecasting / simulation; Concentration mapping / monitoring; Emissions / source-term estimation,Not fully coded / not reported,Not fully coded / not reported,Not fully coded / not reported,Not fully coded / not reported,Not fully coded / not reported,Not fully coded / not reported,Not fully coded / not reported,Not fully coded / not reported,Not fully coded / not reported,"Supports the stated sensing or measurement task only; operational readiness depends on setting, validation, and deployment maturity.",Direct fire-specific evidence,Direct fire-specific evidence,"Full report was previously assessed, but report text is unavailable in the current archive; detailed charting remains incomplete",Author verified — approved 23 Aug 2026,Medium,Minimum corpus coding reviewed; detailed source-specific fields may remain unreported,https://doi.org/10.5194/acp-10-5739-2010
R04241,Estimating annual GHG and particulate matter emissions from rural and forest fires based on an integrated modelling approach.,"Scarpa, Carla; Bacciu, Valentina; Ascoli, Davide; Costa-Saura, Josè Maria; Salis, Michele; Sirca, Costantino; Marchetti, Marco; Spano, Donatella",2024,The Science of the total environment,10.1016/j.scitotenv.2023.167960,Rural and forest fires,Direct fire-specific evidence,Emissions/source-term estimation,Integrated geospatial modelling workflow,"Burned area, fuel, weather and land-cover inputs",Integrated fuel-consumption and emissions modelling,Retrospective national/regional inventory case study,Retrospective computational evaluation,Italy 2007-2017 comparison with national/global inventories,"GHG/PM emissions, agreement with inventories and spatial/seasonal distributions","Fuel, emission-factor, burned-area and meteorological input uncertainty discussed",2,Supports retrospective annual emissions estimation for the Italian case; not incident-time concentration forecasting.,Direct fire-specific evidence,Direct fire-specific evidence,Retrieved full report assessed 24 Aug 2026; minimum coding prepared from report text and with no independent author verification of detailed fields claimed.,Author approved eligibility decision — 2026-08-24,High,Minimum corpus coding prepared; detailed source-specific fields may remain unreported,https://doi.org/10.1016/j.scitotenv.2023.167960
R04264,"ESTIMATING PM2.5 CONCENTRATIONS IN BRITISH COLUMBIA, CANADA DURING WILDFIRE SEASON USING SATELLITE OPTICAL DATA",S. Fatholahi; Y. Gu; M. Liu; L. Ma; Yongxiong Chen; Jonathan Li,2020,"ISPRS Annals of the Photogrammetry, Remote Sensing and Spatial Information Sciences",10.5194/isprs-annals-v-1-2020-71-2020,Not fully coded / not reported,Direct fire-specific evidence,Concentration mapping / monitoring,Not fully coded / not reported,Not fully coded / not reported,Not fully coded / not reported,Not fully coded / not reported,Not fully coded / not reported,Not fully coded / not reported,Not fully coded / not reported,Not fully coded / not reported,Not fully coded / not reported,"Supports the reported sensing or measurement task only; operational readiness depends on setting, validation, and deployment maturity.",Direct fire-specific evidence,Direct fire-specific evidence,"Full report was previously assessed, but report text is unavailable in the current archive; detailed charting remains incomplete",Author verified — approved 23 Aug 2026,Medium,Minimum corpus coding reviewed; detailed source-specific fields may remain unreported,https://doi.org/10.5194/isprs-annals-v-1-2020-71-2020
R04280,Estimating the impact of the 2004 Alaskan forest fires on episodic particulate matter pollution over the eastern United States through assimilation of satellite‐derived aerosol optical depths in a regional air quality model,R. Mathur,2008,Journal of Geophysical Research Atmospheres,10.1029/2007jd009767,Wildfire smoke,Direct fire-specific evidence,Concentration mapping; smoke-impact attribution; data assimilation,"Satellite, aircraft and ground monitoring plus regional model",Satellite AOD; aircraft tracers; surface PM2.5,Regional chemical transport model with AOD assimilation,Retrospective 2004 Alaskan/Canadian wildfire event,Field observations plus modelling,Case-study model-observation evaluation over the eastern United States,Surface PM2.5 and aerosol-field agreement reported by the study,"Emission, AOD retrieval and transport-model limitations discussed",2,Supports retrospective AOD assimilation and PM2.5 attribution for the evaluated long-range smoke event; it does not establish general operational forecast performance.,Direct fire-specific evidence,Direct fire-specific evidence,Retrieved full report assessed 2026-08-24; minimum coding prepared from the complete report and with no independent author verification of detailed fields claimed.,Author approved eligibility decision — 2026-08-24,High,Minimum corpus coding prepared; detailed source-specific fields may remain unreported,https://doi.org/10.1029/2007jd009767
R04288,"Estimating Wildfire Smoke Concentrations during the October 2017 California Fires through BME Space/Time Data Fusion of Observed, Modeled, and Satellite-Derived PM2.5.","Cleland, Stephanie E; West, J Jason; Jia, Yiqin; Reid, Stephen; Raffuse, Sean; O'Neill, Susan; Serre, Marc L",2020,Environmental Science and Technology,10.1021/acs.est.0c03761,Not fully coded / not reported,Direct fire-specific evidence,Forecasting / simulation; Concentration mapping / monitoring,Not fully coded / not reported,Not fully coded / not reported,Not fully coded / not reported,Not fully coded / not reported,Not fully coded / not reported,Not fully coded / not reported,Not fully coded / not reported,Not fully coded / not reported,Not fully coded / not reported,"Supports the stated sensing or measurement task only; operational readiness depends on setting, validation, and deployment maturity.",Direct fire-specific evidence,Direct fire-specific evidence,"Full report was previously assessed, but report text is unavailable in the current archive; detailed charting remains incomplete",Author verified — approved 23 Aug 2026,Medium,Minimum corpus coding reviewed; detailed source-specific fields may remain unreported,https://doi.org/10.1021/acs.est.0c03761
R04314,Estimation of Forest Fire Emission in Thailand by Using Remote Sensing Information,Agapol Junpen; S. Garivait; S. Bonnet; A. Pongpullponsak,2011,"World Academy of Science, Engineering and Technology, International Journal of Environmental, Chemical, Ecological, Geological and Geophysical Engineering",,Wildfire/wildland/forest fire,Direct fire-specific evidence,Concentration mapping / monitoring; Emissions / source-term estimation,Satellite/remote sensing,Gas sensors/measurements; Satellite imagery/retrievals; Fire/emissions inventory,MODIS-based forest-fire emissions estimation using experimental and statistical inputs,"Retrospective Thailand forest-fire emissions assessment, 2005-2009",Satellite observations plus emissions modelling,Not fully coded / not reported,Not fully coded / not reported,Not fully coded / not reported,2,"Supports only the fire-specific task and evaluation setting described in the report; it does not by itself establish operational readiness, universal superiority, or cross-incident generalisation.",Direct fire-specific evidence,Direct fire-specific evidence,AI-assisted extraction from validated full-report text; existing nonblank charting preserved; no independent author verification of detailed fields claimed,Author verified — approved 23 Aug 2026,High,Minimum corpus coding reviewed; detailed source-specific fields may remain unreported,
R04370,Evaluating Chemical Transport and Machine Learning Models for Wildfire Smoke PM2.5: Implications for Assessment of Health Impacts.,"Qiu, Minghao; Kelp, Makoto; Heft-Neal, Sam; Jin, Xiaomeng; Gould, Carlos F; Tong, Daniel Q; Burke, Marshall",2024,Environmental Science and Technology,10.1021/acs.est.4c05922,Wildfire and prescribed fire not separated,Direct fire-specific evidence,Concentration mapping / monitoring; Exposure / health-risk estimation; Forecasting / simulation,"Ground monitoring, satellite plume products, and numerical models","GEOS-Chem, CMAQ, prior ML smoke estimates, EPA and PurpleAir PM2.5, HMS smoke plumes, meteorology, and county mortality",Comparative CTM/ML evaluation; XGBoost calibration; county-level Poisson mortality modelling,Continental retrospective model-observation comparison,Simulation and observational validation,"Three-method comparison, two monitor-based evaluations, five-fold spatial cross-validation, sensitivity simulations, and mortality analysis","RMSE, concentration bias/agreement, spatial cross-validation performance, dose-response functions, and excess mortality","Explicit model discrepancy, sensitivity simulations, spatial holdout, and alternate dose-response functions; no complete probabilistic uncertainty propagation",2,Supports method-dependent exposure and mortality-estimation findings for the contiguous United States and 2020 smoke conditions; it does not establish one universally superior model or operational health-decision performance.,Direct fire-specific evidence,Direct fire-specific evidence,Full report text extracted and AI-assisted detailed charting proposal; no independent author verification of detailed fields claimed,Author verified — approved 23 Aug 2026,High,Minimum corpus coding reviewed; detailed source-specific fields may remain unreported,https://doi.org/10.1021/acs.est.4c05922
R04403,Evaluating Wildfire Smoke Transport Within a Coupled Fire‐Atmosphere Model Using a High‐Density Observation Network for an Episodic Smoke Event Along Utah's Wasatch Front,Mallia D.V.; Kochanski A.K.; Kelly K.E.; Whitaker R.; Xing W.; Mitchell L.E.; Jacques A.; Farguell A.; Mandel J.; Gaillardon P.-E.; Becnel T.; Krueger S.K.,2020,Journal of Geophysical Research - Atmospheres,10.1029/2020jd032712,Wildfire smoke,Direct fire-specific field and simulation evidence,Concentration mapping / monitoring; forecasting / simulation,"Dense fixed low-cost sensor network, mobile public-transit monitor, regulatory monitors, and WRF-SFIRE-CHEM","More than 500 calibrated AQ&U PM2.5 sensors, mobile TRAX measurements, UDAQ reference monitors, meteorology, fuel and satellite fire inputs",Coupled WRF-SFIRE-CHEM constrained and forecast simulations evaluated against dense fixed and mobile observations,"2018 Pole Creek and Bald Mountain fires, northern Utah complex terrain",Field monitoring plus retrospective coupled simulation,Event case study comparing spatial and temporal plume simulations with multiple observation systems,"Sensor calibration within about 10%; RMSE 8-14 micrograms/m3, relative bias below 10%, and estimated spatial correlation length about 7.1 km",Observation calibration and model discrepancies described; no probabilistic plume forecast,3,"Supports the value of dense observations and coupled modelling for this Utah event, not general accuracy across terrains, fuels, meteorology, or operational deployments.",Direct fire-specific evidence,Direct fire-specific field-monitoring and coupled-modelling evidence,"Complete 19-page report supplied by author; identity, opening/closing pages, references, extractability and completeness validated; SHA256 55128bf2b25bc9fa8d582361cd38b1260196227e767ed7e646617d062a7a4db3",Author verified — approved 23 Aug 2026,High,Minimum corpus coding reviewed; detailed source-specific fields may remain unreported,https://doi.org/10.1029/2020jd032712
R04413,Evaluation of a spatially resolved forest fire smoke model for population-based epidemiologic exposure assessment.,"Yao, Jiayun; Eyamie, Jeff; Henderson, Sarah B",2016,Journal of Exposure Science and Environmental Epidemiology,10.1038/jes.2014.67,Not fully coded / not reported,Direct fire-specific evidence,Exposure / health-risk estimation; Forecasting / simulation,Not fully coded / not reported,Not fully coded / not reported,Not fully coded / not reported,Not fully coded / not reported,Not fully coded / not reported,Not fully coded / not reported,Not fully coded / not reported,Not fully coded / not reported,Not fully coded / not reported,Supports the reported exposure/risk estimation task; it does not establish personalized or prospective clinical decision support unless explicitly evaluated.,Direct fire-specific evidence,Direct fire-specific evidence,"Full report was previously assessed, but report text is unavailable in the current archive; detailed charting remains incomplete",Author verified — approved 23 Aug 2026,Medium,Minimum corpus coding reviewed; detailed source-specific fields may remain unreported,https://doi.org/10.1038/jes.2014.67
R04415,Evaluation of a wildfire smoke forecasting system as a tool for public health protection.,"Yao, Jiayun; Brauer, Michael; Henderson, Sarah B",2013,Environmental health perspectives,10.1289/ehp.1306768,Wildfire,Direct fire-specific evidence,Exposure / health-risk estimation; Intervention / decision planning; Forecasting / simulation,Public-health smoke forecast system,Not recorded,Forecast-system evaluation,Operational or field deployment,Not fully coded / not reported,Smoke forecasts evaluated for public-health use,Forecast exposure performance; exact metrics to extract,Not fully coded / not reported,4,Supports the reported model/simulation task and validation setting; does not by itself establish real-time deployment or superior performance across incidents.,Direct fire-specific evidence,Direct fire-specific evidence,Existing charting retained; current full-report archive incomplete; no independent author verification of detailed fields claimed,Author verified — approved 23 Aug 2026,High,Minimum corpus coding reviewed; detailed source-specific fields may remain unreported,https://doi.org/10.1289/ehp.1306768
R04431,Evaluation of Ground-Based Smoke Sensors for Wildfire Detection and Monitoring in Canada,D. K. Thompson; Giovanni Fusina; P. Jackson,2026,Fire,10.3390/fire9040141,Not fully coded / not reported,Direct fire-specific evidence,Concentration mapping / monitoring; Detection,Not fully coded / not reported,Not fully coded / not reported,Not fully coded / not reported,Not fully coded / not reported,Not fully coded / not reported,Not fully coded / not reported,Not fully coded / not reported,Not fully coded / not reported,Not fully coded / not reported,"Supports the stated sensing or measurement task only; operational readiness depends on setting, validation, and deployment maturity.",Direct fire-specific evidence,Direct fire-specific evidence,"Full report was previously assessed, but report text is unavailable in the current archive; detailed charting remains incomplete",Author verified — approved 23 Aug 2026,Medium,Minimum corpus coding reviewed; detailed source-specific fields may remain unreported,https://doi.org/10.3390/fire9040141
R04439,Evaluation of Model-Based PM2.5 Estimates for Exposure Assessment During Wildfire Smoke Episodes in the Western U.S.,"Considine, Ellen M; Hao, Jiayuan; deSouza, Priyanka; Braun, Danielle; Reid, Colleen E; Nethery, Rachel C",2023,Environmental Science and Technology,10.1021/acs.est.2c06288,Not fully coded / not reported,Direct fire-specific evidence,Exposure / health-risk estimation; Forecasting / simulation; Concentration mapping / monitoring,Not fully coded / not reported,Not fully coded / not reported,Not fully coded / not reported,Not fully coded / not reported,Not fully coded / not reported,Not fully coded / not reported,Not fully coded / not reported,Not fully coded / not reported,Not fully coded / not reported,Supports the reported exposure/risk estimation task; it does not establish personalized or prospective clinical decision support unless explicitly evaluated.,Direct fire-specific evidence,Direct fire-specific evidence,"Full report was previously assessed, but report text is unavailable in the current archive; detailed charting remains incomplete",Author verified — approved 23 Aug 2026,Medium,Minimum corpus coding reviewed; detailed source-specific fields may remain unreported,https://doi.org/10.1021/acs.est.2c06288
R04440,"Evaluation of modeled smoke plumes of wildfires in the Argentinian Patagonia, against satellite observations.","García Ferreyra, María Fernanda; Scavuzzo, Carlos Marcelo; Otero, Lidia Ana; Curci, Gabriele",2025,"Environmental pollution (Barking, Essex : 1987)",10.1016/j.envpol.2025.126540,Patagonian wildfire smoke,Direct fire-specific evidence,Emissions estimation; plume and air-quality simulation,Satellite observations plus coupled numerical models,OMI NO2; MODIS/MAIAC AOD; fire and meteorological inputs,"APIFLAME, WRF and CHIMERE modelling chain",Retrospective 2018 Patagonia wildfire case study,Satellite observations plus modelling,Three smoke-injection-height configurations evaluated against satellite observations,"Correlation, deviation and normalised mean bias for NO2/AOD; plume evolution",Injection-height sensitivity and lack of ground observations explicitly evaluated,2,Supports model-satellite evaluation and injection-height sensitivity for one regional event; it does not validate routine incident-time forecasting.,Direct fire-specific evidence,Direct fire-specific evidence,Retrieved full report assessed 2026-08-24; minimum coding prepared from the complete report and with no independent author verification of detailed fields claimed.,Author approved eligibility decision — 2026-08-24,High,Minimum corpus coding prepared; detailed source-specific fields may remain unreported,https://doi.org/10.1016/j.envpol.2025.126540
R04451,"Evaluation of small form factor, filter-based PM2.5 samplers for temporary non-regulatory monitoring during wildland fire smoke events.","Krug, Jonathan; Long, Russell; Colón, Maribel; Habel, Andrew; Urbanski, Shawn; Landis, Matthew S",2021,"Atmospheric environment (Oxford, England : 1994)",10.1016/j.atmosenv.2021.118718,Not fully coded / not reported,Direct fire-specific evidence,Governance / policy; Concentration mapping / monitoring,Not fully coded / not reported,Not fully coded / not reported,Not fully coded / not reported,Not fully coded / not reported,Not fully coded / not reported,Not fully coded / not reported,Not fully coded / not reported,Not fully coded / not reported,Not fully coded / not reported,"Supports the stated sensing or measurement task only; operational readiness depends on setting, validation, and deployment maturity.",Direct fire-specific evidence,Direct fire-specific evidence,"Full report was previously assessed, but report text is unavailable in the current archive; detailed charting remains incomplete",Author verified — approved 23 Aug 2026,Medium,Minimum corpus coding reviewed; detailed source-specific fields may remain unreported,https://doi.org/10.1016/j.atmosenv.2021.118718
R04452,Evaluation of smoke dispersion from forest fire plumes using lidar experiments and modelling,A. Lavrov; Andrei Borissovitch Utkin; R. Vilar; A. Fernandes,2006,International Journal of Thermal Sciences,10.1016/j.ijthermalsci.2006.01.003,Forest-fire smoke,Direct fire-specific evidence,Smoke detection; concentration profiling; dispersion simulation,Ground-based lidar plus computational model,Direct-detection lidar backscatter,RANS fluid-dynamics model and Klett lidar inversion,Controlled/observational plume experiment with modelling,Field measurements plus modelling,Model-lidar comparison of plume structure and concentration profiles,Calculated versus reconstructed smoke profiles and detection range,Semi-quantitative lidar inversion and simplified plume-model assumptions,2,Supports lidar-assisted plume characterisation and model comparison in the evaluated experiments; operational concentration accuracy is not established.,Direct fire-specific evidence,Direct fire-specific evidence,Retrieved full report assessed 2026-08-24; minimum coding prepared from the complete report and with no independent author verification of detailed fields claimed.,Author approved eligibility decision — 2026-08-24,High,Minimum corpus coding prepared; detailed source-specific fields may remain unreported,https://doi.org/10.1016/j.ijthermalsci.2006.01.003
R04465,Evaluation of the Unified Forecast System Air Quality Model (UFS‐AQM) Online Air Quality Prediction System During the 2020 US Wildfire Season,Christopher M. Rozoff; Rajesh Kumar; Wenfu Tang; Paddy McCarthy; Jared A. Lee; Stefano Alessandrini; P. Campbell; David Fillmore; Chan‐Hoo Jeon; Jianping Huang,2025,Journal of Geophysical Research - Atmospheres,10.1029/2025jd044456,Wildfire smoke,Direct fire-specific seasonal forecast evaluation,Forecasting / simulation; concentration mapping / monitoring,UFS-AQM operational air-quality forecasting configuration,"AirNow PM2.5/ozone, VIIRS aerosol optical depth, TROPOMI CO/NO2, meteorology, and satellite-derived fire emissions",Daily 72-hour online-coupled meteorology-chemistry forecasts,Western United States 2020 wildfire season,Retrospective evaluation of operational-style forecasts,"Daily forecasts from 15 August to 30 September 2020 evaluated by region, lead time, species, and satellite/surface comparator","Bias, RMSE, correlation, and spatial/temporal diagnostic comparisons; PM2.5 regional RMSE about 4.4-6.4 except severe Region 10 smoke with RMSE 53.4",Deterministic evaluation with discussion of emission and observation uncertainty; no predictive intervals,4,Supports seasonal operational-style performance and clearly documented severe-smoke failure modes for 2020; it does not establish robust performance across years or extreme events.,Direct fire-specific evidence,Direct fire-specific operational forecast-evaluation evidence,"Complete 20-page report supplied by author; identity, opening/closing pages, references, extractability and completeness validated; SHA256 ecf52f8c1bbfe1499a24e1e94287bcc55f081edd8a24802089aeb320e8fd7bd3",Author verified — approved 23 Aug 2026,High,Minimum corpus coding reviewed; detailed source-specific fields may remain unreported,https://doi.org/10.1029/2025jd044456
R04468,Evaluation of Turbulence Depending Drag Coefficient in Plume Rise Model for Fire Smoke Dispersion,"Tenti, Bianca and Ferrero, Enrico",2024,Atmospheric Environment,10.1016/j.atmosenv.2024.120411,Prescribed fire,Direct fire-specific evidence,Forecasting / simulation; Plume height and concentration estimation,"Ground lidar, instrumented aircraft, and numerical dispersion model","Scanning lidar plume heights, aircraft CO, WRF meteorology, and prescribed-fire campaign data",SPRAY-WEB Lagrangian stochastic dispersion and plume-rise model with alternative drag-coefficient formulations,Controlled field burns with model-observation comparison,Simulation validated against field measurements,Comparison of four Reynolds-dependent drag formulations and a constant baseline across three burns,"Mean/maximum plume height, fractional bias, normalised mean-square error, correlation, and integrated CO concentration","Discusses measurement quality, meteorology, turbulence, emissions, and plume-height-definition uncertainty; no probabilistic calibration",2,"Supports the evaluated plume-rise parameterisations for three prescribed burns; it does not establish performance for uncontrolled wildfires, all meteorology, or real-time operational forecasting.",Direct fire-specific evidence,Direct fire-specific evidence,Full report text extracted and AI-assisted detailed charting proposal; no independent author verification of detailed fields claimed,Author verified — approved 23 Aug 2026,High,Minimum corpus coding reviewed; detailed source-specific fields may remain unreported,https://doi.org/10.1016/j.atmosenv.2024.120411
R04472,Evaluation of Wildfire Plume Injection Heights Estimated from Operational Weather Radar Observations Using Airborne Lidar Retrievals,M. Krishna; P. Saide; X. Ye; F. Turney; J. Hair; M. Fenn; T. Shingler; A. Krishna,2024,Journal of Geophysical Research - Atmospheres,10.1029/2023jd039926,Wildfire smoke,Direct fire-specific evidence,Plume injection-height estimation and validation,Operational weather radar and airborne lidar,WSR-88D polarimetric radar; airborne lidar aerosol heights,Radar-derived biomass-burning-debris height algorithm,Multi-fire observational evaluation,Field remote sensing,Radar injection-height estimates evaluated against airborne lidar retrievals,Height error and percentile-based agreement,"Radar percentile selection, low-activity detection gaps and debris-aerosol proxy limitations",3,Supports high-frequency radar estimation of injection height for evaluated fires; debris height is a proxy and does not itself validate downstream smoke concentration forecasts.,Direct fire-specific evidence,Direct fire-specific evidence,Retrieved full report assessed 2026-08-24; minimum coding prepared from the complete report and with no independent author verification of detailed fields claimed.,Author approved eligibility decision — 2026-08-24,High,Minimum corpus coding prepared; detailed source-specific fields may remain unreported,https://doi.org/10.1029/2023jd039926
R04473,Evaluation of wildland fire smoke plume dynamics and aerosol load using UV scanning lidar and fire–atmosphere modelling during the Mediterranean Letia 2010 experiment,Leroy-Cancellieri V.; Augustin P.; Filippi J.B.; Mari C.; Fourmentin M.; Bosseur F.; Morandini F.; Delbarre H.,2013,Natural Hazards and Earth System Sciences,10.5194/nhess-14-509-2014,Not fully coded / not reported,Direct fire-specific evidence,Forecasting / simulation; Concentration mapping / monitoring,Not fully coded / not reported,Not fully coded / not reported,Not fully coded / not reported,Not fully coded / not reported,Not fully coded / not reported,Not fully coded / not reported,Not fully coded / not reported,Not fully coded / not reported,Not fully coded / not reported,"Supports the reported sensing or measurement task only; operational readiness depends on setting, validation, and deployment maturity.",Direct fire-specific evidence,Direct fire-specific evidence,"Full report was previously assessed, but report text is unavailable in the current archive; detailed charting remains incomplete",Author verified — approved 23 Aug 2026,Medium,Minimum corpus coding reviewed; detailed source-specific fields may remain unreported,https://doi.org/10.5194/nhess-14-509-2014
R04476,"Evaporative coolers and wildfire smoke exposure: a climate justice issue in hot, dry regions.","Solomon, Gina M; Martinez, Nayamin; Von Behren, Julie; Kaser, Isabella; Chang, David; Singh, Aditya; Jarmul, Stephanie; Miller, Shelly L; Reynolds, Peggy; Heidarinejad, Mohammad; Stephens, Brent; Singer, Brett C; Wagner, Jeff; Balmes, John R",2025,Frontiers in public health,10.3389/fpubh.2025.1541053,Not fully coded / not reported,Direct fire-specific evidence,Governance / policy; Exposure / health-risk estimation,Not fully coded / not reported,Not fully coded / not reported,Not fully coded / not reported,Not fully coded / not reported,Not fully coded / not reported,Not fully coded / not reported,Not fully coded / not reported,Not fully coded / not reported,Not fully coded / not reported,"Supports the stated policy, equity, or implementation finding; it is not algorithm-performance evidence.",Direct fire-specific evidence,Direct fire-specific evidence,"Full report was previously assessed, but report text is unavailable in the current archive; detailed charting remains incomplete",Author verified — approved 23 Aug 2026,Medium,Minimum corpus coding reviewed; detailed source-specific fields may remain unreported,https://doi.org/10.3389/fpubh.2025.1541053
R04493,Evidence review: Home and community clean air shelters to protect public health during wildfire smoke events,Catherine T. Elliott; K. Rideout,2014,,,Wildfire smoke,Evidence synthesis/guidance,Exposure mitigation; clean-air shelter planning; public-health guidance,Homes and community clean-air spaces,"Published filtration, indoor-air and health evidence",Evidence review,Public-health evidence synthesis,Review/synthesis,Narrative assessment of filtration and clean-air shelter evidence,Not applicable,Sparse wildfire-specific intervention and health-benefit evidence highlighted,N/A,Supports public-health planning requirements and identifies evidence gaps; it is not a comparative trial or validation of an AI-driven intervention system.,Evidence synthesis or guidance,Fire-specific evidence synthesis,Retrieved full report assessed 2026-08-24; minimum coding prepared from the complete report and with no independent author verification of detailed fields claimed.,Author approved eligibility decision — 2026-08-24,High,Minimum corpus coding prepared; detailed source-specific fields may remain unreported,
R04529,Exceptional wildfire smoke over Greece in summer 2023: a synergistic study of aerosol optical-microphysical and UVB radiative impacts,Marilena Gidarakou; A. Papayannis; M. Mylonaki; Eleni Kralli; K. Eleftheratos; I. Fountoulakis; Olga Zografou; E. Diapouli; M. Gini; S. Vratolis; K. Granakis; K. Eleftheriadis; N. Evangeliou; C. G. Groot Zwaaftink; Eugenia Giagka; Marios-Andreas Zagklis; I. Veselovskii,2026,Atmospheric Chemistry and Physics,10.5194/acp-26-4313-2026,Not fully coded / not reported,Direct fire-specific evidence,Concentration mapping / monitoring,Not fully coded / not reported,Not fully coded / not reported,Not fully coded / not reported,Not fully coded / not reported,Not fully coded / not reported,Not fully coded / not reported,Not fully coded / not reported,Not fully coded / not reported,Not fully coded / not reported,"Supports the reported sensing or measurement task only; operational readiness depends on setting, validation, and deployment maturity.",Direct fire-specific evidence,Direct fire-specific evidence,"Full report was previously assessed, but report text is unavailable in the current archive; detailed charting remains incomplete",Author verified — approved 23 Aug 2026,Medium,Minimum corpus coding reviewed; detailed source-specific fields may remain unreported,https://doi.org/10.5194/acp-26-4313-2026
R04574,"Explainable Machine Learning and Geospatial Assessment of Wildfire Smoke Impacts on Urban Air Quality in Split, Solin, and Kaštela, Croatia",Anja Batina; A. Krtalić,2026,Applied Sciences (Switzerland),10.3390/app16136336,Not fully coded / not reported,Direct fire-specific evidence,Exposure / health-risk estimation; Concentration mapping / monitoring,Not fully coded / not reported,Not fully coded / not reported,Not fully coded / not reported,Not fully coded / not reported,Not fully coded / not reported,Not fully coded / not reported,Not fully coded / not reported,Not fully coded / not reported,Not fully coded / not reported,"Supports the reported exposure, risk, or public-health estimation task; it does not establish prospective clinical decision support unless evaluated.",Direct fire-specific evidence,Direct fire-specific evidence,"Full report was previously assessed, but report text is unavailable in the current archive; detailed charting remains incomplete",Author verified — approved 23 Aug 2026,Medium,Minimum corpus coding reviewed; detailed source-specific fields may remain unreported,https://doi.org/10.3390/app16136336
R04609,"Exposure Assessment of Particulate Matter Air Pollution Before, During, and After the 2003 Southern California Wildfires",Wu J.; M Winer A.; J Delfino R.,2006,Atmospheric Environment,10.1016/j.atmosenv.2006.01.056,Not fully coded / not reported,Direct fire-specific evidence,Exposure / health-risk estimation; Concentration mapping / monitoring,Not fully coded / not reported,Not fully coded / not reported,Not fully coded / not reported,Not fully coded / not reported,Not fully coded / not reported,Not fully coded / not reported,Not fully coded / not reported,Not fully coded / not reported,Not fully coded / not reported,"Supports the reported exposure, risk, or public-health estimation task; it does not establish prospective clinical decision support unless evaluated.",Direct fire-specific evidence,Direct fire-specific evidence,"Full report was previously assessed, but report text is unavailable in the current archive; detailed charting remains incomplete",Author verified — approved 23 Aug 2026,Medium,Minimum corpus coding reviewed; detailed source-specific fields may remain unreported,https://doi.org/10.1016/j.atmosenv.2006.01.056
R04636,Extraction of Wildfire Regions from UAV Imagery Using Boundary Priors and Advanced Semantics Derived from the Visual Foundation Model,Shiyong Huang; Tianzeng Liang; Chengwen Lu; Zhonghua Tong; Zhou Zhang; Kejun Yao; Qi Li; Xiaomin Feng,2025,"Proceeding of 2025 IEEE 6th International Conference on Computer, Big Data and Artificial Intelligence, ICCBD+AI 2025",10.1109/iccbdai66607.2025.11388347,Wildfire,Fire-specific interface/source-state evidence,Fire-region and boundary segmentation,UAV imagery,UAV visual images,SAM-backed dual-branch segmentation network,Offline image-dataset evaluation,Retrospective/offline,"Baseline, ablation and model-comparison experiments","Overall accuracy, F1, IoU and model complexity",Limited training samples and terrain complexity evaluated; no probabilistic calibration,2,Supports offline wildfire-boundary extraction from the evaluated UAV imagery; it supplies possible source-state input but not smoke concentration or operational response evidence.,Fire-specific interface or background evidence,Conditional fire-source/perimeter input,Retrieved full report assessed 2026-08-24; minimum coding prepared from the complete report and with no independent author verification of detailed fields claimed.,Author approved eligibility decision — 2026-08-24,High,Minimum corpus coding prepared; detailed source-specific fields may remain unreported,https://doi.org/10.1109/iccbdai66607.2025.11388347
R04643,"Extreme levels of Canadian wildfire smoke in the stratosphere over central Europe – Part 1: AERONET, MODIS and lidar observations",A. Ansmann; H. Baars; A. Chudnovsky; M. Haarig; I. Veselovskii; I. Mattis; P. Seifert; R. Engelmann; U. Wandinger,2018,Atmospheric Chemistry and Physics,10.5194/acp-2018-357,Wildfire/wildland/forest fire,Direct fire-specific evidence,Concentration mapping / monitoring,Satellite/remote sensing; Fixed ground monitoring,Lidar; Satellite imagery/retrievals,Not fully coded / not reported,Retrospective observational or computational evaluation,Field data/retrospective,Not fully coded / not reported,Not fully coded / not reported,Not fully coded / not reported,2,"Supports only the fire-specific task and evaluation setting described in the report; it does not by itself establish operational readiness, universal superiority, or cross-incident generalisation.",Direct fire-specific evidence,Direct fire-specific evidence,AI-assisted extraction from validated full-report text; existing nonblank charting preserved; no independent author verification of detailed fields claimed,Author verified — approved 23 Aug 2026,High,Minimum corpus coding reviewed; detailed source-specific fields may remain unreported,https://doi.org/10.5194/acp-2018-357
R04656,"Facemask and respirator use for bushfire smoke protection: A cross-country comparison of public health policies in Australia, Canada, India, and the United States.","Chughtai, Abrar Ahmad; Kpozehouen, Elizabeth; Seale, Holly; Shah, Smita; Marks, Guy B; MacIntyre, C Raina",2026,"Health policy (Amsterdam, Netherlands)",10.1016/j.healthpol.2025.105510,Bushfire smoke,Evidence synthesis/guidance,Personal protection guidance; policy comparison,Public-health policy systems,Guidelines and supporting mask/respirator evidence,Cross-country policy comparison,"Australia, Canada, India and United States policy review",Review/synthesis,Comparative analysis of public-health recommendations,"Policy consistency, mask types and recommendation coverage","Evidence gaps, fit, availability and population-specific limitations discussed",N/A,Supports claims about policy inconsistency and implementation requirements for smoke protection; it does not establish clinical effectiveness for every recommended device or population.,Evidence synthesis or guidance,Fire-specific evidence synthesis,Retrieved full report assessed 2026-08-24; minimum coding prepared from the complete report and with no independent author verification of detailed fields claimed.,Author approved eligibility decision — 2026-08-24,High,Minimum corpus coding prepared; detailed source-specific fields may remain unreported,https://doi.org/10.1016/j.healthpol.2025.105510
R04687,Fault-tolerant cooperative navigation of networked UAV swarms for forest fire monitoring,Junyan Hu; Hanlin Niu; J. Carrasco; B. Lennox; F. Arvin,2022,Aerospace Science and Technology,10.1016/j.ast.2022.107494,Wildfire/wildland/forest fire,Fire-specific interface evidence,Source localisation / boundary tracking; Platform navigation,Networked UAV swarm,Onboard relative-position and obstacle sensory information; simulated fire boundary,"Graph-based adaptive circular formation control, Lyapunov stability analysis, decentralised task reassignment, and geometry-based collision avoidance",Forest-fire simulation plus controlled indoor/outdoor flight experiments,Simulation and controlled prototype experiments,Nominal and actuator-fault tests with formation reconfiguration and collision avoidance,"Trajectory/formation tracking, reconfiguration, collision avoidance, and fault-recovery behaviour",Unknown disturbances and actuator faults represented in the control design,2,"Supports UAV swarm navigation, fault handling, and boundary-monitoring feasibility only; it is not direct evidence of plume concentration mapping, smoke forecasting, or health protection.",Fire-specific interface or background evidence,Conditional fire-source/perimeter input,Full report text extracted and AI-assisted detailed charting proposal; no independent author verification of detailed fields claimed,Author verified — approved 23 Aug 2026,High,Minimum corpus coding reviewed; detailed source-specific fields may remain unreported,https://doi.org/10.1016/j.ast.2022.107494
R04688,Fault-tolerant dynamic formation control of the heterogeneous multi-agent system for cooperative wildfire tracking,Joewell T. Mawanza; J. Agee; Ernest Bhero,2023,Systems Science & Control Engineering,10.1080/21642583.2023.2294991,Wildfire,Fire-specific interface/source-state evidence,Cooperative fire-front tracking; fault-tolerant formation control,Heterogeneous UAV/UGV multi-agent system,Simulated fire-front/state observations,Finite-time dynamic formation control with actuator-fault compensation,Simulation/computational experiment,Simulation only,Tracking experiments with actuator faults and disturbances,Formation/tracking error and convergence,Actuator faults and perturbations represented; smoke/sensing uncertainty not evaluated,1,"Supports simulated resilient formation control around a fire state; it does not establish plume monitoring, field safety or operational deployment.",Fire-specific interface or background evidence,Conditional fire-source/perimeter input,Retrieved full report assessed 2026-08-24; minimum coding prepared from the complete report and with no independent author verification of detailed fields claimed.,Author approved eligibility decision — 2026-08-24,High,Minimum corpus coding prepared; detailed source-specific fields may remain unreported,https://doi.org/10.1080/21642583.2023.2294991
R04712,Field measurements of PM2.5 infiltration factor and portable air cleaner effectiveness during wildfire episodes in US residences.,"Xiang, Jianbang; Huang, Ching-Hsuan; Shirai, Jeff; Liu, Yisi; Carmona, Nancy; Zuidema, Christopher; Austin, Elena; Gould, Timothy; Larson, Timothy; Seto, Edmund",2021,The Science of the total environment,10.1016/j.scitotenv.2021.145642,Not fully coded / not reported,Direct fire-specific evidence,Intervention / decision planning; Concentration mapping / monitoring,Not fully coded / not reported,Not fully coded / not reported,Not fully coded / not reported,Not fully coded / not reported,Not fully coded / not reported,Not fully coded / not reported,Not fully coded / not reported,Not fully coded / not reported,Not fully coded / not reported,Supports the evaluated intervention or communication setting only; transfer to emergency operations requires workflow validation.,Direct fire-specific evidence,Direct fire-specific evidence,"Full report was previously assessed, but report text is unavailable in the current archive; detailed charting remains incomplete",Author verified — approved 23 Aug 2026,Medium,Minimum corpus coding reviewed; detailed source-specific fields may remain unreported,https://doi.org/10.1016/j.scitotenv.2021.145642
R04855,Fire smoke dispersion inside and outside of a warehouse building in moderate and strong wind conditions,"Wegrzynski, Wojciech and Krajewski, Grzegorz and Kimbar, Grzegorz and Lipecki, Tomasz",2023,Fire safety journal,,Structural/warehouse fire,Direct fire-specific evidence,Forecasting / simulation,Not applicable,Meteorology,Physics / dispersion simulation,CFD smoke-dispersion simulation study,Simulation only,Not fully coded / not reported,Not fully coded / not reported,Not recorded in original workbook,1,"Supports only the fire-specific task and evaluation setting described in the report; it does not by itself establish operational readiness, universal superiority, or cross-incident generalisation.",Direct fire-specific evidence,Direct fire-specific evidence,AI-assisted extraction from validated full-report text; existing nonblank charting preserved; no independent author verification of detailed fields claimed,Author verified — approved 23 Aug 2026,High,Minimum corpus coding reviewed; detailed source-specific fields may remain unreported,
R04864,FIRE-VLM: A Vision-Language-Driven Reinforcement Learning Framework for UAV Wildfire Tracking in a Physics-Grounded Fire Digital Twin,Chris Webb; Mobin Habibpour; M. Raha; A. Tavakkoli; Janice Coen; Fatemeh Afghah,2026,2026 IEEE/CVF Winter Conference on Applications of Computer Vision Workshops (WACVW),10.1109/wacvw68408.2026.00161,Wildfire,Fire-specific interface evidence,Source localisation / boundary tracking,UAV,Dual-view imagery in physics-grounded digital twin,Vision-language reward shaping; PPO,Simulation / computational experiment,Not fully coded / not reported,"Five digital-twin tasks with terrain, fuels, smoke occlusion, wind, and fuel consumption",Time-to-detection; time-in-field-of-view,No field uncertainty; simulation variability only,1,"Supplies a possible source, perimeter, rate-of-spread, or routing input; it is not direct evidence of pollutant concentration mapping or health protection.",Fire-specific interface or background evidence,Conditional fire-source/perimeter input,Existing charting retained; current full-report archive incomplete; no independent author verification of detailed fields claimed,Author verified — approved 23 Aug 2026,High,Minimum corpus coding reviewed; detailed source-specific fields may remain unreported,https://doi.org/10.1109/wacvw68408.2026.00161
R04875,Firefighter exposures to organic and inorganic gas emissions in emergency residential and industrial fires.,"Alharbi, Badr H; Pasha, Mohammad J; Al-Shamsi, Mohammed Ahmad S",2021,The Science of the total environment,10.1016/j.scitotenv.2021.145332,Residential and industrial emergency fires,Fire-specific,Pollutant / plume monitoring; Exposure / health-risk estimation,Firefighter-carried portable instruments,Portable organic and inorganic gas detectors deployed in 26 emergency incidents,"Incident monitoring, residential-versus-industrial comparison, cancer/non-cancer risk assessment",Real emergency-response incidents,Field deployment,Comparative observational study of residential and industrial fire incidents,"Gas concentrations, fold differences, cancer and non-cancer risk indicators",Incident variability and measurement/study limitations discussed,2,"Supports firefighter gas-exposure differences in the sampled incidents; it does not establish ambient community plume exposure, autonomous sensing, or causal long-term health outcomes.",Direct fire-specific evidence,Direct fire-specific field evidence,Full report text extracted and AI-assisted detailed charting proposal; no independent author verification of detailed fields claimed,Author verified — approved 23 Aug 2026,High,Minimum corpus coding reviewed; detailed source-specific fields may remain unreported,https://doi.org/10.1016/j.scitotenv.2021.145332
R04910,FIREWORK: ENVIRONMENT CANADA'S NORTH AMERICAN AIR QUALITY FORECAST SYSTEM WITH NEAR-REAL-TIME WILDFIRE EMISSIONS,R. Pavlovic; S. Cousineau; H. Landry,2015,,,Wildfire smoke,Direct fire-specific evidence,Near-real-time emissions and air-quality forecasting,Environment Canada operational-style forecast system,"Near-real-time fire information, meteorology and air-quality observations",FireWork/GEM-MACH forecasting system,Experimental seasonal operational deployment,Operational-style forecasting evaluated with observations,2014-2015 forecast-performance analysis and system description,PM2.5 forecast performance and long-range smoke-transport skill,"Emissions, model version and data-assimilation development needs discussed",4,Supports experimental near-real-time wildfire air-quality forecasting in the reported seasons; conference evidence does not establish universal forecast superiority.,Direct fire-specific evidence,Direct fire-specific evidence,Retrieved full report assessed 2026-08-24; minimum coding prepared from the complete report and with no independent author verification of detailed fields claimed.,Author approved eligibility decision — 2026-08-24,High,Minimum corpus coding prepared; detailed source-specific fields may remain unreported,
R04923,Five satellite sensor study of the rapid decline of wildfire smoke in the stratosphere,B. Martinsson; J. Friberg; Oscar S. Sandvik; M. Sporre,2021,Atmospheric Chemistry and Physics,10.5194/acp-22-3967-2022,Wildfire/wildland/forest fire,Direct fire-specific evidence,Concentration mapping / monitoring,Satellite/remote sensing,Gas sensors/measurements; Lidar,Statistical/regression model; Remote-sensing retrieval/inversion,Retrospective observational or computational evaluation,Field data/retrospective,Observational time-series/epidemiological analysis,Not fully coded / not reported,Not fully coded / not reported,2,"Supports only the fire-specific task and evaluation setting described in the report; it does not by itself establish operational readiness, universal superiority, or cross-incident generalisation.",Direct fire-specific evidence,Direct fire-specific evidence,AI-assisted extraction from validated full-report text; existing nonblank charting preserved; no independent author verification of detailed fields claimed,Author verified — approved 23 Aug 2026,High,Minimum corpus coding reviewed; detailed source-specific fields may remain unreported,https://doi.org/10.5194/acp-22-3967-2022
R04953,Fluorescence lidar observations of wildfire smoke inside cirrus: a contribution to smoke–cirrus interaction research,I. Veselovskii; Qiaoyun Hu; A. Ansmann; P. Goloub; T. Podvin; M. Korenskiy,2022,Atmospheric Chemistry and Physics,10.5194/acp-22-5209-2022,Not fully coded / not reported,Direct fire-specific evidence,Concentration mapping / monitoring,Not fully coded / not reported,Not fully coded / not reported,Not fully coded / not reported,Not fully coded / not reported,Not fully coded / not reported,Not fully coded / not reported,Not fully coded / not reported,Not fully coded / not reported,Not fully coded / not reported,"Supports the stated sensing or measurement task only; operational readiness depends on setting, validation, and deployment maturity.",Direct fire-specific evidence,Direct fire-specific evidence,"Full report was previously assessed, but report text is unavailable in the current archive; detailed charting remains incomplete",Author verified — approved 23 Aug 2026,Medium,Minimum corpus coding reviewed; detailed source-specific fields may remain unreported,https://doi.org/10.5194/acp-22-5209-2022
R04979,Forecasting the Effects of Wildland Fires on Air Quality and on Human Health,A. Miranda,2022,ICFBR 2022,10.3390/environsciproc2022017009,Not fully coded / not reported,Direct fire-specific evidence,Exposure / health-risk estimation; Forecasting / simulation; Concentration mapping / monitoring,Not fully coded / not reported,Not fully coded / not reported,Not fully coded / not reported,Not fully coded / not reported,Not fully coded / not reported,Not fully coded / not reported,Not fully coded / not reported,Not fully coded / not reported,Not fully coded / not reported,Supports the reported model/simulation task and validation setting; does not by itself establish real-time deployment or superior performance across incidents.,Direct fire-specific evidence,Direct fire-specific evidence,"Full report was previously assessed, but report text is unavailable in the current archive; detailed charting remains incomplete",Author verified — approved 23 Aug 2026,Medium,Minimum corpus coding reviewed; detailed source-specific fields may remain unreported,https://doi.org/10.3390/environsciproc2022017009
R04980,Forecasting the Impacts of Prescribed Fires for Dynamic Air Quality Management,M. Odman; Ran Huang; Aditya A. Pophale; Rushabh D. Sakhpara; Yongtao Hu; A. Russell; Michael E. Chang,2018,Atmosphere,10.3390/atmos9060220,Not fully coded / not reported,Direct fire-specific evidence,Forecasting / simulation; Concentration mapping / monitoring,Not fully coded / not reported,Not fully coded / not reported,Not fully coded / not reported,Not fully coded / not reported,Not fully coded / not reported,Not fully coded / not reported,Not fully coded / not reported,Not fully coded / not reported,Not fully coded / not reported,Supports the reported model/simulation task and validation setting; does not by itself establish real-time deployment or superior performance across incidents.,Direct fire-specific evidence,Direct fire-specific evidence,"Full report was previously assessed, but report text is unavailable in the current archive; detailed charting remains incomplete",Author verified — approved 23 Aug 2026,Medium,Minimum corpus coding reviewed; detailed source-specific fields may remain unreported,https://doi.org/10.3390/atmos9060220
R04997,"Forest Fire Aerosol – Weather Feedbacks over Western North America Using a High-Resolution, Fully Coupled, Air-Quality Model",P. Makar; A. Akingunola; Jack Chen; B. Pabla; W. Gong; C. Stroud; C. Sioris; Kerry Anderson; P. Cheung; Junhua Zhang; J. Milbrandt,2020,,10.5194/acp-2020-938,Not fully coded / not reported,Direct fire-specific evidence,Forecasting / simulation; Concentration mapping / monitoring,Not fully coded / not reported,Not fully coded / not reported,Not fully coded / not reported,Not fully coded / not reported,Not fully coded / not reported,Not fully coded / not reported,Not fully coded / not reported,Not fully coded / not reported,Not fully coded / not reported,Supports an operationally relevant fire-specific task; detailed task and maturity coding has completeness reported in the field-level audit.,Direct fire-specific evidence,Direct fire-specific evidence,"Full report was previously assessed, but report text is unavailable in the current archive; detailed charting remains incomplete",Author verified — approved 23 Aug 2026,Medium,Minimum corpus coding reviewed; detailed source-specific fields may remain unreported,https://doi.org/10.5194/acp-2020-938
R05069,Forest fire forecasting tool for air quality modelling systems,R. S. José; J. Pérez; L. Perez; R. M. González; J. Pecci; Marino Palacios Morera,2015,,,Wildfire,Fire-specific interface/source-state evidence,Fire-spread forecasting for air-quality model input,WRF-Fire computational system,"Terrain, fuel, meteorology and observed fire perimeters",WRF-Fire with custom fuel-moisture modelling,Retrospective real-fire simulations,Simulation evaluated against observed fire extent,Case comparisons for fires in Spain and Portugal,Perimeter/burned-area graphical agreement and runtime feasibility,"Fuel, meteorology, intervention and validation limitations discussed",2,Supports fire-spread/source-state simulation intended for an air-quality chain; the reported evaluation does not validate smoke concentration forecasts.,Fire-specific interface or background evidence,Conditional fire-source/perimeter input,Retrieved full report assessed 2026-08-24; minimum coding prepared from the complete report and with no independent author verification of detailed fields claimed.,Author approved eligibility decision — 2026-08-24,High,Minimum corpus coding prepared; detailed source-specific fields may remain unreported,
R05221,From Coarse Detection to Fine-Grained Segmentation: Auto-Prompting Segment Anything Model (SAM) for Satellite Wildfire Smoke Analysis,Lola Naomi Enzelin; Samuel Ady Sanjaya,2026,"2026 International Conference on Smart Computing, IoT, and Machine Learning (SIML)",10.1109/siml69834.2026.11621144,Wildfire smoke,Direct fire-specific evidence,Smoke detection and fine-grained segmentation,Satellite remote sensing,FASDD remote-sensing imagery,Weakly supervised SAM auto-prompting and segmentation,Offline image-dataset evaluation,Retrospective/offline,"Bounding-box, pseudo-mask and segmentation-model comparison",IoU/Dice-style segmentation and detection measures reported by the study,Annotation quality and smoke morphology discussed; no concentration calibration,2,Supports offline smoke segmentation on the evaluated imagery; segmentation masks are not direct pollutant-concentration or incident-response validation.,Direct fire-specific evidence,Direct fire-specific evidence,Retrieved full report assessed 2026-08-24; minimum coding prepared from the complete report and with no independent author verification of detailed fields claimed.,Author approved eligibility decision — 2026-08-24,High,Minimum corpus coding prepared; detailed source-specific fields may remain unreported,https://doi.org/10.1109/siml69834.2026.11621144
R05235,From Wind to Smoke: A Unified WebGIS Platform for Wildfire Simulation and Visualization,Saray Martínez-Lastras; J. M. Iglesias; David Cifuentes-Jimenez; M. I. Asensio; Diego González‐Aguilera,2025,Fire,10.3390/fire8090366,Not fully coded / not reported,Direct fire-specific evidence,Forecasting / simulation,Not fully coded / not reported,Not fully coded / not reported,Not fully coded / not reported,Not fully coded / not reported,Not fully coded / not reported,Not fully coded / not reported,Not fully coded / not reported,Not fully coded / not reported,Not fully coded / not reported,Supports the reported model/simulation task and validation setting; does not by itself establish real-time deployment or superior performance across incidents.,Direct fire-specific evidence,Direct fire-specific evidence,"Full report was previously assessed, but report text is unavailable in the current archive; detailed charting remains incomplete",Author verified — approved 23 Aug 2026,Medium,Minimum corpus coding reviewed; detailed source-specific fields may remain unreported,https://doi.org/10.3390/fire8090366
R05298,Gaussian dispersion model for low-lying smoke from a wildfire including downwind ground effects,Nikolaos Kalogeropoulos; Alexander Castagna; G. Rein,2026,Journal of Loss Prevention in the Process Industries,10.1016/j.jlp.2026.106043,Wildfire smoke,Direct fire-specific evidence,Ground-level smoke dispersion and concentration simulation,Open-source computational model,"Fire-spread, fuel, wind and terrain/elevation inputs",Transient pseudo-steady Gaussian dispersion model (Galini),Verification and scenario-based computational evaluation,Simulation only,Analytical verification cases and fuel/terrain/weather scenarios,"Concentration behaviour, analytical agreement and computation time","Model assumptions, atmospheric stability, injection height and fuel behaviour examined",2,Supports computationally inexpensive ground-level smoke estimates in verification/scenario cases; field accuracy and operational decision benefits remain unvalidated.,Direct fire-specific evidence,Direct fire-specific evidence,Retrieved full report assessed 2026-08-24; minimum coding prepared from the complete report and with no independent author verification of detailed fields claimed.,Author approved eligibility decision — 2026-08-24,High,Minimum corpus coding prepared; detailed source-specific fields may remain unreported,https://doi.org/10.1016/j.jlp.2026.106043
R05312,Generative Algorithms for Fusion of Physics-Based Wildfire Spread Models with Satellite Data for Initializing Wildfire Forecasts,Bryan Shaddy; Deep Ray; Angel Farguell; Valentina Calaza; Jan Mandel; James Haley; Kyle Hilburn; Derek V. Mallia; Adam Kochanski; Assad Oberai,2024,Artificial Intelligence for the Earth Systems 3(3),10.1175/aies-d-23-0087.1,Wildfire,Direct fire-specific evidence,Forecasting / simulation,Satellite / remote sensing,Satellite active-fire detections; airborne infrared perimeters,Conditional Wasserstein GAN plus physics-based model,Simulation / computational experiment,Not fully coded / not reported,Four California wildfires (2020–2022) compared with airborne infrared measurements,Sørensen coefficient; ignition-time error,Generates samples of plausible fire-arrival times,2,Supports only the fire-specific task and evaluation setting described in the report; detailed coding has completeness reported in the field-level audit.,Direct fire-specific evidence,Direct fire-specific evidence,Existing charting retained; current full-report archive incomplete; no independent author verification of detailed fields claimed,Author verified — approved 23 Aug 2026,High,Minimum corpus coding reviewed; detailed source-specific fields may remain unreported,https://doi.org/10.1175/aies-d-23-0087.1
R05390,Global health benefits and cost-effectiveness of indoor air purification to mitigate PM2.5 from wildfire smoke,Dongjia Han; Yongxuan Guo; John S. Ji; Jianghao Wang; Bin Zhao,2026,Nature Health,10.1038/s44360-026-00105-1,Wildfire/wildland/forest fire,Direct fire-specific evidence,Exposure / health-risk estimation; Intervention / decision planning; Concentration mapping / monitoring,Not fully coded / not reported,PM2.5/particulate monitors,Global health-impact and cost-effectiveness modelling of indoor air purification,Offline global health and economic modelling,Simulation/offline modelling,Not fully coded / not reported,Not fully coded / not reported,Not fully coded / not reported,1,"Supports only the fire-specific task and evaluation setting described in the report; it does not by itself establish operational readiness, universal superiority, or cross-incident generalisation.",Direct fire-specific evidence,Direct fire-specific evidence,AI-assisted extraction from validated full-report text; existing nonblank charting preserved; no independent author verification of detailed fields claimed,Author verified — approved 23 Aug 2026,High,Minimum corpus coding reviewed; detailed source-specific fields may remain unreported,https://doi.org/10.1038/s44360-026-00105-1
R05428,Global Wildfire Plume-Rise Data Set and Parameterizations for Climate Model Applications,"Ke, Ziming and Wang, Yuhang and Zou, Yufei and Song, Yongjia and Liu, Yongqiang",2020,Journal of Geophysical Research: Atmospheres,10.1029/2020JD033085,Global wildfire smoke,Direct fire-specific evidence,Plume-rise dataset and parameterisation; climate/transport modelling,Satellite-derived global dataset and climate model,"Fire size, maximum FRP, MISR plume heights and meteorology",Modified one-dimensional plume-rise model and parameterisation,Global retrospective dataset and climate-model sensitivity study,Observations plus modelling,2002-2012 dataset evaluation against MISR with CAM5 sensitivity simulations,"Plume-height distributions, boundary-layer penetration and aerosol-affected regions",MISR sampling bias and diurnal/meteorological dependence explicitly assessed,2,Supports global plume-rise parameterisation and sampling-bias claims; it is intended for climate/transport modelling rather than incident-time local concentration forecasting.,Direct fire-specific evidence,Direct fire-specific evidence,Retrieved full report assessed 2026-08-24; minimum coding prepared from the complete report and with no independent author verification of detailed fields claimed.,Author approved eligibility decision — 2026-08-24,High,Minimum corpus coding prepared; detailed source-specific fields may remain unreported,https://doi.org/10.1029/2020JD033085
R05431,Global Wildland Fire Emission Model (GWEM): Evaluating the use of global area burnt satellite data,Hoelzemann J.J.; Schultz M.G.; Brasseur G.P.; Granier C.; Simon M.,2004,Journal of Geophysical Research D: Atmospheres,10.1029/2003jd003666,Global wildland fire,Direct fire-specific evidence,Burned-area-driven emissions estimation,Global satellite/model workflow,GLOBSCAR burned area; MODIS land cover; vegetation/fuel model outputs,Global Wildland Fire Emission Model (GWEM),Global retrospective emissions inventory,Satellite data plus modelling,Year-2000 emissions estimates and input-data uncertainty evaluation,Global emissions totals and comparison with other inventories,"Burned area, fuel loads, vegetation classification and emission factors evaluated",2,Supports retrospective global source-term estimation and uncertainty analysis; it does not validate incident-scale concentration forecasts.,Direct fire-specific evidence,Direct fire-specific evidence,Retrieved full report assessed 2026-08-24; minimum coding prepared from the complete report and with no independent author verification of detailed fields claimed.,Author approved eligibility decision — 2026-08-24,High,Minimum corpus coding prepared; detailed source-specific fields may remain unreported,https://doi.org/10.1029/2003jd003666
R05469,"Ground-based remote sensing of an elevated forest fire aerosol layer at Whistler, BC: implications for interpretation of mountaintop chemistry",McKendry I.G.; Gallagher J.; Campuzano Jost P.; Bertram A.; Strawbridge K.; Leaitch R.; MacDonald A.M.,2010,Atmospheric Chemistry and Physics,10.5194/acp-10-11921-2010,Not fully coded / not reported,Direct fire-specific evidence,Concentration mapping / monitoring,Not fully coded / not reported,Not fully coded / not reported,Not fully coded / not reported,Not fully coded / not reported,Not fully coded / not reported,Not fully coded / not reported,Not fully coded / not reported,Not fully coded / not reported,Not fully coded / not reported,"Supports the reported sensing or measurement task only; operational readiness depends on setting, validation, and deployment maturity.",Direct fire-specific evidence,Direct fire-specific evidence,"Full report was previously assessed, but report text is unavailable in the current archive; detailed charting remains incomplete",Author verified — approved 23 Aug 2026,Medium,Minimum corpus coding reviewed; detailed source-specific fields may remain unreported,https://doi.org/10.5194/acp-10-11921-2010
R05474,"Ground/space, passive/active remote sensing observations coupled with particle dispersion modelling to understand the inter-continental transport of wildfire smoke plumes",Sicard M.; Granados-Muñoz M.J.; Alados-Arboledas L.; Barragán R.; Bedoya-Velásquez A.E.; Benavent-Oltra J.A.; Bortoli D.; Comerón A.; Córdoba-Jabonero C.; Costa M.J.; del Águila A.; Fernández A.J.; Guerrero-Rascado J.L.; Jorba O.; Molero F.; Muñoz-Porcar C.; Ortiz-Amezcua P.; Papagiannopoulos N.; Potes M.; Pujadas M.; Rocadenbosch F.; Rodríguez-Gómez A.; Román R.; Salgado R.; Salgueiro V.; Sola Y.; Yela M.,2019,Remote Sensing of Environment,10.1016/j.rse.2019.111294,Not fully coded / not reported,Direct fire-specific evidence,Forecasting / simulation; Concentration mapping / monitoring,Not fully coded / not reported,Not fully coded / not reported,Not fully coded / not reported,Not fully coded / not reported,Not fully coded / not reported,Not fully coded / not reported,Not fully coded / not reported,Not fully coded / not reported,Not fully coded / not reported,"Supports the stated sensing or measurement task only; operational readiness depends on setting, validation, and deployment maturity.",Direct fire-specific evidence,Direct fire-specific evidence,"Full report was previously assessed, but report text is unavailable in the current archive; detailed charting remains incomplete",Author verified — approved 23 Aug 2026,Medium,Minimum corpus coding reviewed; detailed source-specific fields may remain unreported,https://doi.org/10.1016/j.rse.2019.111294
R05504,Harnessing Self-Supervised Deep Learning and Geostationary Remote Sensing for Advancing Wildfire and Associated Air Quality Monitoring: Improved Smoke and Fire Front Masking using GOES and TEMPO Radiance Data,Nicholas LaHaye; Thilanka Munasinghe; H. Lee; Xiaohua Pan; G. G. Abad; Hazem Mahmoud; Jennifer Wei,2025,International Geoscience and Remote Sensing Symposium (IGARSS),10.1109/igarss55030.2025.11243034,Not fully coded / not reported,Direct fire-specific evidence,Concentration mapping / monitoring,Not fully coded / not reported,Not fully coded / not reported,Not fully coded / not reported,Not fully coded / not reported,Not fully coded / not reported,Not fully coded / not reported,Not fully coded / not reported,Not fully coded / not reported,Not fully coded / not reported,"Supports the stated sensing or measurement task only; operational readiness depends on setting, validation, and deployment maturity.",Direct fire-specific evidence,Direct fire-specific evidence,"Full report was previously assessed, but report text is unavailable in the current archive; detailed charting remains incomplete",Author verified — approved 23 Aug 2026,Medium,Minimum corpus coding reviewed; detailed source-specific fields may remain unreported,https://doi.org/10.1109/igarss55030.2025.11243034
R05530,Health benefits and costs of filtration interventions that reduce indoor exposure to PM2.5 during wildfires.,"Fisk, W J; Chan, W R",2017,Indoor air,10.1111/ina.12285,Not fully coded / not reported,Direct fire-specific evidence,Exposure / health-risk estimation; Intervention / decision planning; Concentration mapping / monitoring,Not fully coded / not reported,Not fully coded / not reported,Not fully coded / not reported,Not fully coded / not reported,Not fully coded / not reported,Not fully coded / not reported,Not fully coded / not reported,Not fully coded / not reported,Not fully coded / not reported,"Supports the evaluated intervention, communication, or decision setting only; transfer to emergency operations requires workflow validation.",Direct fire-specific evidence,Direct fire-specific evidence,"Full report was previously assessed, but report text is unavailable in the current archive; detailed charting remains incomplete",Author verified — approved 23 Aug 2026,Medium,Minimum corpus coding reviewed; detailed source-specific fields may remain unreported,https://doi.org/10.1111/ina.12285
R05545,Health effects of wildfire PM2.5 in Latin American cities: A rapid systematic review and comparative synthesis.,"Malagón-Rojas, Jeadran; Chen, Kai",2025,Biomedica : revista del Instituto Nacional de Salud,10.7705/biomedica.8068,Not fully coded / not reported,Fire-specific evidence synthesis,Evidence synthesis; Exposure / health-risk estimation; Concentration mapping / monitoring,Not fully coded / not reported,Not fully coded / not reported,Not fully coded / not reported,Not fully coded / not reported,Not fully coded / not reported,Not fully coded / not reported,Not fully coded / not reported,Not fully coded / not reported,N/A,Used for scope comparison or evidence synthesis; primary-study claims are checked against underlying evidence where material.,Evidence synthesis or guidance,Fire-specific evidence synthesis,"Full report was previously assessed, but report text is unavailable in the current archive; detailed charting remains incomplete",Author verified — approved 23 Aug 2026,Medium,Minimum corpus coding reviewed; detailed source-specific fields may remain unreported,https://doi.org/10.7705/biomedica.8068
R05567,Health Impacts of Wildfire Smoke on Children and Adolescents: A Systematic Review and Meta-analysis.,"Zhang, Yiwen; Tingting, Ye; Huang, Wenzhong; Yu, Pei; Chen, Gongbo; Xu, Rongbin; Song, Jiangning; Guo, Yuming; Li, Shanshan",2024,Current environmental health reports,10.1007/s40572-023-00420-9,Not fully coded / not reported,Fire-specific evidence synthesis,Evidence synthesis; Exposure / health-risk estimation,Not fully coded / not reported,Not fully coded / not reported,Not fully coded / not reported,Not fully coded / not reported,Not fully coded / not reported,Not fully coded / not reported,Not fully coded / not reported,Not fully coded / not reported,N/A,Used for scope comparison or evidence synthesis; it cannot substitute for primary comparative or deployment evidence.,Evidence synthesis or guidance,Fire-specific evidence synthesis,"Full report was previously assessed, but report text is unavailable in the current archive; detailed charting remains incomplete",Author verified — approved 23 Aug 2026,Medium,Minimum corpus coding reviewed; detailed source-specific fields may remain unreported,https://doi.org/10.1007/s40572-023-00420-9
R05613,High-Efficiency Particulate Air Filters for Preventing Wildfire-related Asthma Complications: A Cost-Effectiveness Study.,"Adibi, Amin; Barn, Prabjit; Shellington, Erin M; Harvard, Stephanie; Johnson, Kate M; Carlsten, Christopher",2024,American journal of respiratory and critical care medicine,10.1101/2023.04.17.23288697,Not fully coded / not reported,Direct fire-specific evidence,Exposure / health-risk estimation; Concentration mapping / monitoring,Not fully coded / not reported,Not fully coded / not reported,Not fully coded / not reported,Not fully coded / not reported,Not fully coded / not reported,Not fully coded / not reported,Not fully coded / not reported,Not fully coded / not reported,Not fully coded / not reported,"Supports the reported exposure, risk, or public-health estimation task; it does not establish prospective clinical decision support unless evaluated.",Direct fire-specific evidence,Direct fire-specific evidence,"Full report was previously assessed, but report text is unavailable in the current archive; detailed charting remains incomplete",Author verified — approved 23 Aug 2026,Medium,Minimum corpus coding reviewed; detailed source-specific fields may remain unreported,https://doi.org/10.1101/2023.04.17.23288697
R05638,High-resolution MODIS aerosol retrieval during wildfire events in California for use in exposure assessment.,"Raffuse, Sean M; McCarthy, Michael C; Craig, Kenneth J; DeWinter, Jennifer L; Jumbam, Loayeh K; Fruin, Scott; Gauderman, W James; Lurmann, Frederick W",2013,Journal of geophysical research. Atmospheres : JGR,10.1002/jgrd.50862,Not fully coded / not reported,Direct fire-specific evidence,Exposure / health-risk estimation; Concentration mapping / monitoring,Not fully coded / not reported,Not fully coded / not reported,Not fully coded / not reported,Not fully coded / not reported,Not fully coded / not reported,Not fully coded / not reported,Not fully coded / not reported,Not fully coded / not reported,Not fully coded / not reported,Supports the reported exposure/risk estimation task; it does not establish personalized or prospective clinical decision support unless explicitly evaluated.,Direct fire-specific evidence,Direct fire-specific evidence,"Full report was previously assessed, but report text is unavailable in the current archive; detailed charting remains incomplete",Author verified — approved 23 Aug 2026,Medium,Minimum corpus coding reviewed; detailed source-specific fields may remain unreported,https://doi.org/10.1002/jgrd.50862
R05643,High-resolution smoke forecasting for the 2018 Camp Fire in California,Chow F.K.; Yu K.A.; Young A.; James E.; Grell G.A.; Csiszar I.; Tsidulko M.; Freitas S.; Pereira G.; Giglio L.; Friberg M.D.; Ahmadov R.,2021,Bulletin of The American Meteorological Society - (BAMS),10.1175/bams-d-20-0329.1,Wildfire,Direct fire-specific evidence,Forecasting / simulation,Not applicable,Not recorded,High-resolution smoke forecasting; coupled numerical modelling,Simulation / computational experiment,Not fully coded / not reported,2018 Camp Fire case study against observations,"PM2.5 correlation/r², RMSE and normalized mean error; plume-arrival timing; meteorological wind bias/RMSE; satellite plume-height comparison",Not fully coded / not reported,2,Supports the reported model or simulation task and validation setting; it does not establish universal superiority or real-time deployment.,Direct fire-specific evidence,Direct fire-specific evidence,Existing charting retained; current full-report archive incomplete; no independent author verification of detailed fields claimed,Author verified — approved 23 Aug 2026,High,Minimum corpus coding reviewed; detailed source-specific fields may remain unreported,https://doi.org/10.1175/bams-d-20-0329.1
R05648,High Spatiotemporal Resolution PM2.5 Concentration Estimation with Machine Learning Algorithm: A Case Study for Wildfire in California,Qian Cui; Feng Zhang; Shaoyun Fu; Xiaoli Wei; Yue Ma; Kun Wu,2022,Remote Sensing,10.3390/rs14071635,Not fully coded / not reported,Direct fire-specific evidence,Exposure / health-risk estimation; Concentration mapping / monitoring,Not fully coded / not reported,Not fully coded / not reported,Not fully coded / not reported,Not fully coded / not reported,Not fully coded / not reported,Not fully coded / not reported,Not fully coded / not reported,Not fully coded / not reported,Not fully coded / not reported,Supports the reported exposure/risk estimation task; it does not establish personalized or prospective clinical decision support unless explicitly evaluated.,Direct fire-specific evidence,Direct fire-specific evidence,"Full report was previously assessed, but report text is unavailable in the current archive; detailed charting remains incomplete",Author verified — approved 23 Aug 2026,Medium,Minimum corpus coding reviewed; detailed source-specific fields may remain unreported,https://doi.org/10.3390/rs14071635
R05658,Higher-order sliding mode observer and fractional-order sliding mode control for precise wildfire tracking in heterogeneous multi-agent systems,Ammar Alsinai; Aasma Zaman; A. U. K. Niazi,2025,Systems Science & Control Engineering,10.1080/21642583.2025.2460440,Wildfire,Fire-specific interface/source-state evidence,Fault-tolerant cooperative fire tracking,Heterogeneous UAV/UGV multi-agent system,Simulated fire-state observations,Higher-order sliding-mode observer and fractional-order control,Simulation/computational experiment,Simulation only,Formation/tracking tests under actuator and sensor faults,Tracking/formation errors and convergence,Faults and disturbances represented; plume uncertainty not evaluated,1,Supports simulated fault-tolerant source-state tracking; it does not demonstrate smoke concentration sensing or field deployment.,Fire-specific interface or background evidence,Conditional fire-source/perimeter input,Retrieved full report assessed 2026-08-24; minimum coding prepared from the complete report and with no independent author verification of detailed fields claimed.,Author approved eligibility decision — 2026-08-24,High,Minimum corpus coding prepared; detailed source-specific fields may remain unreported,https://doi.org/10.1080/21642583.2025.2460440
R05857,Impact of do-it-yourself air cleaner design on the reduction of simulated wildfire smoke in a controlled chamber environment.,"Holder, Amara L; Halliday, Hannah S; Virtaranta, Larry",2022,Indoor air,10.1111/ina.13163,Not fully coded / not reported,Direct fire-specific evidence,Intervention / decision planning; Forecasting / simulation,Not fully coded / not reported,Not fully coded / not reported,Not fully coded / not reported,Not fully coded / not reported,Not fully coded / not reported,Not fully coded / not reported,Not fully coded / not reported,Not fully coded / not reported,Not fully coded / not reported,Supports the evaluated intervention or communication setting only; transfer to emergency operations requires workflow validation.,Direct fire-specific evidence,Direct fire-specific evidence,"Full report was previously assessed, but report text is unavailable in the current archive; detailed charting remains incomplete",Author verified — approved 23 Aug 2026,Medium,Minimum corpus coding reviewed; detailed source-specific fields may remain unreported,https://doi.org/10.1111/ina.13163
R05869,"Impact of Forest Fires on Air Quality in Wolgan Valley, New South Wales, Australia—A Mapping and Monitoring Study Using Google Earth Engine",Sachchidanand Singh; Harikesh Singh; Vishal Sharma; V. Shrivastava; Pankaj Kumar; S. Kanga; Netrananda Sahu; G. Meraj; M. Farooq; S. Singh,2021,Forests,10.3390/f13010004,Not fully coded / not reported,Direct fire-specific evidence,Concentration mapping / monitoring,Not fully coded / not reported,Not fully coded / not reported,Not fully coded / not reported,Not fully coded / not reported,Not fully coded / not reported,Not fully coded / not reported,Not fully coded / not reported,Not fully coded / not reported,Not fully coded / not reported,"Supports the stated sensing or measurement task only; operational readiness depends on setting, validation, and deployment maturity.",Direct fire-specific evidence,Direct fire-specific evidence,"Full report was previously assessed, but report text is unavailable in the current archive; detailed charting remains incomplete",Author verified — approved 23 Aug 2026,Medium,Minimum corpus coding reviewed; detailed source-specific fields may remain unreported,https://doi.org/10.3390/f13010004
R05902,"Impact of Smoke Plumes Transport on Air Quality in Sydney during Extensive Bushfires (2019) in New South Wales, Australia Using Remote Sensing and Ground Data",Ali A. Attiya; B. Jones,2022,Remote Sensing,10.3390/rs14215552,Not fully coded / not reported,Direct fire-specific evidence,Forecasting / simulation; Concentration mapping / monitoring,Not fully coded / not reported,Not fully coded / not reported,Not fully coded / not reported,Not fully coded / not reported,Not fully coded / not reported,Not fully coded / not reported,Not fully coded / not reported,Not fully coded / not reported,Not fully coded / not reported,"Supports the stated sensing or measurement task only; operational readiness depends on setting, validation, and deployment maturity.",Direct fire-specific evidence,Direct fire-specific evidence,"Full report was previously assessed, but report text is unavailable in the current archive; detailed charting remains incomplete",Author verified — approved 23 Aug 2026,Medium,Minimum corpus coding reviewed; detailed source-specific fields may remain unreported,https://doi.org/10.3390/rs14215552
R05935,Impact of Wildfire Smoke Events on Indoor Air Quality and Evaluation of a Low-cost Filtration Method,May N.W.; Dixon C.; Jaffe D.A.,2021,Aerosol and Air Quality Research,10.4209/aaqr.210046,Wildfire smoke,Direct fire-specific evidence,Indoor exposure assessment and low-cost filtration intervention,"Residential, school and commercial buildings",Indoor/outdoor PurpleAir PM2.5 and particle-counter measurements,Observational infiltration analysis plus box-fan/MERV-13 intervention test,2020 western United States smoke event and controlled room test,Field observational plus controlled intervention,Forty-two-site analysis with residential case studies and filtration experiment,"Infiltration factor, indoor/outdoor ratio, correlation and PM2.5 removal","Building heterogeneity, sensor performance and case-study limitations discussed",3,Supports indoor infiltration estimates and filtration effectiveness in the evaluated settings; it does not directly establish population health outcomes.,Direct fire-specific evidence,Direct fire-specific evidence,Retrieved full report assessed 2026-08-24; minimum coding prepared from the complete report and with no independent author verification of detailed fields claimed.,Author approved eligibility decision — 2026-08-24,High,Minimum corpus coding prepared; detailed source-specific fields may remain unreported,https://doi.org/10.4209/aaqr.210046
R05939,Impact of Wildfire Smoke on Acute Illness,"Hughes, Fintan and Parsons, Luke and Levy, Jerrold H and Shindell, Drew and Alhanti, Brooke and Ohnuma, Tetsu and Kasibhatla, Prasad and Montgomery, Hugh and Krishnamoorthy, Vijay",2024,Anesthesiology,10.1097/aln.0000000000005115,Not fully coded / not reported,Fire-specific evidence synthesis,Background / enabling method,Instrumented mobile platform,Not recorded,Not recorded,Not fully coded / not reported,Not fully coded / not reported,Not fully coded / not reported,Not fully coded / not reported,Not recorded in original workbook,N/A,Supports statements about the scope and reported findings of the reviewed literature; it is not independent deployment evidence and cannot establish algorithmic superiority.,Evidence synthesis or guidance,Fire-specific evidence synthesis,AI-assisted extraction from validated full-report text; existing nonblank charting preserved; no independent author verification of detailed fields claimed,Author verified — approved 23 Aug 2026,High,Minimum corpus coding reviewed; detailed source-specific fields may remain unreported,https://doi.org/10.1097/aln.0000000000005115
R05960,Impact on air quality and health due to the Saddleworth Moor fire in northern England,Graham A.M.; Pope R.J.; Pringle K.P.; Arnold S.; Chipperfield M.P.; Conibear L.A.; Butt E.W.; Kiely L.; Knote C.; McQuaid J.B.,2020,Environmental Research Letters,10.1088/1748-9326/ab8496,Not fully coded / not reported,Direct fire-specific evidence,Exposure / health-risk estimation; Concentration mapping / monitoring,Not applicable,Not recorded,High-resolution coupled atmospheric-chemistry and health-impact modelling,Retrospective model evaluation / health-impact assessment,Retrospective modelling,Not fully coded / not reported,Not fully coded / not reported,Not recorded in original workbook,2,"Supports only the fire-specific task and evaluation setting described in the report; it does not by itself establish operational readiness, universal superiority, or cross-incident generalisation.",Direct fire-specific evidence,Direct fire-specific evidence,AI-assisted extraction from validated full-report text; existing nonblank charting preserved; no independent author verification of detailed fields claimed,Author verified — approved 23 Aug 2026,High,Minimum corpus coding reviewed; detailed source-specific fields may remain unreported,https://doi.org/10.1088/1748-9326/ab8496
R05988,"Impacts of estimated plume rise on PM2.5 exceedance prediction during extreme wildfire events: a comparison of three schemes (Briggs, Freitas, and Sofiev)",Yunyao Li; D. Tong; Siqi Ma; S. Freitas; R. Ahmadov; M. Sofiev; Xiaoyan Zhang; S. Kondragunta; R. Kahn; Youhua Tang; B. Baker; P. Campbell; R. Saylor; G. Grell; Fangjun Li,2023,Atmospheric Chemistry and Physics,10.5194/acp-23-3083-2023,Not fully coded / not reported,Direct fire-specific evidence,Forecasting / simulation; Concentration mapping / monitoring,Not fully coded / not reported,Not fully coded / not reported,Not fully coded / not reported,Not fully coded / not reported,Not fully coded / not reported,Not fully coded / not reported,Not fully coded / not reported,Not fully coded / not reported,Not fully coded / not reported,Supports the reported model or simulation task and validation setting; it does not establish universal superiority or real-time deployment.,Direct fire-specific evidence,Direct fire-specific evidence,"Full report was previously assessed, but report text is unavailable in the current archive; detailed charting remains incomplete",Author verified — approved 23 Aug 2026,Medium,Minimum corpus coding reviewed; detailed source-specific fields may remain unreported,https://doi.org/10.5194/acp-23-3083-2023
R05993,"Impacts of fire-induced heat, moisture, and aerosol-radiation interactions on wildfire plume rise during the 2019/2020 Australian fires",Muth L.J.; Hoshyaripour G.A.; Vogel B.; Vogel H.; Hoose C.,2026,Atmospheric Chemistry and Physics,10.5194/acp-26-8505-2026,Not fully coded / not reported,Direct fire-specific evidence,Forecasting / simulation; Concentration mapping / monitoring,Not fully coded / not reported,Not fully coded / not reported,Not fully coded / not reported,Not fully coded / not reported,Not fully coded / not reported,Not fully coded / not reported,Not fully coded / not reported,Not fully coded / not reported,Not fully coded / not reported,Supports the reported model/simulation task and validation setting; does not by itself establish real-time deployment or superior performance across incidents.,Direct fire-specific evidence,Direct fire-specific evidence,"Full report was previously assessed, but report text is unavailable in the current archive; detailed charting remains incomplete",Author verified — approved 23 Aug 2026,Medium,Minimum corpus coding reviewed; detailed source-specific fields may remain unreported,https://doi.org/10.5194/acp-26-8505-2026
R06083,Improving spatial resolution of PM2.5 measurements during wildfires,Yifan Ding; I. Cruz; F. Freedman; A. Venkatram,2021,Atmospheric Pollution Research,10.1016/j.apr.2021.03.010,Wildfire smoke,Direct fire-specific evidence,High-resolution PM2.5 mapping for exposure assessment,"Ground monitors, satellite and dispersion models",Surface PM2.5; satellite AOD; fire and trajectory inputs,"Source-receptor dispersion models, AOD model and kriging/data fusion",Retrospective 2017 and 2018 California wildfire cases,Field observations plus modelling,Model components fitted/evaluated against surface observations,R-squared and spatial concentration reconstruction measures,"Sparse monitors, source estimation, AOD and model-component limitations discussed",2,Supports retrospective higher-resolution PM2.5 mapping in two California events; prospective health-risk or incident-response performance is not established.,Direct fire-specific evidence,Direct fire-specific evidence,Retrieved full report assessed 2026-08-24; minimum coding prepared from the complete report and with no independent author verification of detailed fields claimed.,Author approved eligibility decision — 2026-08-24,High,Minimum corpus coding prepared; detailed source-specific fields may remain unreported,https://doi.org/10.1016/j.apr.2021.03.010
R06086,Improving the south America wildfires smoke estimates: Integration of polar-orbiting and geostationary satellite fire products in the Brazilian biomass burning emission model (3BEM),Pereira G.; Longo K.M.; Freitas S.R.; Mataveli G.; Oliveira V.J.; Santos P.R.; Rodrigues L.F.; Cardozo F.S.,2022,Atmospheric Environment,10.1016/j.atmosenv.2022.118954,South American wildfire smoke,Direct fire-specific evidence,Near-real-time emissions and smoke/AOD estimation,Polar-orbiting/geostationary satellite products plus atmospheric model,FRP/fire detections from multiple satellites; AOD reanalyses/observations,3BEM/BRAMS biomass-burning emission and transport modelling,Regional retrospective and near-real-time-oriented evaluation,Satellite observations plus modelling,Sensor-integration configurations compared with CAMS and MERRA-2,"AOD correlations, slopes and spatial/temporal smoke representation","Satellite sampling, FRP, emission estimation and regional variability assessed",3,Supports improved fire-emission representation from combined satellite products in the evaluated region; routine operational concentration accuracy is not established.,Direct fire-specific evidence,Direct fire-specific evidence,Retrieved full report assessed 2026-08-24; minimum coding prepared from the complete report and with no independent author verification of detailed fields claimed.,Author approved eligibility decision — 2026-08-24,High,Minimum corpus coding prepared; detailed source-specific fields may remain unreported,https://doi.org/10.1016/j.atmosenv.2022.118954
R06116,"Increase in carbon monoxide (CO) and aerosol optical depth (AOD) observed by satellites in the Northern Hemisphere over the summers of 2008–2023, linked to an increase in wildfires",Antoine Ehret; S. Turquety; Maya George; J. Hadji-Lazaro; C. Clerbaux,2025,Atmospheric Chemistry and Physics,10.5194/acp-25-6365-2025,Not fully coded / not reported,Direct fire-specific evidence,Concentration mapping / monitoring,Not fully coded / not reported,Not fully coded / not reported,Not fully coded / not reported,Not fully coded / not reported,Not fully coded / not reported,Not fully coded / not reported,Not fully coded / not reported,Not fully coded / not reported,Not fully coded / not reported,"Supports the reported sensing or measurement task only; operational readiness depends on setting, validation, and deployment maturity.",Direct fire-specific evidence,Direct fire-specific evidence,"Full report was previously assessed, but report text is unavailable in the current archive; detailed charting remains incomplete",Author verified — approved 23 Aug 2026,Medium,Minimum corpus coding reviewed; detailed source-specific fields may remain unreported,https://doi.org/10.5194/acp-25-6365-2025
R06172,Industrial fire simulation and uncertainty associated with the Emission Dispersion Model,S. Chettouh; R. Hamzi; F. Innal; D. Haddad,2014,Clean Technologies and Environmental Policy,10.1007/s10098-014-0792-x,Industrial crude-oil tank fire,Direct industrial-fire pollution modelling,Dispersion simulation; uncertainty quantification; decision support,Emission Dispersion Model / numerical simulation,"Scenario inputs for wind speed, NO2 emission/concentration, viscosity and diffusivity",Monte Carlo uncertainty propagation and sensitivity indicators,Crude-oil tank-fire accident scenario,Simulation only,Parameter-uncertainty propagation and sensitivity analysis at selected receptor positions,"Lower, mean and upper NO2 concentrations and parameter sensitivity indicators",Explicit Monte Carlo input uncertainty and sensitivity analysis,1,Supports the need to propagate dispersion uncertainty and consider upper bounds. It does not validate absolute concentration accuracy or operational reliability.,Direct fire-specific evidence,Direct fire-specific simulation and uncertainty evidence,Complete report assessed 22 Aug 2026; Quantifies input uncertainty and sensitivity for NO2 dispersion from a crude-oil tank-fire scenario.,Author verified — approved 23 Aug 2026,High,Minimum corpus coding reviewed; detailed source-specific fields may remain unreported,https://doi.org/10.1007/s10098-014-0792-x
R06180,Infiltration of forest fire and residential wood smoke: an evaluation of air cleaner effectiveness.,"Barn, Prabjit; Larson, Timothy; Noullett, Melanie; Kennedy, Susan; Copes, Ray; Brauer, Michael",2008,Journal of Exposure Science and Environmental Epidemiology,10.1038/sj.jes.7500640,Forest-fire and residential wood smoke,Direct fire-specific evidence,Indoor infiltration and air-cleaner effectiveness,Residential indoor environments,Indoor/outdoor PM2.5 measurements,Field exposure and intervention analysis,Homes affected by summer forest-fire smoke and winter wood smoke,Field observational/intervention,Seasonal infiltration comparison and air-cleaner evaluation,Infiltration factors and PM2.5 reduction,"Season, ventilation, building and source differences discussed",2,Supports exposure-reduction evidence for evaluated homes and conditions; health endpoints and emergency-system deployment were not directly tested.,Direct fire-specific evidence,Direct fire-specific evidence,Retrieved full report assessed 2026-08-24; minimum coding prepared from the complete report and with no independent author verification of detailed fields claimed.,Author approved eligibility decision — 2026-08-24,High,Minimum corpus coding prepared; detailed source-specific fields may remain unreported,https://doi.org/10.1038/sj.jes.7500640
R06225,"Information Framework of Pervasive Real Time Monitoring System: Case of Peat Land Forest Fires and Air Quality in South Sumatera, Indonesia",Nurmaini S.; Malik R.F.; Stiawan D.; Firdaus; Saparudin; Tutuko B.,2016,"International Conference on Electrical Engineering, Computer Science and Informatics (EECSI)",10.1088/1757-899x/190/1/012029,Wildfire/wildland/forest fire,Direct fire-specific evidence,Concentration mapping / monitoring,Not fully coded / not reported,Not fully coded / not reported,Not fully coded / not reported,Conceptual/methodological framework,Conceptual,Not fully coded / not reported,Not fully coded / not reported,Not fully coded / not reported,0,"Supports only the fire-specific task and evaluation setting described in the report; it does not by itself establish operational readiness, universal superiority, or cross-incident generalisation.",Direct fire-specific evidence,Direct fire-specific evidence,AI-assisted extraction from validated full-report text; existing nonblank charting preserved; no independent author verification of detailed fields claimed,Author verified — approved 23 Aug 2026,Medium,Minimum corpus coding reviewed; detailed source-specific fields may remain unreported,https://doi.org/10.1088/1757-899x/190/1/012029
R06270,Instructor-Worker Large Language Model System for Policy Recommendation: a Case Study on Air Quality Analysis of the January 2025 Los Angeles Wildfires,K. Gao; Dening Lu; Liangzhi Li; Nan Chen; Hongjie He; Linlin Xu; Jonathan Li,2025,International Journal of Applied Earth Observation and Geoinformation,10.1016/j.jag.2025.104774,Not fully coded / not reported,Direct fire-specific evidence,Governance / policy; Forecasting / simulation; Concentration mapping / monitoring,Not fully coded / not reported,Not fully coded / not reported,Not fully coded / not reported,Not fully coded / not reported,Not fully coded / not reported,Not fully coded / not reported,Not fully coded / not reported,Not fully coded / not reported,Not fully coded / not reported,"Supports the stated policy, equity, accountability, or implementation finding; it is not algorithm-performance evidence.",Direct fire-specific evidence,Fire-specific governance/equity evidence,"Full report was previously assessed, but report text is unavailable in the current archive; detailed charting remains incomplete",Author verified — approved 23 Aug 2026,Medium,Minimum corpus coding reviewed; detailed source-specific fields may remain unreported,https://doi.org/10.1016/j.jag.2025.104774
R06315,Integration of a Coupled Fire-Atmosphere Model Into a Regional Air Quality Forecasting System for Wildfire Events,Kochanski A.K.; Herron-Thorpe F.; Mallia D.V.; Mandel J.; Vaughan J.K.,2021,Frontiers in Forests and Global Change,10.3389/ffgc.2021.728726,Wildfire,Direct fire-specific evidence,Forecasting / simulation; Concentration mapping / monitoring,Model system,Meteorology; fire progression; air-quality observations,Coupled WRF-SFIRE and AIRPACT,Simulation / computational experiment,Not fully coded / not reported,Two wildfire case studies; coupled forecasts compared with the baseline air-quality system and observations,Model error and probability of detection reported; extract full metric set during full-text coding,Case-to-case performance variation; no complete probabilistic UQ captured here,2,Supports the reported model or simulation task and validation setting; it does not establish universal superiority or real-time deployment.,Direct fire-specific evidence,Direct fire-specific evidence,Existing charting retained; current full-report archive incomplete; no independent author verification of detailed fields claimed,Author verified — approved 23 Aug 2026,High,Minimum corpus coding reviewed; detailed source-specific fields may remain unreported,https://doi.org/10.3389/ffgc.2021.728726
R06344,Intensity-resolved classification of forest fire smoke via fused satellite and ground-based optical climatology.,"Ma, Yangyang; Luo, Jie; Li, Kaitao; Zhang, Yongqiang; Zhao, Hengze; Li, Pei; Bi, Meihua; Zhou, Xuefang",2026,Environmental research,10.1016/j.envres.2026.124710,Forest-fire smoke,Direct fire-specific evidence,Smoke-aerosol classification and remote-sensing model development,Satellite-ground fused climatology,GFED fire emissions and AERONET optical observations,Intensity matching and unsupervised spectral clustering,Global retrospective optical-climatology analysis,Observational data analysis,Fire-intensity stratification and cluster analysis across matched observations,Cluster separation and optical-property distributions,"Matching, regionality and uniform-aerosol-model limitations discussed",2,Supports intensity-dependent smoke optical classes for retrieval-model development; it does not directly estimate ground-level health exposure or operational response.,Direct fire-specific evidence,Direct fire-specific evidence,Retrieved full report assessed 2026-08-24; minimum coding prepared from the complete report and with no independent author verification of detailed fields claimed.,Author approved eligibility decision — 2026-08-24,High,Minimum corpus coding prepared; detailed source-specific fields may remain unreported,https://doi.org/10.1016/j.envres.2026.124710
R06450,Intra-continental wildfire smoke transport and impact on local air quality observed by ground-based and satellite remote sensing in New York City,Yonghua Wu; Anjeza Arapi; Jianping Huang; B. Gross; F. Moshary,2018,Atmospheric Environment,10.1016/j.atmosenv.2018.06.006,Wildfire/wildland/forest fire,Direct fire-specific evidence,Forecasting / simulation; Concentration mapping / monitoring,Satellite/remote sensing; Fixed ground monitoring,PM2.5/particulate monitors; Gas sensors/measurements; Lidar,Not fully coded / not reported,Retrospective observational or computational evaluation,Field data/retrospective,Not fully coded / not reported,Not fully coded / not reported,Not fully coded / not reported,2,"Supports only the fire-specific task and evaluation setting described in the report; it does not by itself establish operational readiness, universal superiority, or cross-incident generalisation.",Direct fire-specific evidence,Direct fire-specific evidence,AI-assisted extraction from validated full-report text; existing nonblank charting preserved; no independent author verification of detailed fields claimed,Author verified — approved 23 Aug 2026,High,Minimum corpus coding reviewed; detailed source-specific fields may remain unreported,https://doi.org/10.1016/j.atmosenv.2018.06.006
R06483,Investigating the Spatial and Temporal Limitations for Remote Sensing of Wildfire Smoke Using Satellite and Airborne Imagers During FIREX‐AQ,Shi Y.R.; Levy R.C.; Remer L.A.; Mattoo S.; Arnold G.T.,2024,Journal of Geophysical Research - Atmospheres,10.1029/2023jd039085,Not fully coded / not reported,Direct fire-specific evidence,Concentration mapping / monitoring,Not fully coded / not reported,Not fully coded / not reported,Not fully coded / not reported,Not fully coded / not reported,Not fully coded / not reported,Not fully coded / not reported,Not fully coded / not reported,Not fully coded / not reported,Not fully coded / not reported,"Supports the reported sensing or measurement task only; operational readiness depends on setting, validation, and deployment maturity.",Direct fire-specific evidence,Direct fire-specific evidence,"Full report was previously assessed, but report text is unavailable in the current archive; detailed charting remains incomplete",Author verified — approved 23 Aug 2026,Medium,Minimum corpus coding reviewed; detailed source-specific fields may remain unreported,https://doi.org/10.1029/2023jd039085
R06547,Is Wildfire Smoke a Voltage Regulation Risk in PV-rich Distribution Grids?,Ala'a Al-Sharif; Irtaza Sohail; M. Farrokhabadi; H. Zareipour,2026,ACM Sustainability Week Companion 2026 - Proceedings of the 2026 ACM Sustainability Week,10.1145/3765611.3815393,Wildfire smoke,Fire-specific,Intervention / decision support,PV-rich electric distribution feeder (simulated),Measured representative smoky and cloudy photovoltaic generation profiles from independent environmental sources,Branch-flow optimal power flow followed by fixed-schedule power-flow simulations,Modified IEEE 33-bus feeder with high PV penetration,Simulation informed by measured environmental/PV profiles,"Scenario comparison of clear, smoky, and cloudy profiles under fixed energy-storage schedules","Feeder voltage distributions, median voltage, variability, and minimum-voltage behavior",No formal probabilistic uncertainty or sensitivity analysis reported,1,"Supports treating wildfire-smoke attenuation as a distinct operating condition in the representative simulated feeder scenarios; it does not establish live-grid risk, broad feeder generalization, or that smoke is more severe than cloud variability.",Direct fire-specific evidence,Direct fire-specific evidence,Full report text extracted and AI-assisted detailed charting proposal; no independent author verification of detailed fields claimed,Author verified — approved 23 Aug 2026,High,Minimum corpus coding reviewed; detailed source-specific fields may remain unreported,https://doi.org/10.1145/3765611.3815393
R06588,Kinematic structure of a wildland fire plume observed by Doppler lidar,Charland A.M.; Clements C.B.,2013,Journal of Geophysical Research: Atmospheres,10.1002/jgrd.50308,Prescribed wildland fire plume,Direct fire-specific evidence,Plume dynamics and source-state observation,Ground-based scanning Doppler lidar,Radial wind velocity and backscatter intensity,Doppler-lidar kinematic analysis,Low-intensity prescribed-fire field experiment,Field observational,"Multi-scan observation of plume inflow, convergence and turbulence","Radial velocity, convergence/divergence and turbulence statistics","Single low-intensity fire, scan geometry and complex-terrain constraints",2,Supports kinematic characterisation of one observed plume and model-evaluation needs; it is not a smoke-concentration forecast or autonomous system evaluation.,Direct fire-specific evidence,Direct fire-specific evidence,Retrieved full report assessed 2026-08-24; minimum coding prepared from the complete report and with no independent author verification of detailed fields claimed.,Author approved eligibility decision — 2026-08-24,High,Minimum corpus coding prepared; detailed source-specific fields may remain unreported,https://doi.org/10.1002/jgrd.50308
R06590,Knowing Your Audience: A Typology of Smoke Sense Participants to Inform Wildfire Smoke Health Risk Communication.,"Hano, Mary Clare; Prince, Steven E; Wei, Linda; Hubbell, Bryan J; Rappold, Ana G",2020,Frontiers in public health,10.3389/fpubh.2020.00143,Not fully coded / not reported,Direct fire-specific evidence,Exposure / health-risk estimation; Intervention / decision planning,Not fully coded / not reported,Not fully coded / not reported,Not fully coded / not reported,Not fully coded / not reported,Not fully coded / not reported,Not fully coded / not reported,Not fully coded / not reported,Not fully coded / not reported,Not fully coded / not reported,"Supports the evaluated intervention, communication, or decision setting only; transfer to emergency operations requires workflow validation.",Direct fire-specific evidence,Direct fire-specific evidence,"Full report was previously assessed, but report text is unavailable in the current archive; detailed charting remains incomplete",Author verified — approved 23 Aug 2026,Medium,Minimum corpus coding reviewed; detailed source-specific fields may remain unreported,https://doi.org/10.3389/fpubh.2020.00143
R06677,Learning-based Wildfire Tracking with Unmanned Aerial Vehicles,Qiong Jia; M. Xin; Xiaolin Hu; Haiyang Chao,2022,American Control Conference,10.23919/acc53348.2022.9867512,Wildfire,Fire-specific interface/source-state evidence,Fire-front prediction and multi-UAV path planning,Multiple UAVs,Simulated partial UAV observations of fire zones,Online neural-network fire prediction plus Q-learning path planning,Simulation/computational experiment,Simulation only,Numerical tests of prediction and UAV trajectory planning,"Prediction accuracy, tracking performance and constraint satisfaction","Partial observability represented; real sensing, plume and field uncertainty not evaluated",1,Supports simulated autonomous fire-front tracking under designed constraints; it does not establish smoke mapping or real-world deployment performance.,Fire-specific interface or background evidence,Conditional fire-source/perimeter input,Retrieved full report assessed 2026-08-24; minimum coding prepared from the complete report and with no independent author verification of detailed fields claimed.,Author approved eligibility decision — 2026-08-24,High,Minimum corpus coding prepared; detailed source-specific fields may remain unreported,https://doi.org/10.23919/acc53348.2022.9867512
R06713,LIDAR detection of forest fire smoke above Sofia,I. Grigorov; A. Deleva; D. Stoyanov; N. Kolev; G. Kolarov,2015,Proceedings of SPIE - The International Society for Optical Engineering,10.1117/12.2178791,Forest-fire smoke,Direct fire-specific evidence,Smoke-layer detection and characterisation,Ground-based lidar/ceilometer station,"510.6/1064 nm lidar, ceilometer and meteorological profiles",Backscatter and Angstrom-exponent analysis with trajectories,Two Sofia-area wildfire-smoke observation episodes,Field observational,Case observations interpreted with transport forecasts and radiosondes,"Backscatter profiles, layer heights and Angstrom exponent","Source attribution, aerosol type and limited event/sample coverage",2,Supports lidar detection and layer characterisation for two local smoke events; it does not validate concentration forecasts or automated response.,Direct fire-specific evidence,Direct fire-specific evidence,Retrieved full report assessed 2026-08-24; minimum coding prepared from the complete report and with no independent author verification of detailed fields claimed.,Author approved eligibility decision — 2026-08-24,High,Minimum corpus coding prepared; detailed source-specific fields may remain unreported,https://doi.org/10.1117/12.2178791
R06715,"Lidar measurements of wildfire smoke aerosols in the atmosphere above Sofia, Bulgaria",Peshev Z.Y.; Deleva A.D.; Dreischuh T.N.; Stoyanov D.V.,2017,International School on Quantum Electronics: Laser Physics and Applications,10.1117/12.2263103,Wildfire smoke,Direct fire-specific evidence,Smoke-aerosol profiling and spatial/temporal monitoring,Ground-based two-wavelength lidar,532/1064 nm lidar and meteorological/transport-model data,"Backscatter, Angstrom and geometric layer analysis",Two wildfire events near Sofia,Field observational,Case-based horizontal/vertical scanning and aerosol characterisation,"Backscatter, layer geometry, dynamics and optical indicators","Two-event scope, inversion and aerosol-property assumptions",2,Supports detailed lidar characterisation of two observed smoke events; no general real-time concentration or health-action validation is shown.,Direct fire-specific evidence,Direct fire-specific evidence,Retrieved full report assessed 2026-08-24; minimum coding prepared from the complete report and with no independent author verification of detailed fields claimed.,Author approved eligibility decision — 2026-08-24,High,Minimum corpus coding prepared; detailed source-specific fields may remain unreported,https://doi.org/10.1117/12.2263103
R06720,LIDAR versus satellite-measured optical thickness of a wildfire aerosol,Stoker D.S.; Fathi G.; Ionov P.; Beck S.M.,2009,IEEE Aerospace Conference Proceedings,10.1109/aero.2009.4839447,Wildfire aerosol,Direct fire-specific evidence,Aerosol optical-depth profiling and cross-sensor comparison,"Ground lidar, sun photometer and satellite","UV Raman lidar, sun photometer and satellite AOT",Lidar inversion and optical-thickness comparison,Southern California observations during 2008 wildfire activity,Field observational,Cross-instrument comparison under homogeneous and heterogeneous aerosol conditions,Vertical AOT profiles and agreement across instruments,"Humidity correction, lidar ratio and aerosol heterogeneity explicitly discussed",2,Supports cross-sensor optical-depth comparison and identifies heterogeneity limitations; AOT is not direct surface PM or health-risk estimation.,Direct fire-specific evidence,Direct fire-specific evidence,Retrieved full report assessed 2026-08-24; minimum coding prepared from the complete report and with no independent author verification of detailed fields claimed.,Author approved eligibility decision — 2026-08-24,High,Minimum corpus coding prepared; detailed source-specific fields may remain unreported,https://doi.org/10.1109/aero.2009.4839447
R06744,Lightweight wildfire smoke monitoring algorithm based on unmanned aerial vehicle vision,Guanyi Li; Pengle Cheng; Yong Li; Ying Huang,2024,"Signal, Image and Video Processing",10.1007/s11760-024-03377-w,Wildfire smoke,Direct fire-specific evidence,Early visual smoke detection,UAV vision,Curated UAV wildfire imagery and public image datasets,Modified lightweight YOLOv7-MS detector,Offline image-dataset evaluation,Retrospective/offline,Ablation and comparison with one-stage detectors,"mAP, frames per second and model parameters",Custom-dataset generalisation and field conditions not probabilistically assessed,2,Supports fast offline/benchmarked visual smoke detection on evaluated datasets; it does not establish airborne field reliability or pollutant concentration estimation.,Direct fire-specific evidence,Direct fire-specific evidence,Retrieved full report assessed 2026-08-24; minimum coding prepared from the complete report and with no independent author verification of detailed fields claimed.,Author approved eligibility decision — 2026-08-24,High,Minimum corpus coding prepared; detailed source-specific fields may remain unreported,https://doi.org/10.1007/s11760-024-03377-w
R06778,Local to continental scale coupled fire-atmosphere simulation of large industrial fire plume,"Baggio, Roberta and Filippi, Jean Baptiste and Truchot, Benjamin and Couto, Flavio T",2022,Fire safety journal,10.1016/j.firesaf.2022.103699,Industrial fire,Direct fire-specific evidence,Forecasting / simulation,Not applicable,Meteorology,Coupled Meso-NH/ForeFire fire-atmosphere simulation,Simulation / computational experiment,Simulation/computational,Not fully coded / not reported,Not fully coded / not reported,Not recorded in original workbook,1,"Supports only the fire-specific task and evaluation setting described in the report; it does not by itself establish operational readiness, universal superiority, or cross-incident generalisation.",Direct fire-specific evidence,Direct fire-specific evidence,AI-assisted extraction from validated full-report text; existing nonblank charting preserved; no independent author verification of detailed fields claimed,Author verified — approved 23 Aug 2026,High,Minimum corpus coding reviewed; detailed source-specific fields may remain unreported,https://doi.org/10.1016/j.firesaf.2022.103699
R06829,Long-Term Health Effects of Wildfire Exposure: A Scoping Review,Emily Grant; J. Runkle,2021,The Journal of Climate Change and Health,10.1016/j.joclim.2021.100110,Wildfire/wildland/forest fire,Fire-specific evidence synthesis,Evidence synthesis; Exposure / health-risk estimation,Not fully coded / not reported,Health/administrative records,Systematic/scoping review or meta-analysis; Epidemiological/health-impact model,Review/evidence synthesis,Review/synthesis,Systematic/scoping evidence synthesis,Not fully coded / not reported,Not fully coded / not reported,N/A,Supports statements about the scope and reported findings of the reviewed literature; it is not independent deployment evidence and cannot establish algorithmic superiority.,Evidence synthesis or guidance,Fire-specific evidence synthesis,AI-assisted extraction from validated full-report text; existing nonblank charting preserved; no independent author verification of detailed fields claimed,Author verified — approved 23 Aug 2026,High,Minimum corpus coding reviewed; detailed source-specific fields may remain unreported,https://doi.org/10.1016/j.joclim.2021.100110
R06832,Long-term impacts of non-occupational wildfire exposure on human health: A systematic review.,"Gao, Yuan; Huang, Wenzhong; Yu, Pei; Xu, Rongbin; Yang, Zhengyu; Gasevic, Danijela; Ye, Tingting; Guo, Yuming; Li, Shanshan",2023,"Environmental pollution (Barking, Essex : 1987)",10.1016/j.envpol.2023.121041,Wildfire/wildland/forest fire,Fire-specific evidence synthesis,Evidence synthesis; Exposure / health-risk estimation,Not applicable,Systematic review evidence embedded in a thesis with published article and supplement,Systematic review following PRISMA,Review/evidence synthesis,Review/synthesis,Systematic review of long-term non-occupational exposure studies,"Mortality, morbidity, mental health, child growth, lung function, and general health outcomes",Study heterogeneity and evidence gaps discussed; no pooled causal model,N/A,Supports statements about reported long-term health associations and evidence gaps; the embedded review is not an operational exposure or clinical decision model.,Evidence synthesis or guidance,Fire-specific evidence synthesis,Full report text extracted and AI-assisted detailed charting proposal; no independent author verification of detailed fields claimed,Author verified — approved 23 Aug 2026,High,Minimum corpus coding reviewed; detailed source-specific fields may remain unreported,https://doi.org/10.1016/j.envpol.2023.121041
R06871,Low-cost sensor network for wildfire monitoring and air quality measurements at remote community locations.,"Huda, Quamrul; Manhas, Nubal; Yang, Lei; Burhan, Muhammad; Malcolm, Trace",2026,Journal of the Air & Waste Management Association (1995),10.1080/10962247.2026.2665375,Wildfire and smoke at remote communities,Direct fire-specific evidence,Fire detection; air-quality monitoring; remote communications,Solar-powered low-cost sensor microsystems and mesh network,Environmental/fire and air-quality sensors with long-range communications,Integrated sensor-node and mesh-network development,Laboratory and outdoor/community-oriented field testing in northern Alberta,Prototype field evaluation,"Sensor, communication-range and energy-sustainability tests","Measurement performance, communication distance and energy balance","Remote climate, network scale, calibration and deployment constraints discussed",3,Supports prototype feasibility for remote monitoring and communications; large-scale incident performance and health-decision effectiveness remain unvalidated.,Direct fire-specific evidence,Direct fire-specific evidence,Retrieved full report assessed 2026-08-24; minimum coding prepared from the complete report and with no independent author verification of detailed fields claimed.,Author approved eligibility decision — 2026-08-24,High,Minimum corpus coding prepared; detailed source-specific fields may remain unreported,https://doi.org/10.1080/10962247.2026.2665375
R06898,Machine Learning-Based Integration of High-Resolution Wildfire Smoke Simulations and Observations for Regional Health Impact Assessment.,"Zou, Yufei; O'Neill, Susan M; Larkin, Narasimhan K; Alvarado, Ernesto C; Solomon, Robert; Mass, Clifford; Liu, Yang; Odman, M Talat; Shen, Huizhong",2019,International journal of environmental research and public health,10.3390/ijerph16122137,Not fully coded / not reported,Direct fire-specific evidence,Exposure / health-risk estimation; Forecasting / simulation; Concentration mapping / monitoring,Not fully coded / not reported,Not fully coded / not reported,Not fully coded / not reported,Not fully coded / not reported,Not fully coded / not reported,Not fully coded / not reported,Not fully coded / not reported,Not fully coded / not reported,Not fully coded / not reported,"Supports the reported exposure, risk, or public-health estimation task; it does not establish prospective clinical decision support unless evaluated.",Direct fire-specific evidence,Direct fire-specific evidence,"Full report was previously assessed, but report text is unavailable in the current archive; detailed charting remains incomplete",Author verified — approved 23 Aug 2026,Medium,Minimum corpus coding reviewed; detailed source-specific fields may remain unreported,https://doi.org/10.3390/ijerph16122137
R06901,"Machine Learning Bias Correction of HRRR-Smoke Surface PM
 2.5
 Forecasts during the Alaska Wildfire Season",Zhiwei Dong; Jingqui Mao; Alqamah Sayeed; Pawan Gupta; Tianlang Zhao; R. Ahmadov; E. James,2026,ACS ES&T Air,10.1021/acsestair.5c00409,Wildfire/wildland/forest fire,Direct fire-specific evidence,Forecasting / simulation; Concentration mapping / monitoring,Numerical forecast model plus fixed low-cost sensor network,"NOAA HRRR-Smoke forecasts, calibrated PurpleAir, EPA monitors, atmospheric soundings, and exploratory satellite AOD","CNN1D, CNN2D, and random-forest post-processing/bias correction",Retrospective multi-season forecast evaluation,Operational model outputs validated against field observations,"Train/test on 2021-2022, 10-fold cross-validation, and independent 2019/2023/2024 temporal validation","R2, RMSE, MAE, MBE, observation/model ratios, and permutation importance","Temporal holdout, permutation importance, hyperparameter sensitivity, and AOD sensitivity; no predictive intervals",2,"Supports retrospective bias-correction performance in Alaska using HRRR-Smoke and PurpleAir; it does not establish calibrated uncertainty, transfer beyond Alaska, or operational decision benefit.",Direct fire-specific evidence,Direct fire-specific evidence,Full report text extracted and AI-assisted detailed charting proposal; no independent author verification of detailed fields claimed,Author verified — approved 23 Aug 2026,High,Minimum corpus coding reviewed; detailed source-specific fields may remain unreported,https://doi.org/10.1021/acsestair.5c00409
R06902,Machine Learning Calibration to Air Sensor Data During Wildfire Smoke Events,Irfan Yaqoob; Vijay Kumar; S. Chaudhry,2025,"2025 IEEE 4th International Conference on Computing and Machine Intelligence, ICMI 2025 - Proceedings",10.1109/icmi65310.2025.11141277,Wildfire smoke and ambient PM2.5,Fire-relevant calibration evidence including smoke-impacted sites,Concentration mapping / monitoring; sensor calibration,PurpleAir low-cost PM2.5 sensors co-located with reference monitors,"EPA public co-location dataset from 25 United States sites, 2018-2020, including smoke and ambient environments","Neural network, random forest, and linear-regression bias correction",Multi-site United States co-location data with high-concentration smoke observations,Retrospective multi-site field-data modelling,Random 80/20 split with five-fold cross-validation within training data and concentration-stratified error analysis,"Neural network R2 0.98, RMSE 5.39; random forest R2 0.98, RMSE 5.59; linear regression R2 0.93, RMSE 11.92; high-concentration RMSE about 59-61",Cross-validation variability and stratified error; no calibrated predictive intervals,2,"Supports comparative correction performance within the assembled co-location dataset. It does not establish out-of-site generalisation, real-time deployment effectiveness, or universal superiority for wildfire smoke.",Fire-specific interface or background evidence,Direct fire-relevant sensor-calibration evidence,"Complete 6-page report supplied by author; identity, opening/closing pages, references, extractability and completeness validated; SHA256 d08b90ad6035f43c760299fbd49a08e6e2aee1039955934a8e6dc77958eabadc",Author verified — approved 23 Aug 2026,High,Minimum corpus coding reviewed; detailed source-specific fields may remain unreported,https://doi.org/10.1109/icmi65310.2025.11141277
R06906,Machine learning models accurately predict ozone exposure during wildfire events.,"Watson, Gregory L; Telesca, Donatello; Reid, Colleen E; Pfister, Gabriele G; Jerrett, Michael",2019,"Environmental pollution (Barking, Essex : 1987)",10.1016/j.envpol.2019.06.088,Not fully coded / not reported,Direct fire-specific evidence,Exposure / health-risk estimation; Forecasting / simulation,Not fully coded / not reported,Not fully coded / not reported,Not fully coded / not reported,Not fully coded / not reported,Not fully coded / not reported,Not fully coded / not reported,Not fully coded / not reported,Not fully coded / not reported,Not fully coded / not reported,"Supports the reported exposure, risk, or public-health estimation task; it does not establish prospective clinical decision support unless evaluated.",Direct fire-specific evidence,Direct fire-specific evidence,"Full report was previously assessed, but report text is unavailable in the current archive; detailed charting remains incomplete",Author verified — approved 23 Aug 2026,Medium,Minimum corpus coding reviewed; detailed source-specific fields may remain unreported,https://doi.org/10.1016/j.envpol.2019.06.088
R06968,Mapping Modeled Exposure of Wildland Fire Smoke for Human Health Studies in California.,"Koman, Patricia D; Billmire, Michael; Baker, Kirk R; de Majo, Ricardo; Anderson, Frank J; Hoshiko, Sumi; Thelen, Brian J; French, Nancy H F",2019,Atmosphere,10.3390/atmos10060308,Not fully coded / not reported,Direct fire-specific evidence,Exposure / health-risk estimation; Forecasting / simulation; Concentration mapping / monitoring,Not fully coded / not reported,Not fully coded / not reported,Not fully coded / not reported,Not fully coded / not reported,Not fully coded / not reported,Not fully coded / not reported,Not fully coded / not reported,Not fully coded / not reported,Not fully coded / not reported,"Supports the reported exposure, risk, or public-health estimation task; it does not establish prospective clinical decision support unless evaluated.",Direct fire-specific evidence,Direct fire-specific evidence,"Full report was previously assessed, but report text is unavailable in the current archive; detailed charting remains incomplete",Author verified — approved 23 Aug 2026,Medium,Minimum corpus coding reviewed; detailed source-specific fields may remain unreported,https://doi.org/10.3390/atmos10060308
R07019,Measurements of trace gas emissions from Australian forest fires and correlations with coincident measurements of aerosol optical depth,Paton-Walsh C.; Jones N.B.; Wilson S.R.; Haverd V.; Meier A.; Griffith D.W.T.; Rinsland C.P.,2005,Journal of Geophysical Research Atmospheres,10.1029/2005jd006202,Australian forest-fire smoke,Direct fire-specific evidence,Trace-gas emissions measurement and AOD proxy evaluation,Ground-based solar absorption spectroscopy,Column trace gases and coincident aerosol optical depth,Spectroscopic emission-ratio/factor estimation,Australian forest-fire plume observations,Field observational,Co-located trace-gas/AOD correlation and literature-based emission-factor conversion,"Trace-gas correlations, emission ratios and emission factors",Use of AOD/CO proxies and literature emission factors discussed,2,Supports trace-gas emission estimates and AOD-proxy potential for observed Australian fires; satellite mapping and operational use require further validation.,Direct fire-specific evidence,Direct fire-specific evidence,Retrieved full report assessed 2026-08-24; minimum coding prepared from the complete report and with no independent author verification of detailed fields claimed.,Author approved eligibility decision — 2026-08-24,High,Minimum corpus coding prepared; detailed source-specific fields may remain unreported,https://doi.org/10.1029/2005jd006202
R07089,Meta-Analysis of Heterogeneity in the Effects of Wildfire Smoke Exposure on Respiratory Health in North America.,"Kondo, Michelle C; De Roos, Anneclaire J; White, Lauren S; Heilman, Warren E; Mockrin, Miranda H; Gross-Davis, Carol Ann; Burstyn, Igor",2019,International journal of environmental research and public health,10.3390/ijerph16060960,Not fully coded / not reported,Fire-specific evidence synthesis,Evidence synthesis; Exposure / health-risk estimation,Not fully coded / not reported,Not fully coded / not reported,Not fully coded / not reported,Not fully coded / not reported,Not fully coded / not reported,Not fully coded / not reported,Not fully coded / not reported,Not fully coded / not reported,N/A,Used for scope comparison or evidence synthesis; it cannot substitute for primary comparative or deployment evidence.,Evidence synthesis or guidance,Fire-specific evidence synthesis,"Full report was previously assessed, but report text is unavailable in the current archive; detailed charting remains incomplete",Author verified — approved 23 Aug 2026,Medium,Minimum corpus coding reviewed; detailed source-specific fields may remain unreported,https://doi.org/10.3390/ijerph16060960
R07111,Methane Emissions in Boreal Forest Fire Regions: Assessment of Five Biomass-Burning Emission Inventories Based on Carbon Sensing Satellites,Siyan Zhao; Li Wang; Yusheng Shi; Zhaocheng Zeng; B. Nath; Zheng Niu,2023,Remote Sensing,10.3390/rs15184547,Not fully coded / not reported,Direct fire-specific evidence,Concentration mapping / monitoring; Emissions / source-term estimation,Not fully coded / not reported,Not fully coded / not reported,Not fully coded / not reported,Not fully coded / not reported,Not fully coded / not reported,Not fully coded / not reported,Not fully coded / not reported,Not fully coded / not reported,Not fully coded / not reported,"Supports the reported sensing or measurement task only; operational readiness depends on setting, validation, and deployment maturity.",Direct fire-specific evidence,Direct fire-specific evidence,"Full report was previously assessed, but report text is unavailable in the current archive; detailed charting remains incomplete",Author verified — approved 23 Aug 2026,Medium,Minimum corpus coding reviewed; detailed source-specific fields may remain unreported,https://doi.org/10.3390/rs15184547
R07196,Modeling dispersion and deposition of smoke generated from chemical fires,S. Khajehnajafi; Reza Pourdarvish; Hardik Shah,2011,25th International Conference of the Center for Chemical Process Safety 2010 - Topical Conference at the 2010 AIChE Spring Meeting and 6th Global Conference on Process Safety,10.1002/prs.10450,Industrial/chemical fire smoke,Direct fire-specific evidence,Real-time consequence modelling; concentration and deposition estimation,Emergency/risk-management modelling software,"Chemical release, fire and meteorological scenario inputs","Combustion, dispersion and deposition modelling chain",Three chemical-fire case studies,Scenario-based simulation,"Pool, jet/flare and tank-fire consequence-model examples",Species concentration and soot-deposition outputs,"Combustion inputs, composition assumptions and scenario dependence",2,Supports scenario-based chemical-fire smoke consequence modelling; independent field validation and institutional deployment are not established.,Direct fire-specific evidence,Direct fire-specific evidence,Retrieved full report assessed 2026-08-24; minimum coding prepared from the complete report and with no independent author verification of detailed fields claimed.,Author approved eligibility decision — 2026-08-24,High,Minimum corpus coding prepared; detailed source-specific fields may remain unreported,https://doi.org/10.1002/prs.10450
R07210,Modeling of biomass smoke injection into the lower stratosphere by a large forest fire (Part I): reference simulation,Trentmann J.; Luderer G.; Winterrath T.; Fromm M.D.; Servranckx R.; Textor C.; Herzog M.; Graf H.-F.; Andreae M.O.,2006,Atmospheric Chemistry and Physics,10.5194/acp-6-5247-2006,Not fully coded / not reported,Direct fire-specific evidence,Forecasting / simulation,Not fully coded / not reported,Not fully coded / not reported,Not fully coded / not reported,Not fully coded / not reported,Not fully coded / not reported,Not fully coded / not reported,Not fully coded / not reported,Not fully coded / not reported,Not fully coded / not reported,Supports the reported model or simulation task and validation setting; it does not establish universal superiority or real-time deployment.,Direct fire-specific evidence,Direct fire-specific evidence,"Full report was previously assessed, but report text is unavailable in the current archive; detailed charting remains incomplete",Author verified — approved 23 Aug 2026,Medium,Minimum corpus coding reviewed; detailed source-specific fields may remain unreported,https://doi.org/10.5194/acp-6-5247-2006
R07226,Modeling Smoke Emissions and Transport for Wildfire Using Satellite Observations and Lagrangian Dispersion Modeling,Thanasis Kourantos; Anna Kampouri; A. Gialitaki; Maria Tsichla; E. Marinou; V. Amiridis; Ioannis Kioutsioukis,2025,COMECAP 2025,10.3390/eesp2025035002,Not fully coded / not reported,Direct fire-specific evidence,Forecasting / simulation; Concentration mapping / monitoring; Emissions / source-term estimation,Not fully coded / not reported,Not fully coded / not reported,Not fully coded / not reported,Not fully coded / not reported,Not fully coded / not reported,Not fully coded / not reported,Not fully coded / not reported,Not fully coded / not reported,Not fully coded / not reported,"Supports the reported sensing or measurement task only; operational readiness depends on setting, validation, and deployment maturity.",Direct fire-specific evidence,Direct fire-specific evidence,"Full report was previously assessed, but report text is unavailable in the current archive; detailed charting remains incomplete",Author verified — approved 23 Aug 2026,Medium,Minimum corpus coding reviewed; detailed source-specific fields may remain unreported,https://doi.org/10.3390/eesp2025035002
R07233,Modeling the Air Pollution and Weather Feedback from Wildfire Emissions with WRF–Chem over Greece,Anastasios Rovithakis; A. Voulgarakis,2023,"16th International Conference on Meteorology, Climatology and Atmospheric Physics—COMECAP 2023",10.3390/environsciproc2023026201,Not fully coded / not reported,Direct fire-specific evidence,Forecasting / simulation; Concentration mapping / monitoring; Emissions / source-term estimation,Not fully coded / not reported,Not fully coded / not reported,Not fully coded / not reported,Not fully coded / not reported,Not fully coded / not reported,Not fully coded / not reported,Not fully coded / not reported,Not fully coded / not reported,Not fully coded / not reported,Supports the reported model or simulation task and validation setting; it does not establish universal superiority or real-time deployment.,Direct fire-specific evidence,Direct fire-specific evidence,"Full report was previously assessed, but report text is unavailable in the current archive; detailed charting remains incomplete",Author verified — approved 23 Aug 2026,Medium,Minimum corpus coding reviewed; detailed source-specific fields may remain unreported,https://doi.org/10.3390/environsciproc2023026201
R07251,Modeling Wildfire Smoke Pollution by Integrating Land Use Regression and Remote Sensing Data: Regional Multi-Temporal Estimates for Public Health and Exposure Models,M. Mirzaei; S. Bertazzon; I. Couloigner,2018,Atmosphere,10.3390/atmos9090335,Not fully coded / not reported,Direct fire-specific evidence,Exposure / health-risk estimation; Forecasting / simulation; Concentration mapping / monitoring,Not fully coded / not reported,Not fully coded / not reported,Not fully coded / not reported,Not fully coded / not reported,Not fully coded / not reported,Not fully coded / not reported,Not fully coded / not reported,Not fully coded / not reported,Not fully coded / not reported,"Supports the reported sensing or measurement task only; operational readiness depends on setting, validation, and deployment maturity.",Direct fire-specific evidence,Direct fire-specific evidence,"Full report was previously assessed, but report text is unavailable in the current archive; detailed charting remains incomplete",Author verified — approved 23 Aug 2026,Medium,Minimum corpus coding reviewed; detailed source-specific fields may remain unreported,https://doi.org/10.3390/atmos9090335
R07278,Modelling Hazardous Reduction Burnings and Bushfire Emission in Air Quality Model and Their Impacts on Health in the Greater Metropolitan Region of Sydney,H. Nguyen; Toan Trieu; M. Cope; M. Azzi; G. Morgan,2020,Environmental Modelling and Assessment,10.1007/s10666-020-09705-x,Bushfire and hazard-reduction-burn smoke,Direct fire-specific evidence,"PM2.5 forecasting, exposure and health-impact estimation",Coupled meteorology/chemical transport/health-impact workflow,"Fire emissions, monitoring stations, meteorology and population-health inputs",CCAM-CTM smoke-emission and health-impact modelling,May 2016 Sydney prescribed-burning case study,Field observations plus modelling,Emission-factor schemes compared against monitors; exposure and health endpoints estimated,"PM2.5 agreement, population exposure, mortality and hospitalisation estimates","Emission factors, fire behaviour, model inputs and health-impact assumptions discussed",2,"Supports an evaluated concentration-to-health modelling chain for one Sydney event; it does not validate personalised, prospective or autonomous health-action decisions.",Direct fire-specific evidence,Direct fire-specific evidence,Retrieved full report assessed 2026-08-24; minimum coding prepared from the complete report and with no independent author verification of detailed fields claimed.,Author approved eligibility decision — 2026-08-24,High,Minimum corpus coding prepared; detailed source-specific fields may remain unreported,https://doi.org/10.1007/s10666-020-09705-x
R07325,"Monitoring Air Pollution from Wildfires Using Ground Data, Satellite Products and Modeling: The Austral Summer 2016-2017 In Argentina",Garcia Ferreyra M.F.; Curci G.; Della Ceca L.; Otero L.; Ristori P.; Arganaraz J.P.; German A.; Lighezzolo A.; Scavuzzo C.M.,2019,International Geoscience and Remote Sensing Symposium (IGARSS),10.1109/igarss.2019.8898023,Wildfire / vegetation fire,Direct fire-specific smoke case,Concentration monitoring; plume transport modelling; data-source integration,"Ground station, satellite remote sensing and chemical transport model","NO, NO2, CO, PM2.5, PM10, OMI, MOPITT, MODIS and meteorology/emissions","APIFLAME-WRF-CHIMERE coupled emissions, meteorology and chemistry/transport modelling","Northeast Patagonia wildfire smoke reaching Bahia Blanca, summer 2016-2017",Retrospective field observations plus model case study,"Qualitative comparison among ground measurements, satellite products and model fields",Descriptive concentration elevations and qualitative model-satellite agreement,"Cloud, orbit and swath gaps discussed; no quantified predictive uncertainty",2,"Supports complementary use of ground, satellite and model data for one event. It does not demonstrate quantitative forecast accuracy or an autonomous real-time system.",Direct fire-specific evidence,Direct fire-specific retrospective observation/model case,"Complete report assessed 22 Aug 2026; Combines ground monitors, satellite products and APIFLAME-WRF-CHIMERE for the 2016-2017 Patagonia fire-smoke episode.",Author verified — approved 23 Aug 2026,High,Minimum corpus coding reviewed; detailed source-specific fields may remain unreported,https://doi.org/10.1109/igarss.2019.8898023
R07334,Monitoring biomass burning aerosol transport using CALIOP observations and reanalysis models: a Canadian wildfire event in 2019,Shang X.; Lipponen A.; Filioglou M.; Sundström A.-M.; Parrington M.; Buchard V.; Darmenov A.S.; Welton E.J.; Marinou E.; Amiridis V.; Sicard M.; Rodríguez-Gómez A.; Komppula M.; Mielonen T.,2024,Atmospheric Chemistry and Physics,10.5194/acp-24-1329-2024,Not fully coded / not reported,Direct fire-specific evidence,Forecasting / simulation; Concentration mapping / monitoring,Not fully coded / not reported,Not fully coded / not reported,Not fully coded / not reported,Not fully coded / not reported,Not fully coded / not reported,Not fully coded / not reported,Not fully coded / not reported,Not fully coded / not reported,Not fully coded / not reported,"Supports the reported sensing or measurement task only; operational readiness depends on setting, validation, and deployment maturity.",Direct fire-specific evidence,Direct fire-specific evidence,"Full report was previously assessed, but report text is unavailable in the current archive; detailed charting remains incomplete",Author verified — approved 23 Aug 2026,Medium,Minimum corpus coding reviewed; detailed source-specific fields may remain unreported,https://doi.org/10.5194/acp-24-1329-2024
R07371,Monitoring the Impacts of Wildfires on Forest Ecosystems and Public Health in the Exo-Urban Environment Using High-Resolution Satellite Aerosol Products from the Visible Infrared Imaging Radiometer Suite (VIIRS).,"Huff, Amy K; Kondragunta, Shobha; Zhang, Hai; Hoff, Raymond M",2015,Environmental health insights,10.4137/ehi.s19590,Not fully coded / not reported,Direct fire-specific evidence,Exposure / health-risk estimation; Concentration mapping / monitoring,Not fully coded / not reported,Not fully coded / not reported,Not fully coded / not reported,Not fully coded / not reported,Not fully coded / not reported,Not fully coded / not reported,Not fully coded / not reported,Not fully coded / not reported,Not fully coded / not reported,"Supports the reported sensing or measurement task only; operational readiness depends on setting, validation, and deployment maturity.",Direct fire-specific evidence,Direct fire-specific evidence,"Full report was previously assessed, but report text is unavailable in the current archive; detailed charting remains incomplete",Author verified — approved 23 Aug 2026,Medium,Minimum corpus coding reviewed; detailed source-specific fields may remain unreported,https://doi.org/10.4137/ehi.s19590
R07402,Multi-Agency Ensemble Forecast of Wildfire Air Quality in the United States: Toward Community Consensus of Early Warning,Yunyao Li; Daniel Tong; P. Makkaroon; T. Delsole; Youhua Tang; P. Campbell; Barry Baker; M. Cohen; A. Darmenov; R. Ahmadov; Eric James; E. Hyer; P. Xian,2024,Bulletin of The American Meteorological Society - (BAMS),10.1175/bams-d-23-0208.1,Not fully coded / not reported,Direct fire-specific evidence,Intervention / decision planning; Forecasting / simulation; Concentration mapping / monitoring; Detection,Not fully coded / not reported,Not fully coded / not reported,Not fully coded / not reported,Not fully coded / not reported,Not fully coded / not reported,Not fully coded / not reported,Not fully coded / not reported,Not fully coded / not reported,Not fully coded / not reported,Supports the reported model or simulation task and validation setting; it does not establish universal superiority or real-time deployment.,Direct fire-specific evidence,Direct fire-specific evidence,"Full report was previously assessed, but report text is unavailable in the current archive; detailed charting remains incomplete",Author verified — approved 23 Aug 2026,Medium,Minimum corpus coding reviewed; detailed source-specific fields may remain unreported,https://doi.org/10.1175/bams-d-23-0208.1
R07468,Multi-UAV planning for cooperative wildfire coverage and tracking with quality-of-service guarantees,Esmaeil Seraj; Andrew Silva; M. Gombolay,2022,Autonomous Agents and Multi-Agent Systems,10.1007/s10458-022-09566-6,Wildfire,Fire-specific interface evidence,Source localisation / boundary tracking,Unmanned Aerial Vehicle (UAV),Not recorded,Reinforcement learning / MARL; Physics / dispersion simulation,Simulation / computational experiment,Not fully coded / not reported,Not fully coded / not reported,Not fully coded / not reported,Mentioned in title/seed notes – verify full text,1,"Supplies a possible source, perimeter, rate-of-spread, or routing input; it is not direct evidence of pollutant concentration mapping or health protection.",Fire-specific interface or background evidence,Conditional fire-source/perimeter input,Existing charting retained; current full-report archive incomplete; no independent author verification of detailed fields claimed,Author verified — approved 23 Aug 2026,Medium,Minimum corpus coding reviewed; detailed source-specific fields may remain unreported,https://doi.org/10.1007/s10458-022-09566-6
R07469,Multi-UAV Wildfire Perimeter Monitoring System,Constantinos Heracleous; P. Kolios; C. Panayiotou,2023,"Proceedings - 2023 IEEE 8th International Conference on Information and Communication Technologies for Disaster Management, ICT-DM 2023",10.1109/ict-dm58371.2023.10286938,Wildfire,Fire-specific interface/source-state evidence,Fire-perimeter monitoring; cooperative path planning; source-state estimation,Multiple UAVs,Simulated/virtual fire-perimeter observations,Multi-UAV monitoring with data fusion and a fire-propagation model,Simulation/computational experiment,Simulation only,Cooperative perimeter-monitoring scenarios,Perimeter coverage/tracking performance reported by the study,Fire evolution and multi-agent coordination represented; smoke-sensing uncertainty not evaluated,1,"Supports a simulated multi-UAV method for monitoring an evolving fire perimeter, which may provide source-state input; it does not validate smoke concentration sensing, health inference or field deployment.",Fire-specific interface or background evidence,Conditional fire-source/perimeter input,Retrieved full report assessed 2026-08-24; minimum coding prepared from the complete report and with no independent author verification of detailed fields claimed.,Author approved eligibility decision — 2026-08-24,High,Minimum corpus coding prepared; detailed source-specific fields may remain unreported,https://doi.org/10.1109/ict-dm58371.2023.10286938
R07485,"Multifidelity prediction in wildfire spread simulation: Modeling, uncertainty quantification and sensitivity analysis",M. M. Valero; L. Jofre; Ricardo Torres,2021,Environmental Modelling and Software,10.1016/j.envsoft.2021.105050,Wildfire,Fire-specific interface/source-state evidence,Forecasting / simulation,Instrumented mobile platform,Meteorology,Physics / dispersion simulation,Simulation / computational experiment,Not fully coded / not reported,Not fully coded / not reported,Not fully coded / not reported,Mentioned in title/seed notes – verify full text,1,"Supports fire-spread/source-state uncertainty and sensitivity analysis only; it does not establish smoke-concentration, exposure, health-risk or end-to-end system performance.",Fire-specific interface or background evidence,Fire-specific task-interface evidence,Not fully coded / not reported,Author verified — approved 23 Aug 2026,Medium,Minimum corpus coding reviewed; detailed source-specific fields may remain unreported,https://doi.org/10.1016/j.envsoft.2021.105050
R07506,Multiscale Spatial and Temporal Modelling of Fine Particulate Matter (PM2.5) from Wildfire Smoke Using Remote Sensing and Statistical Methods,M. Mirzaei,2020,,10.11575/prism/37730,Wildfire smoke,Direct fire-specific evidence,PM2.5 concentration mapping; exposure-field modelling,"Satellite, ground-monitoring and statistical-modelling workflow","Satellite aerosol products, surface PM2.5, meteorology and spatial covariates",Multiscale spatial and temporal statistical modelling,Retrospective Canadian wildfire-smoke analyses,Observational data plus statistical modelling,Doctoral thesis comprising multiscale retrospective modelling studies,Model-fit and predictive-performance measures reported in the constituent studies,"Spatial and temporal scale, remote-sensing coverage and model limitations discussed",2,Supports retrospective remote-sensing/statistical modelling of wildfire-smoke PM2.5 at the evaluated scales; it is not evidence of an incident-time autonomous response system.,Direct fire-specific evidence,Direct fire-specific evidence,Retrieved full report assessed 2026-08-24; minimum coding prepared from the complete report and with no independent author verification of detailed fields claimed.,Author approved eligibility decision — 2026-08-24,High,Minimum corpus coding prepared; detailed source-specific fields may remain unreported,https://doi.org/10.11575/prism/37730
R07520,Multiyear wildfire smoke exposure (MultiWiSE) metrics: a data-driven approach to characterizing episodic PM2.5 exposures for epidemiologic research.,"Cleland, Stephanie E; Hamilton, Olivia Pearl Xi-Qiong; Brauer, Michael; Henderson, Sarah B",2026,Journal of Exposure Science and Environmental Epidemiology,10.1038/s41370-026-00876-5,Not fully coded / not reported,Direct fire-specific evidence,Exposure / health-risk estimation; Concentration mapping / monitoring,Not fully coded / not reported,Not fully coded / not reported,Not fully coded / not reported,Not fully coded / not reported,Not fully coded / not reported,Not fully coded / not reported,Not fully coded / not reported,Not fully coded / not reported,Not fully coded / not reported,Supports an operationally relevant fire-specific task; detailed task and maturity coding has completeness reported in the field-level audit.,Direct fire-specific evidence,Direct fire-specific evidence,"Full report was previously assessed, but report text is unavailable in the current archive; detailed charting remains incomplete",Author verified — approved 23 Aug 2026,Medium,Minimum corpus coding reviewed; detailed source-specific fields may remain unreported,https://doi.org/10.1038/s41370-026-00876-5
R07523,N95 Respirators for Cardiovascular Protection During Wildfire Smoke Events.,"Brook, Robert D; Rajagopalan, Sanjay; Al-Kindi, Sadeer",2024,Journal of the American Heart Association,10.1161/jaha.123.032422,Not fully coded / not reported,Direct fire-specific evidence,Exposure / health-risk estimation; Intervention / decision planning,Not fully coded / not reported,Not fully coded / not reported,Not fully coded / not reported,Not fully coded / not reported,Not fully coded / not reported,Not fully coded / not reported,Not fully coded / not reported,Not fully coded / not reported,Not fully coded / not reported,"Supports the evaluated intervention, communication, or decision setting only; transfer to emergency operations requires workflow validation.",Direct fire-specific evidence,Direct fire-specific evidence,"Full report was previously assessed, but report text is unavailable in the current archive; detailed charting remains incomplete",Author verified — approved 23 Aug 2026,Medium,Minimum corpus coding reviewed; detailed source-specific fields may remain unreported,https://doi.org/10.1161/jaha.123.032422
R07585,"Network of low-cost air quality sensors for monitoring indoor, outdoor, and personal PM2.5 exposure in Seattle during the 2020 wildfire season",Jiayang He; Ching-Hsuan Huang; Nanhsun Yuan; E. Austin; E. Seto; I. Novosselov,2022,Atmospheric Environment,10.1016/j.atmosenv.2022.119244,Not fully coded / not reported,Direct fire-specific evidence,Exposure / health-risk estimation; Concentration mapping / monitoring,Not fully coded / not reported,Not fully coded / not reported,Not fully coded / not reported,Not fully coded / not reported,Not fully coded / not reported,Not fully coded / not reported,Not fully coded / not reported,Not fully coded / not reported,Not fully coded / not reported,"Supports the reported sensing or measurement task only; operational readiness depends on setting, validation, and deployment maturity.",Direct fire-specific evidence,Direct fire-specific evidence,"Full report was previously assessed, but report text is unavailable in the current archive; detailed charting remains incomplete",Author verified — approved 23 Aug 2026,Medium,Minimum corpus coding reviewed; detailed source-specific fields may remain unreported,https://doi.org/10.1016/j.atmosenv.2022.119244
R07610,New products for a better characterisation of smoke plume and gas/aerosol dispersion from boreal eurasian forest fires: the ALANIS Smoke Plume project,J. Muller; V. Yershov; D. Fisher; M. Krol; W. Peters; J. San-Miguel; I. Palumbo; F. Sedano; P. Strobl; C. Clerbaux; M. George; J. Helbert; B. Guillaume,2011,Biogeosciences Discussions,10.5194/bgd-8-9747-2011,Wildfire/wildland/forest fire,Direct fire-specific evidence,Forecasting / simulation; Concentration mapping / monitoring,Satellite/remote sensing,Gas sensors/measurements; Satellite imagery/retrievals,Not fully coded / not reported,Retrospective observational or computational evaluation,Field data/retrospective,Single-event/case-study retrospective evaluation,Not fully coded / not reported,Not fully coded / not reported,2,"Supports only the fire-specific task and evaluation setting described in the report; it does not by itself establish operational readiness, universal superiority, or cross-incident generalisation.",Direct fire-specific evidence,Direct fire-specific evidence,AI-assisted extraction from validated full-report text; existing nonblank charting preserved; no independent author verification of detailed fields claimed,Author verified — approved 23 Aug 2026,High,Minimum corpus coding reviewed; detailed source-specific fields may remain unreported,https://doi.org/10.5194/bgd-8-9747-2011
R07697,Numerical Simulation of Forest Fires and Possibilities to Estimate Aerosol Emission: Recent Advances,N. Baranovskiy; V. A. Vyatkina; A. M. Chernyshov,2024,Fire safety journal,10.1016/j.firesaf.2024.104250,Forest fire,Evidence synthesis/guidance,Fire simulation; aerosol-emission estimation,Numerical fire and emissions models,"Published model, fire-behaviour and aerosol-emission evidence",Review of recent numerical modelling approaches,Fire-model and emissions-method evidence synthesis,Review/synthesis,Narrative technical review,Not applicable,Model assumptions and remaining aerosol-emission limitations synthesised,N/A,Supports a taxonomy of modelling approaches and identifies limitations in aerosol-emission estimation; it is not a common-benchmark comparison and does not establish general model superiority.,Evidence synthesis or guidance,Fire-specific evidence synthesis,Retrieved full report assessed 2026-08-24; minimum coding prepared from the complete report and with no independent author verification of detailed fields claimed.,Author approved eligibility decision — 2026-08-24,High,Minimum corpus coding prepared; detailed source-specific fields may remain unreported,https://doi.org/10.1016/j.firesaf.2024.104250
R07725,Observational Constraints on the Aerosol Optical Depth-Surface PM2.5 Relationship during Alaskan Wildfire Seasons.,"Zhao, Tianlang; Mao, Jingqiu; Gupta, Pawan; Zhang, Huanxin; Wang, Jun",2024,ACS ES&T air,10.1021/acsestair.4c00120,Not fully coded / not reported,Direct fire-specific evidence,Concentration mapping / monitoring,Not fully coded / not reported,Not fully coded / not reported,Not fully coded / not reported,Not fully coded / not reported,Not fully coded / not reported,Not fully coded / not reported,Not fully coded / not reported,Not fully coded / not reported,Not fully coded / not reported,"Supports the reported sensing or measurement task only; operational readiness depends on setting, validation, and deployment maturity.",Direct fire-specific evidence,Direct fire-specific evidence,"Full report was previously assessed, but report text is unavailable in the current archive; detailed charting remains incomplete",Author verified — approved 23 Aug 2026,Medium,Minimum corpus coding reviewed; detailed source-specific fields may remain unreported,https://doi.org/10.1021/acsestair.4c00120
R07782,OLS and GWR LUR models of wildfire smoke using remote sensing and spatiotemporal data in Alberta,Mirzaei M.; Bertazzon S.; Couloigner I.,2019,CEUR Workshop Proceedings,,Wildfire smoke,Direct fire-specific evidence,PM2.5 concentration mapping; smoke-impact estimation,Satellite and ground-monitoring data with land-use-regression models,"MODIS aerosol optical depth, surface PM2.5, meteorology and spatial covariates",Ordinary least squares and geographically weighted land-use regression,Retrospective August 2017 Alberta wildfire-smoke episode,Observational data plus statistical modelling,Within-study comparison of OLS and GWR models,"Model fit, prediction error and spatial performance reported by the study","Satellite missingness, spatial non-stationarity and model-transfer limits considered",2,Supports GWR/OLS smoke-PM2.5 mapping for the evaluated Alberta episode; the within-study advantage of GWR does not establish universal superiority or operational performance.,Direct fire-specific evidence,Direct fire-specific evidence,Retrieved full report assessed 2026-08-24; minimum coding prepared from the complete report and with no independent author verification of detailed fields claimed.,Author approved eligibility decision — 2026-08-24,High,Minimum corpus coding prepared; detailed source-specific fields may remain unreported,
R07837,Operational Evaluation of a Wildfire Air Quality Model from a Forecaster Point of View,B. Ainslie; Rita So; Jack Chen,2022,Weather and forecasting,10.1175/waf-d-21-0064.1,Wildfire,Direct fire-specific evidence,Intervention / decision planning; Forecasting / simulation; Concentration mapping / monitoring,Operational forecast system,Forecast fields and monitoring observations,Operational model evaluation,Operational or field deployment,Not fully coded / not reported,Evaluation from an operational forecaster perspective,Peirce skill score; divergence skill score; categorical event performance; comparison with persistence baseline,Operational forecast uncertainty is central; exact treatment requires full-text coding,4,Supports the reported model or simulation task and validation setting; it does not establish universal superiority or real-time deployment.,Direct fire-specific evidence,Direct fire-specific evidence,Existing charting retained; current full-report archive incomplete; no independent author verification of detailed fields claimed,Author verified — approved 23 Aug 2026,High,Minimum corpus coding reviewed; detailed source-specific fields may remain unreported,https://doi.org/10.1175/waf-d-21-0064.1
R07838,Operational experience of continuous air monitoring of smoke for ²³⁹Pu during a wildfire.,"Whicker, Jeffrey J; Baltz, David; Eisele, William F; Hart, Orval F; McNaughton, Michael W; Green, Andrew A",2012,Health physics,10.1097/hp.0b013e318259f286,Wildfire smoke,Direct fire-specific evidence,Continuous environmental aerosol monitoring under heavy smoke,Fixed environmental air-monitoring stations,Continuous particulate/radiological air monitors and filters,Operational performance assessment during wildfire-smoke conditions,Field operation at Los Alamos National Laboratory,Operational field evidence,Observed monitor behaviour during a heavy-smoke episode,"Flow-rate change, filter loading and monitor continuity",Smoke loading and filter-clogging effects directly observed,4,Supports the reported resilience and filter-loading limitation of the evaluated continuous monitors during one heavy-smoke episode; it does not generalise to all sensor types or pollutants.,Direct fire-specific evidence,Direct fire-specific evidence,Retrieved full report assessed 2026-08-24; minimum coding prepared from the complete report and with no independent author verification of detailed fields claimed.,Author approved eligibility decision — 2026-08-24,High,Minimum corpus coding prepared; detailed source-specific fields may remain unreported,https://doi.org/10.1097/hp.0b013e318259f286
R07841,Operational Performance of High-Resolution Rapid Refresh (HRRR) Smoke Forecasting During the Canadian Wildfires of Summer 2023,Parker Coye; Adam H. Willitsford; Nathaniel Winstead,2026,Weather and forecasting,10.1175/waf-d-25-0211.1,Wildfire smoke,Direct fire-specific operational evaluation,Forecasting / simulation; concentration mapping / monitoring,Operational HRRR-Smoke 3-km forecasting system,"AirNow PM2.5/AQI, AERONET and MODIS aerosol optical depth, and HRRR-Smoke forecasts",Operational smoke and aerosol forecasts evaluated by region and lead time,June-August 2023 Canadian wildfire smoke over the contiguous United States,Retrospective evaluation of operational forecasts,"Surface and column-aerosol verification at 0-48-hour lead times, including AQI-threshold performance",AQI-threshold accuracy and PM2.5/AOD verification; Northwest code-orange-or-higher accuracy about 45% at 24 hours and 25% at 48 hours,Deterministic lead-time evaluation; no calibrated forecast intervals,4,"Supports operational performance estimates and identified failure modes for summer 2023, not consistent accuracy across seasons, smoke heights, or all aerosol sources.",Direct fire-specific evidence,Direct fire-specific operational forecast-evaluation evidence,"Complete 12-page report supplied by author; identity, opening/closing pages, references, extractability and completeness validated; SHA256 66ede71079e4b0bab8188603cece8fd5f467f88e4ab2bce696180559d6d720e2",Author verified — approved 23 Aug 2026,High,Minimum corpus coding reviewed; detailed source-specific fields may remain unreported,https://doi.org/10.1175/waf-d-25-0211.1
R08067,Performance of Vehicle Add-on Mobile Monitoring System PM2.5 measurements during wildland fire episodes.,"Bittner, Ashley S; Holder, Amara L; Grieshop, Andrew P; Hagler, Gayle S W; Mitchell, William",2024,Environmental science: atmospheres,10.1039/d3ea00170a,Not fully coded / not reported,Direct fire-specific evidence,Concentration mapping / monitoring,Not fully coded / not reported,Not fully coded / not reported,Not fully coded / not reported,Not fully coded / not reported,Not fully coded / not reported,Not fully coded / not reported,Not fully coded / not reported,Not fully coded / not reported,Not fully coded / not reported,"Supports the reported sensing or measurement task only; operational readiness depends on setting, validation, and deployment maturity.",Direct fire-specific evidence,Direct fire-specific evidence,"Full report was previously assessed, but report text is unavailable in the current archive; detailed charting remains incomplete",Author verified — approved 23 Aug 2026,Medium,Minimum corpus coding reviewed; detailed source-specific fields may remain unreported,https://doi.org/10.1039/d3ea00170a
R08145,"PM
 2.5
 assimilation within JEDI for NOAA's regional Air Quality Model (AQMv7): application to the September 2020 Western US wildfires",Hongli Wang; Cory R. Martin; J. Barré; Ruifang Li; S. Weygandt; Jianping Huang; Youhua Tang; Hyundeok Choi; Andrew Tangborn; Kai Wang; Haixia Liu; Jeffrey Lee,2026,Geoscientific Model Development,10.5194/gmd-19-2479-2026,Not fully coded / not reported,Direct fire-specific evidence,Forecasting / simulation; Concentration mapping / monitoring,Not fully coded / not reported,Not fully coded / not reported,Not fully coded / not reported,Not fully coded / not reported,Not fully coded / not reported,Not fully coded / not reported,Not fully coded / not reported,Not fully coded / not reported,Not fully coded / not reported,Supports the reported model or simulation task and validation setting; it does not establish universal superiority or real-time deployment.,Direct fire-specific evidence,Direct fire-specific evidence,"Full report was previously assessed, but report text is unavailable in the current archive; detailed charting remains incomplete",Author verified — approved 23 Aug 2026,Medium,Minimum corpus coding reviewed; detailed source-specific fields may remain unreported,https://doi.org/10.5194/gmd-19-2479-2026
R08147,"PM2. 5 air pollution prediction through deep learning using multisource meteorological, wildfire, and heat data",Pratyush Muthukumar; Kabir Nagrecha; Dawn Comer; Chisato Fukuda Calvert; Navid Amini; Jeanne Holm; M. Pourhomayoun,2022,Atmosphere,10.3390/atmos13050822,Wildfire-influenced ambient PM2.5,Direct fire-specific evidence,Forecasting / simulation; Concentration mapping / monitoring,Satellite / remote sensing,"Wildfire/Smoke Data: Fire Radiative Power (FRP): Collected via NASA MODIS satellite (2070–3200 µm wavelength). Planetary Boundary Layer (PBL) Height: From NASA MERRA-2 reanalysis. Other Pollutants: NO₂, CO, CH₄ from ESA Sentinel-5P TROPOMI. Aerosol Optical Depth (AOD) from NASA MAIAC MODIS. Not Drone-Based: Relies on satellite/ground sensors, not empirical drone measurements.",Machine / deep learning,Not fully coded / not reported,Not fully coded / not reported,Not fully coded / not reported,Not fully coded / not reported,Not recorded in original workbook,1,Supports the reported model or simulation task and validation setting; it does not establish universal superiority or real-time deployment.,Direct fire-specific evidence,Direct fire-specific evidence,Existing charting retained; current full-report archive incomplete; no independent author verification of detailed fields claimed,Author verified — approved 23 Aug 2026,Medium,Minimum corpus coding reviewed; detailed source-specific fields may remain unreported,https://doi.org/10.3390/atmos13050822
R08158,PM2.5 Speciation of Beta Attenuation Monitor Filters During Wildfire Smoke Events,Kelly Chen; Zhong-Min Wang; Jeff Wagner; Kazukiyo Kumagai,2025,Atmosphere,10.3390/atmos16040361,Not fully coded / not reported,Direct fire-specific evidence,Concentration mapping / monitoring,Not fully coded / not reported,Not fully coded / not reported,Not fully coded / not reported,Not fully coded / not reported,Not fully coded / not reported,Not fully coded / not reported,Not fully coded / not reported,Not fully coded / not reported,Not fully coded / not reported,"Supports the reported sensing or measurement task only; operational readiness depends on setting, validation, and deployment maturity.",Direct fire-specific evidence,Direct fire-specific evidence,"Full report was previously assessed, but report text is unavailable in the current archive; detailed charting remains incomplete",Author verified — approved 23 Aug 2026,Medium,Minimum corpus coding reviewed; detailed source-specific fields may remain unreported,https://doi.org/10.3390/atmos16040361
R08259,Practical considerations for using low-cost sensors to assess wildfire smoke exposure in school and childcare settings.,"Stampfer, Orly; Zuidema, Christopher; Allen, Ryan W; Fox, Julie; Sampson, Paul; Seto, Edmund; Karr, Catherine J",2025,Journal of Exposure Science and Environmental Epidemiology,10.1038/s41370-024-00677-8,Not fully coded / not reported,Direct fire-specific evidence,Exposure / health-risk estimation,Not fully coded / not reported,Not fully coded / not reported,Not fully coded / not reported,Not fully coded / not reported,Not fully coded / not reported,Not fully coded / not reported,Not fully coded / not reported,Not fully coded / not reported,Not fully coded / not reported,Supports an operationally relevant fire-specific task; detailed task and maturity coding has completeness reported in the field-level audit.,Direct fire-specific evidence,Direct fire-specific evidence,"Full report was previously assessed, but report text is unavailable in the current archive; detailed charting remains incomplete",Author verified — approved 23 Aug 2026,Medium,Minimum corpus coding reviewed; detailed source-specific fields may remain unreported,https://doi.org/10.1038/s41370-024-00677-8
R08285,Predicting hourly PM2.5 concentrations in wildfire-prone areas using a SpatioTemporal Transformer model.,"Yu, Manzhu; Masrur, Arif; Blaszczak-Boxe, Christopher",2023,The Science of the total environment,10.1016/j.scitotenv.2022.160446,Wildfire/wildland fire,Fire-specific model evaluated on wildfire and non-wildfire periods,Forecasting / simulation,Fixed regulatory monitoring network plus remote/reanalysis data,"Hourly PM2.5 from 19 EPA AQS stations; CAL FIRE perimeter/intensity, ERA5 meteorology, road traffic and temporal predictors, 2017–2020","Sparse multi-head spatial, temporal, and variable-wise attention",Retrospective Greater Los Angeles forecasting,Observed data; offline model evaluation,Chronological train/validation/test split; 1–24 h forecasts; wildfire case analysis,"RMSE, MAE, bias; mean RMSE 6.92 ± 2.93 µg/m³",Error distributions and attention interpretation; no calibrated predictive intervals,1,"Supports retrospective Greater Los Angeles station-level forecasting, including 2020 wildfire spikes; it does not establish estimates between stations, cross-region generalization, or live public-warning performance.",Direct fire-specific evidence,Direct fire-specific evidence,Full report text extracted and AI-assisted detailed charting proposal; no independent author verification of detailed fields claimed,Author verified — approved 23 Aug 2026,High,Minimum corpus coding reviewed; detailed source-specific fields may remain unreported,https://doi.org/10.1016/j.scitotenv.2022.160446
R08300,Predicting the minimum height of forest fire smoke within the atmosphere using machine learning and data from the CALIPSO satellite,Yao J.; Raffuse S.M.; Brauer M.; Williamson G.J.; Bowman D.M.J.S.; Johnston F.H.; Henderson S.B.,2018,Remote Sensing of Environment,10.1016/j.rse.2017.12.027,Forest-fire smoke,Direct fire-specific remote-sensing evidence,Plume vertical mapping; exposure-relevant forecasting,CALIPSO satellite observations with fire and meteorological predictors,"15,617 CALIPSO smoke blocks from British Columbia, 2007-2014, plus fire activity, meteorology, and location variables",Random-forest regression/classification of minimum smoke-layer height,British Columbia forest-fire smoke,Retrospective satellite-data modelling,Out-of-bag random-forest evaluation with regression and height-threshold classification metrics,"R2 0.821 and RMSE 560 m; threshold accuracy 0.75, 0.78, 0.84, and 0.91 for 100, 300, 500, and 1000 m",Out-of-bag error and threshold sensitivity/specificity; no predictive intervals,2,"Supports retrospective prediction of minimum smoke height within the British Columbia CALIPSO dataset, not universal near-surface exposure accuracy or operational generalisation.",Direct fire-specific evidence,Direct fire-specific remote-sensing and model-evaluation evidence,"Complete 9-page report supplied by author; identity, opening/closing pages, references, extractability and completeness validated; SHA256 8449162774a8fde3b0d96e3e7c2a495c88ad37cb13e3eeab1297ba9ce6ff9e24",Author verified — approved 23 Aug 2026,High,Minimum corpus coding reviewed; detailed source-specific fields may remain unreported,https://doi.org/10.1016/j.rse.2017.12.027
R08311,"Prediction of air quality in Sydney, Australia as a function of forest fire load and weather using Bayesian statistics.","Storey, Michael Anthony; Price, Owen F",2022,PloS one,10.1371/journal.pone.0272774,Not fully coded / not reported,Direct fire-specific evidence,Forecasting / simulation; Concentration mapping / monitoring,Not fully coded / not reported,Not fully coded / not reported,Not fully coded / not reported,Not fully coded / not reported,Not fully coded / not reported,Not fully coded / not reported,Not fully coded / not reported,Not fully coded / not reported,Not fully coded / not reported,Supports the reported model or simulation task and validation setting; it does not establish universal superiority or real-time deployment.,Direct fire-specific evidence,Direct fire-specific evidence,"Full report was previously assessed, but report text is unavailable in the current archive; detailed charting remains incomplete",Author verified — approved 23 Aug 2026,Medium,Minimum corpus coding reviewed; detailed source-specific fields may remain unreported,https://doi.org/10.1371/journal.pone.0272774
R08319,Prediction of the Level of Air Pollution During Wildfires Using Machine Learning Classification Methods,S. Khalid; R. Hassan,2020,International Journal on Perceptive and Cognitive Computing,10.31436/ijpcc.v6i2.167,Not fully coded / not reported,Direct fire-specific evidence,Forecasting / simulation; Concentration mapping / monitoring; Detection,Not fully coded / not reported,Not fully coded / not reported,Not fully coded / not reported,Not fully coded / not reported,Not fully coded / not reported,Not fully coded / not reported,Not fully coded / not reported,Not fully coded / not reported,Not fully coded / not reported,Supports the reported model or simulation task and validation setting; it does not establish universal superiority or real-time deployment.,Direct fire-specific evidence,Direct fire-specific evidence,"Full report was previously assessed, but report text is unavailable in the current archive; detailed charting remains incomplete",Author verified — approved 23 Aug 2026,Medium,Minimum corpus coding reviewed; detailed source-specific fields may remain unreported,https://doi.org/10.31436/ijpcc.v6i2.167
R08381,Prescribed Burns as a Tool to Mitigate Future Wildfire Smoke Exposure: Lessons for States and Rural Environmental Justice Communities,M. Kelp; Matthew C. Carroll; Tianjia Liu; R. Yantosca; Heath E. Hockenberry; L. Mickley,2023,Earth's Future,10.1029/2022ef003468,Prescribed fire; Wildfire/wildland/forest fire,Direct fire-specific evidence,Governance / policy; Exposure / health-risk estimation; Intervention / decision planning,Not fully coded / not reported,PM2.5/particulate monitors,Chemical transport/dispersion model,Not fully coded / not reported,Not fully coded / not reported,Single-event/case-study retrospective evaluation,Not fully coded / not reported,Not fully coded / not reported,2,"Supports only the fire-specific task and evaluation setting described in the report; it does not by itself establish operational readiness, universal superiority, or cross-incident generalisation.",Direct fire-specific evidence,Direct fire-specific evidence,AI-assisted extraction from validated full-report text; existing nonblank charting preserved; no independent author verification of detailed fields claimed,Author verified — approved 23 Aug 2026,High,Minimum corpus coding reviewed; detailed source-specific fields may remain unreported,https://doi.org/10.1029/2022ef003468
R08541,PyroTrack: Belief-Based Deep Reinforcement Learning Path Planning for Aerial Wildfire Monitoring in Partially Observable Environments,Sahand Khoshdel; Qi Luo; Fatemeh Afghah,2024,American Control Conference,10.23919/acc60939.2024.10644894,Wildfire,Fire-specific interface evidence,Concentration mapping / monitoring; Source localisation / boundary tracking,Single UAV,Limited field-of-view aerial observation,Belief-state POMDP; deep reinforcement learning,Simulation / computational experiment,Not fully coded / not reported,Simulated complex wildfire scenarios with partial observability and limited endurance,Detected fire-cell ratio; monitored ignited area; distance to fire frontline,Bayesian belief updates represent unobserved fire state,1,"Supplies a possible source, perimeter, rate-of-spread, or routing input; it is not direct evidence of pollutant concentration mapping or health protection.",Fire-specific interface or background evidence,Conditional fire-source/perimeter input,Existing charting retained; current full-report archive incomplete; no independent author verification of detailed fields claimed,Author verified — approved 23 Aug 2026,High,Minimum corpus coding reviewed; detailed source-specific fields may remain unreported,https://doi.org/10.23919/acc60939.2024.10644894
R08604,"Quantifying the sensitivity of aerosol optical properties to the
parameterizations of physico-chemical processes during the 2010
Russian wildfires and heatwave",Laura Palacios-Peña; P. Stier; R. Lorente‐Plazas; P. Jiménez‐Guerrero,2020,Atmospheric Chemistry and Physics,10.5194/acp-20-9679-2020,Not fully coded / not reported,Direct fire-specific evidence,Concentration mapping / monitoring,Not fully coded / not reported,Not fully coded / not reported,Not fully coded / not reported,Not fully coded / not reported,Not fully coded / not reported,Not fully coded / not reported,Not fully coded / not reported,Not fully coded / not reported,Not fully coded / not reported,"Supports the reported sensing or measurement task only; operational readiness depends on setting, validation, and deployment maturity.",Direct fire-specific evidence,Direct fire-specific evidence,"Full report was previously assessed, but report text is unavailable in the current archive; detailed charting remains incomplete",Author verified — approved 23 Aug 2026,Medium,Minimum corpus coding reviewed; detailed source-specific fields may remain unreported,https://doi.org/10.5194/acp-20-9679-2020
R08612,Quantifying wildfire impacts on atmospheric pollutants using fire exposure metrics and machine-deep learning approaches.,"Das, Khushal; Flesca, Sergio; Calidonna, Claudia Roberta",2026,Scientific reports,10.1038/s41598-026-51766-7,Not fully coded / not reported,Direct fire-specific evidence,Exposure / health-risk estimation,Not fully coded / not reported,Not fully coded / not reported,Not fully coded / not reported,Not fully coded / not reported,Not fully coded / not reported,Not fully coded / not reported,Not fully coded / not reported,Not fully coded / not reported,Not fully coded / not reported,"Supports the reported exposure, risk, or public-health estimation task; it does not establish prospective clinical decision support unless evaluated.",Direct fire-specific evidence,Direct fire-specific evidence,"Full report was previously assessed, but report text is unavailable in the current archive; detailed charting remains incomplete",Author verified — approved 23 Aug 2026,Medium,Minimum corpus coding reviewed; detailed source-specific fields may remain unreported,https://doi.org/10.1038/s41598-026-51766-7
R08663,Random Forest Spatial-Temporal and State Space Models to Assess the Impact of Bushfire-Induced Aerosol Events on Ozone Depletion in Australia,I. Hudson; Phillip Pedro-Suvorov; Servet Kocak,2024,Applied Sciences (Switzerland),10.3390/app14219825,Not fully coded / not reported,Direct fire-specific evidence,Exposure / health-risk estimation; Forecasting / simulation; Concentration mapping / monitoring,Not fully coded / not reported,Not fully coded / not reported,Not fully coded / not reported,Not fully coded / not reported,Not fully coded / not reported,Not fully coded / not reported,Not fully coded / not reported,Not fully coded / not reported,Not fully coded / not reported,"Supports the reported exposure, risk, or public-health estimation task; it does not establish prospective clinical decision support unless evaluated.",Direct fire-specific evidence,Direct fire-specific evidence,"Full report was previously assessed, but report text is unavailable in the current archive; detailed charting remains incomplete",Author verified — approved 23 Aug 2026,Medium,Minimum corpus coding reviewed; detailed source-specific fields may remain unreported,https://doi.org/10.3390/app14219825
R08680,Rapidly Mapping Exposure Research Following the 2025 LA County Wildfires: A Public Health Extreme Event Research (PHEER) Network Response.,"Cutler, Naomi; Errett, Nicole Ann; Eisenman, David; Horney, Jennifer A; Abramson, David",2026,Disaster medicine and public health preparedness,10.1017/dmp.2026.10309,Not fully coded / not reported,Direct fire-specific evidence,Exposure / health-risk estimation; Concentration mapping / monitoring,Not fully coded / not reported,Not fully coded / not reported,Not fully coded / not reported,Not fully coded / not reported,Not fully coded / not reported,Not fully coded / not reported,Not fully coded / not reported,Not fully coded / not reported,Not fully coded / not reported,"Supports the reported exposure, risk, or public-health estimation task; it does not establish prospective clinical decision support unless evaluated.",Direct fire-specific evidence,Direct fire-specific evidence,"Full report was previously assessed, but report text is unavailable in the current archive; detailed charting remains incomplete",Author verified — approved 23 Aug 2026,Medium,Minimum corpus coding reviewed; detailed source-specific fields may remain unreported,https://doi.org/10.1017/dmp.2026.10309
R08729,Real-time On-board Path Planning for UAS-based Wildfire Monitoring,S. M. Towhidul Islam; Xiaolin Hu,2021,International Conference on Unmanned Aircraft Systems,10.1109/icuas51884.2021.9476725,Wildfire,Fire-specific interface/source-state evidence,Onboard path planning; fire monitoring,Uncrewed aerial system,Simulated fire-state/perimeter observations,Real-time onboard path-planning algorithm,Simulation/computational evaluation,Simulation only,Wildfire-monitoring path-planning scenarios,"Coverage, path or computational-performance measures reported by the study",Dynamic fire evolution represented; plume sensing and field hazards not validated,1,Supports onboard path planning for simulated wildfire monitoring as a possible source-state input; it does not establish field-safe smoke-plume tracking or concentration measurement.,Fire-specific interface or background evidence,Conditional fire-source/perimeter input,Retrieved full report assessed 2026-08-24; minimum coding prepared from the complete report and with no independent author verification of detailed fields claimed.,Author approved eligibility decision — 2026-08-24,High,Minimum corpus coding prepared; detailed source-specific fields may remain unreported,https://doi.org/10.1109/icuas51884.2021.9476725
R08754,Realistic Large-Eddy Simulation Study of the Atmospheric Boundary Layer During the Mosquito Wildland Fire and Its Control of Smoke Plume Transport,Kiran Bhaganagar; Ralph A. Kahn; S. Bhimireddy,2026,Fire,10.3390/fire9020066,Not fully coded / not reported,Direct fire-specific evidence,Forecasting / simulation; Source localisation / boundary tracking,Not fully coded / not reported,Not fully coded / not reported,Not fully coded / not reported,Not fully coded / not reported,Not fully coded / not reported,Not fully coded / not reported,Not fully coded / not reported,Not fully coded / not reported,Not fully coded / not reported,Supports the reported model or simulation task and validation setting; it does not establish universal superiority or real-time deployment.,Direct fire-specific evidence,Direct fire-specific evidence,"Full report was previously assessed, but report text is unavailable in the current archive; detailed charting remains incomplete",Author verified — approved 23 Aug 2026,Medium,Minimum corpus coding reviewed; detailed source-specific fields may remain unreported,https://doi.org/10.3390/fire9020066
R08899,Remote sensing and model analysis of biomass burning smoke transported across the Atlantic during the 2020 Western US wildfire season.,"Ceamanos, Xavier; Coopman, Quentin; George, Maya; Riedi, Jérôme; Parrington, Mark; Clerbaux, Cathy",2023,Scientific reports,10.1038/s41598-023-39312-1,Not fully coded / not reported,Direct fire-specific evidence,Forecasting / simulation; Concentration mapping / monitoring,Not fully coded / not reported,Not fully coded / not reported,Not fully coded / not reported,Not fully coded / not reported,Not fully coded / not reported,Not fully coded / not reported,Not fully coded / not reported,Not fully coded / not reported,Not fully coded / not reported,"Supports the reported sensing or measurement task only; operational readiness depends on setting, validation, and deployment maturity.",Direct fire-specific evidence,Direct fire-specific evidence,"Full report was previously assessed, but report text is unavailable in the current archive; detailed charting remains incomplete",Author verified — approved 23 Aug 2026,Medium,Minimum corpus coding reviewed; detailed source-specific fields may remain unreported,https://doi.org/10.1038/s41598-023-39312-1
R08906,Remote sensing estimates of time-resolved HONO and NO2 emission rates and lifetimes in wildfires,Fredrickson C.D.; Janz S.J.; Lamsal L.N.; Jongebloed U.A.; Laughner J.L.; Thornton J.A.,2025,Atmospheric Measurement Techniques,10.5194/amt-18-3669-2025,Not fully coded / not reported,Direct fire-specific evidence,Concentration mapping / monitoring; Emissions / source-term estimation,Not fully coded / not reported,Not fully coded / not reported,Not fully coded / not reported,Not fully coded / not reported,Not fully coded / not reported,Not fully coded / not reported,Not fully coded / not reported,Not fully coded / not reported,Not fully coded / not reported,"Supports the reported sensing or measurement task only; operational readiness depends on setting, validation, and deployment maturity.",Direct fire-specific evidence,Direct fire-specific evidence,"Full report was previously assessed, but report text is unavailable in the current archive; detailed charting remains incomplete",Author verified — approved 23 Aug 2026,Medium,Minimum corpus coding reviewed; detailed source-specific fields may remain unreported,https://doi.org/10.5194/amt-18-3669-2025
R08917,Remote sensing of air pollution due to forest fires and dust storm over Balochistan (Pakistan),S. Tariq; H. Nawaz; U. Mehmood; Z. Ul Haq; U. Pata; Muntasir Murshed,2023,Atmospheric pollution research,10.1016/j.apr.2023.101674,Wildfire/biomass-burning smoke with dust co-occurrence,Direct fire-specific evidence,Regional smoke and aerosol mapping; event attribution,Multi-satellite remote sensing,"Aerosol optical depth, ultraviolet aerosol index and trace-gas products",Spatiotemporal satellite-product analysis,Retrospective Balochistan regional analysis,Satellite observations,Regional observational case analysis,"AOD, UVAI and trace-gas patterns",Mixed smoke/dust attribution and satellite-retrieval limitations,2,Supports satellite observation of regional aerosol and smoke-related patterns in the study area; mixed dust and smoke sources limit event-specific causal attribution and surface-concentration inference.,Direct fire-specific evidence,Direct fire-specific evidence,Retrieved full report assessed 2026-08-24; minimum coding prepared from the complete report and with no independent author verification of detailed fields claimed.,Author approved eligibility decision — 2026-08-24,High,Minimum corpus coding prepared; detailed source-specific fields may remain unreported,https://doi.org/10.1016/j.apr.2023.101674
R08919,"Remote sensing of Canadian boreal forest fires: hotspots, burned area, and smoke plumes",Zhanqing Li; J. Cihlar; R. Fraser; A. Khananian,1999,IEEE 1999 International Geoscience and Remote Sensing Symposium. IGARSS'99 (Cat. No.99CH36293),10.1109/igarss.1999.775089,Canadian boreal forest fires,Direct fire-specific evidence,"Fire hotspot, burned-area and smoke-plume remote sensing",Satellite remote sensing,Satellite thermal and optical imagery/products,Remote-sensing detection and mapping,Retrospective Canadian boreal-fire observations,Satellite observations,Observational methods/case report,"Detected hotspots, burned area and mapped smoke-plume features","Cloud, spatial-resolution and product-detection limits inherent to the observations",2,Supports satellite detection and mapping of the reported fires and smoke plumes; it does not establish surface pollutant concentrations or incident-time autonomous response.,Direct fire-specific evidence,Direct fire-specific evidence,Retrieved full report assessed 2026-08-24; minimum coding prepared from the complete report and with no independent author verification of detailed fields claimed.,Author approved eligibility decision — 2026-08-24,High,Minimum corpus coding prepared; detailed source-specific fields may remain unreported,https://doi.org/10.1109/igarss.1999.775089
R08939,"Remote Sensing Technologies Quantify the Contribution of Ambient Air Pollution to Asthma Severity and Risk Factors in Greenness, Air Pollution, and Wildfire Ecological Settings: A Literature Review",John T. Braggio,2024,Atmosphere,10.3390/atmos15121470,Not fully coded / not reported,Fire-specific evidence synthesis,Evidence synthesis; Exposure / health-risk estimation; Concentration mapping / monitoring,Not fully coded / not reported,Not fully coded / not reported,Not fully coded / not reported,Not fully coded / not reported,Not fully coded / not reported,Not fully coded / not reported,Not fully coded / not reported,Not fully coded / not reported,N/A,Used for scope comparison or evidence synthesis; it cannot substitute for primary comparative or deployment evidence.,Evidence synthesis or guidance,Fire-specific evidence synthesis,"Full report was previously assessed, but report text is unavailable in the current archive; detailed charting remains incomplete",Author verified — approved 23 Aug 2026,Medium,Minimum corpus coding reviewed; detailed source-specific fields may remain unreported,https://doi.org/10.3390/atmos15121470
R08972,Research of the Aerosol Optical and Microphysical Characteristics of the Atmosphere over the Black Sea Region by the FIRMS System during the Forest Fires in 2018–2019,Kalinskaya D.V.; Papkova A.S.; Kabanov D.M.,2020,Physical Oceanography,10.22449/0233-7584-2020-5-559-570,Wildfire/wildland/forest fire,Direct fire-specific evidence,Concentration mapping / monitoring,Satellite/remote sensing; Fixed ground monitoring,Satellite imagery/retrievals,FIRMS-linked aerosol optical and microphysical observational analysis,Black Sea-region 2018-2019 forest-fire observational assessment,Remote-sensing / field observational,Not fully coded / not reported,Not fully coded / not reported,Not fully coded / not reported,2,"Supports only the fire-specific task and evaluation setting described in the report; it does not by itself establish operational readiness, universal superiority, or cross-incident generalisation.",Direct fire-specific evidence,Direct fire-specific evidence,AI-assisted extraction from validated full-report text; existing nonblank charting preserved; no independent author verification of detailed fields claimed,Author verified — approved 23 Aug 2026,High,Minimum corpus coding reviewed; detailed source-specific fields may remain unreported,https://doi.org/10.22449/0233-7584-2020-5-559-570
R09002,Research on Remote Sensing Recognition of Forest Fire Smoke Based on Machine Learning,Kaihua Wang; Jun Pan; Lijun Jiang; Yehan Sun; Kaisi Wang; Yuwei Cao,2022,"2022 International Conference on Image Processing, Computer Vision and Machine Learning, ICICML 2022",10.1109/icicml57342.2022.10009679,Wildfire smoke,Direct fire-specific evidence,Satellite smoke classification and mapping,Sentinel-2 satellite imagery,Multispectral optical imagery,"Decision tree, support-vector machine and neural-network classifiers",Offline image-classification evaluation,Retrospective/offline,Within-dataset classifier comparison,Classification accuracy and class-specific performance reported by the study,Smoke-cloud/background confusion and imagery limitations; no concentration calibration,2,"Supports offline smoke classification on the evaluated Sentinel-2 imagery; classifier results do not validate pollutant concentration, cross-region robustness or operational warning performance.",Direct fire-specific evidence,Direct fire-specific evidence,Retrieved full report assessed 2026-08-24; minimum coding prepared from the complete report and with no independent author verification of detailed fields claimed.,Author approved eligibility decision — 2026-08-24,High,Minimum corpus coding prepared; detailed source-specific fields may remain unreported,https://doi.org/10.1109/icicml57342.2022.10009679
R09011,Research on the Comprehensive Forest Fire Monitoring System in Central Yunnan Based on Satellite Monitoring Hotspot Data and Smoke Collection Devices,Xiaojie Ma; Zhengrui Pu; Wenquan Chen; Na Li; Zhongliang Gao; Tengteng Long; Zhi Li,2026,Academic Journal of Science and Technology,10.54097/q5707919,Not fully coded / not reported,Direct fire-specific evidence,Concentration mapping / monitoring,Not fully coded / not reported,Not fully coded / not reported,Not fully coded / not reported,Not fully coded / not reported,Not fully coded / not reported,Not fully coded / not reported,Not fully coded / not reported,Not fully coded / not reported,Not fully coded / not reported,"Supports the reported sensing or measurement task only; operational readiness depends on setting, validation, and deployment maturity.",Direct fire-specific evidence,Direct fire-specific evidence,"Full report was previously assessed, but report text is unavailable in the current archive; detailed charting remains incomplete",Author verified — approved 23 Aug 2026,Medium,Minimum corpus coding reviewed; detailed source-specific fields may remain unreported,https://doi.org/10.54097/q5707919
R09055,Respiratory health outcomes of children and adolescents exposed to wildfire smoke: a systematic review.,"Walters, Maysa K; Ward, Tony J",2026,International journal of environmental health research,10.1080/09603123.2025.2579084,Not fully coded / not reported,Fire-specific evidence synthesis,Evidence synthesis; Exposure / health-risk estimation,Not fully coded / not reported,Not fully coded / not reported,Not fully coded / not reported,Not fully coded / not reported,Not fully coded / not reported,Not fully coded / not reported,Not fully coded / not reported,Not fully coded / not reported,N/A,Used for scope comparison or evidence synthesis; it cannot substitute for primary comparative or deployment evidence.,Evidence synthesis or guidance,Fire-specific evidence synthesis,"Full report was previously assessed, but report text is unavailable in the current archive; detailed charting remains incomplete",Author verified — approved 23 Aug 2026,Medium,Minimum corpus coding reviewed; detailed source-specific fields may remain unreported,https://doi.org/10.1080/09603123.2025.2579084
R09097,Indirect estimation of absorption properties for fine aerosol particles using AATSR observations: a case study of wildfires in Russia in 2010,E. Rodríguez; P. Kolmonen; T. Virtanen; L. Sogacheva; A. Sundström; G. Leeuw,2015,Atmospheric Measurement Techniques,10.5194/amt-8-3075-2015,Wildfire/wildland/forest fire,Direct fire-specific evidence,Concentration mapping / monitoring,Satellite/remote sensing,Satellite imagery/retrievals; Meteorology/reanalysis,Remote-sensing retrieval/inversion,Retrospective observational or computational evaluation,Field data/retrospective,Single-event/case-study retrospective evaluation,Not fully coded / not reported,Not fully coded / not reported,2,"Supports only the fire-specific task and evaluation setting described in the report; it does not by itself establish operational readiness, universal superiority, or cross-incident generalisation.",Direct fire-specific evidence,Direct fire-specific evidence,AI-assisted extraction from validated full-report text; existing nonblank charting preserved; no independent author verification of detailed fields claimed,Author verified — approved 23 Aug 2026,High,Minimum corpus coding reviewed; detailed source-specific fields may remain unreported,https://doi.org/10.5194/amt-8-3075-2015
R09155,Review of Wildland Fire Smoke Dispersion Models and Suggestion for Korean Forest-Fire Smoke Impact Forecast System,Joowon Park; H. Youn; Byung-Do Lee; C. Woo; Young-beom Kim; Bok‐Soo Lee,2016,,10.9798/kosham.2016.16.6.197,Wildfire/wildland/forest fire,Fire-specific evidence synthesis,Evidence synthesis; Forecasting / simulation,Not fully coded / not reported,Not fully coded / not reported,Chemical transport/dispersion model,Review/evidence synthesis,Review/synthesis,Not fully coded / not reported,Not fully coded / not reported,Not fully coded / not reported,N/A,Supports statements about the scope and reported findings of the reviewed literature; it is not independent deployment evidence and cannot establish algorithmic superiority.,Evidence synthesis or guidance,Fire-specific evidence synthesis,AI-assisted extraction from validated full-report text; existing nonblank charting preserved; no independent author verification of detailed fields claimed,Author verified — approved 23 Aug 2026,High,Minimum corpus coding reviewed; detailed source-specific fields may remain unreported,https://doi.org/10.9798/kosham.2016.16.6.197
R09183,Risk Aware SUAS Path Planning in an Unstructured Wildfire Environment,Rachit Aggarwal; Alexander A. Soderlund; Mrinal Kumar; David J. Grymin,2020,American Control Conference,10.23919/acc45564.2020.9147696,Wildfire,Fire-specific interface/source-state evidence,Risk-aware path planning; fire-state monitoring,Small uncrewed aerial system,Simulated uncertain fire-state observations,Evidential state estimation with chance-constrained path planning,Simulation/computational experiment,Simulation only,Risk-aware planning scenarios under state uncertainty,"Path, constraint-satisfaction and risk measures reported by the study",Epistemic/evidential state uncertainty and probabilistic safety constraints explicitly represented,1,"Supports uncertainty-aware SUAS planning around a simulated wildfire state; it does not validate smoke sensing, airspace integration or field safety.",Fire-specific interface or background evidence,Conditional fire-source/perimeter input,Retrieved full report assessed 2026-08-24; minimum coding prepared from the complete report and with no independent author verification of detailed fields claimed.,Author approved eligibility decision — 2026-08-24,High,Minimum corpus coding prepared; detailed source-specific fields may remain unreported,https://doi.org/10.23919/acc45564.2020.9147696
R09247,Santa Ana Airflow Observed From Wildfire Smoke Patterns in Satellite Imagery,J. Svejkovsky,1985,Monthly Weather Review,10.1175/1520-0493(1985)113<0902:saaofw>2.0.co;2,Not fully coded / not reported,Direct fire-specific evidence,Concentration mapping / monitoring,Not fully coded / not reported,Not fully coded / not reported,Not fully coded / not reported,Not fully coded / not reported,Not fully coded / not reported,Not fully coded / not reported,Not fully coded / not reported,Not fully coded / not reported,Not fully coded / not reported,"Supports the reported sensing or measurement task only; operational readiness depends on setting, validation, and deployment maturity.",Direct fire-specific evidence,Direct fire-specific evidence,"Full report was previously assessed, but report text is unavailable in the current archive; detailed charting remains incomplete",Author verified — approved 23 Aug 2026,Medium,Minimum corpus coding reviewed; detailed source-specific fields may remain unreported,https://doi.org/10.1175/1520-0493(1985)113<0902:saaofw>2.0.co;2
R09261,Satellite-based comparison of fire intensity and smoke plumes from prescribed fires and wildfires in south-eastern Australia,Williamson G.J.; Price O.F.; Henderson S.B.; Bowman D.M.J.S.,2013,International Journal of Wildland Fire,10.1071/wf11165,Prescribed fire and wildfire smoke,Direct fire-specific evidence,Fire-intensity and smoke-plume-area comparison,Satellite remote sensing,Satellite fire and smoke products,Comparative remote-sensing analysis,Retrospective Melbourne/Sydney regional fire cases,Satellite observations,Comparison of prescribed-fire and wildfire event characteristics,Fire intensity and mapped plume area,Event sampling and satellite-product limits,2,Supports the reported differences between the evaluated prescribed-fire and wildfire events; the small event set does not justify universal quantitative differences.,Direct fire-specific evidence,Direct fire-specific evidence,Retrieved full report assessed 2026-08-24; minimum coding prepared from the complete report and with no independent author verification of detailed fields claimed.,Author approved eligibility decision — 2026-08-24,High,Minimum corpus coding prepared; detailed source-specific fields may remain unreported,https://doi.org/10.1071/wf11165
R09264,Satellite-Based Differentiation of Anthropogenic and Forest Fire CO2 Emission Regions,Mingdong You; Shuying Zang; Li Sun; Yusheng Shi,2025,IEEE Journal of Selected Topics in Applied Earth Observations and Remote Sensing,10.1109/jstars.2025.3595540,Wildfire/wildland/forest fire,Direct fire-specific evidence,Concentration mapping / monitoring; Emissions / source-term estimation,Satellite/remote sensing,Gas sensors/measurements,Not fully coded / not reported,Retrospective observational or computational evaluation,Field data/retrospective,Not fully coded / not reported,Not fully coded / not reported,Not fully coded / not reported,2,"Supports only the fire-specific task and evaluation setting described in the report; it does not by itself establish operational readiness, universal superiority, or cross-incident generalisation.",Direct fire-specific evidence,Direct fire-specific evidence,AI-assisted extraction from validated full-report text; existing nonblank charting preserved; no independent author verification of detailed fields claimed,Author verified — approved 23 Aug 2026,High,Minimum corpus coding reviewed; detailed source-specific fields may remain unreported,https://doi.org/10.1109/jstars.2025.3595540
R09267,Satellite-based estimation of the impacts of summertime wildfires on PM2.5 concentration in the United States,Zhixin Xue; P. Gupta; S. Christopher,2021,Atmospheric Chemistry and Physics,10.5194/acp-21-11243-2021,Not fully coded / not reported,Direct fire-specific evidence,Concentration mapping / monitoring,Not fully coded / not reported,Not fully coded / not reported,Not fully coded / not reported,Not fully coded / not reported,Not fully coded / not reported,Not fully coded / not reported,Not fully coded / not reported,Not fully coded / not reported,Not fully coded / not reported,"Supports the reported sensing or measurement task only; operational readiness depends on setting, validation, and deployment maturity.",Direct fire-specific evidence,Direct fire-specific evidence,"Full report was previously assessed, but report text is unavailable in the current archive; detailed charting remains incomplete",Author verified — approved 23 Aug 2026,Medium,Minimum corpus coding reviewed; detailed source-specific fields may remain unreported,https://doi.org/10.5194/acp-21-11243-2021
R09273,Satellite-borne identification and quantification of wildfire smoke emissions in North America via a novel UV-based index,Ziyi Suo; Qing Wang; Yingcheng Lu; Yixin Yao; Qingjun Song; Jing Ding; Weimin Ju; Zhengke Zhang,2025,Atmospheric Environment,10.1016/j.atmosenv.2025.121069,Wildfire smoke,Direct fire-specific satellite retrieval evidence,Smoke/plume detection; concentration mapping / monitoring; emissions estimation,HY-1C/D ultraviolet-visible satellite sensors,"UVSI, CALIPSO, MODIS MAIAC aerosol optical depth, GOES-R fire radiative energy, and September 2020 fire observations","Ultraviolet smoke/cloud discrimination, aerosol retrieval, and fire-radiative-energy to total-particulate-matter regression",September 2020 North American wildfire smoke,Retrospective satellite-method evaluation,Cross-sensor comparison and 32-plume empirical regression for particulate emissions,"CALIPSO comparison R2 0.65; concentration-group AOD correlations R2 0.63, 0.56, and 0.71; 32-plume FRE-TPM regression R2 0.94",Correlation/regression diagnostics and threshold sensitivity discussion; no calibrated retrieval uncertainty propagated to decisions,2,"Supports proof-of-concept satellite smoke detection and emissions estimation for September 2020, not operational accuracy or generalisation across seasons, surfaces, and sensors.",Direct fire-specific evidence,Direct fire-specific satellite-method evaluation evidence,"Complete 14-page report supplied by author; identity, opening/closing pages, references, extractability and completeness validated; SHA256 d7395561f2473817eb4b82341f54c7f74b7410b17245dbdc4c0fb9c40a0f8219",Author verified — approved 23 Aug 2026,High,Minimum corpus coding reviewed; detailed source-specific fields may remain unreported,https://doi.org/10.1016/j.atmosenv.2025.121069
R09283,Satellite detection of a continental‐scale plume of nitrogen oxides from boreal forest fires,N. Spichtinger; M. Wenig; P. James; T. Wagner; U. Platt; A. Stohl,2001,Geophysical Research Letters,10.1029/2001gl013484,Canadian boreal-fire smoke,Direct fire-specific evidence,Continental-scale trace-gas plume detection and transport attribution,Satellite observations plus atmospheric transport modelling,GOME NO2 and TOMS aerosol products,Satellite analysis with FLEXPART transport simulation,Retrospective 1998 Canadian boreal-fire episode,Satellite observations plus modelling,Event attribution and model-observation comparison,Spatial plume correspondence and trace-gas/aerosol fields,"Emission assumptions, satellite sensitivity and transport attribution limitations",2,Supports detection and transport attribution of a continental-scale NO2/smoke plume for the 1998 episode; it does not validate surface exposure or real-time forecasting.,Direct fire-specific evidence,Direct fire-specific evidence,Retrieved full report assessed 2026-08-24; minimum coding prepared from the complete report and with no independent author verification of detailed fields claimed.,Author approved eligibility decision — 2026-08-24,High,Minimum corpus coding prepared; detailed source-specific fields may remain unreported,https://doi.org/10.1029/2001gl013484
R09291,Satellite Limb Observations of Unprecedented Forest Fire Aerosol in the Stratosphere,Bourassa A.E.; Rieger L.A.; Zawada D.J.; Khaykin S.; Thomason L.W.; Degenstein D.A.,2019,Journal of Geophysical Research - Atmospheres,10.1029/2019jd030607,Wildfire/wildland/forest fire,Direct fire-specific evidence,Concentration mapping / monitoring,Satellite/remote sensing,Not fully coded / not reported,Not fully coded / not reported,Retrospective observational or computational evaluation,Field data/retrospective,Not fully coded / not reported,Not fully coded / not reported,Not fully coded / not reported,2,"Supports only the fire-specific task and evaluation setting described in the report; it does not by itself establish operational readiness, universal superiority, or cross-incident generalisation.",Direct fire-specific evidence,Direct fire-specific evidence,AI-assisted extraction from validated full-report text; existing nonblank charting preserved; no independent author verification of detailed fields claimed,Author verified — approved 23 Aug 2026,High,Minimum corpus coding reviewed; detailed source-specific fields may remain unreported,https://doi.org/10.1029/2019jd030607
R09292,Satellite mapping of CO emission from forest fires in Northwest America using MOPITT measurements,Jane Liu; J. Drummond; Qinbin Li; J. Gille; D. Ziskin,2005,Remote Sensing of Environment,10.1016/j.rse.2005.01.009,Biomass-burning/wildfire smoke,Direct fire-specific evidence,Carbon-monoxide plume mapping; emissions estimation,Satellite remote sensing,MOPITT carbon monoxide and AVHRR fire hotspots,Satellite plume analysis and inverse/source-term estimation,Retrospective regional fire-event analysis,Satellite observations plus modelling,CO-field comparison with hotspot-derived fire activity,CO distribution and estimated emissions,"Retrieval sensitivity, hotspot detection and source-term assumptions",2,Supports satellite CO plume mapping and event-scale emissions estimation for the evaluated fires; it does not establish near-surface PM exposure or operational response performance.,Direct fire-specific evidence,Direct fire-specific evidence,Retrieved full report assessed 2026-08-24; minimum coding prepared from the complete report and with no independent author verification of detailed fields claimed.,Author approved eligibility decision — 2026-08-24,High,Minimum corpus coding prepared; detailed source-specific fields may remain unreported,https://doi.org/10.1016/j.rse.2005.01.009
R09293,Satellite mapping of CO2 emission from forest fires in Indonesia using AIRS measurements.,J. Rajab; M. MatJafri; H. Lim; K. Abdullah,2009,Modern Applied Science,10.5539/mas.v3n12p68,Not fully coded / not reported,Direct fire-specific evidence,Concentration mapping / monitoring; Emissions / source-term estimation,Not fully coded / not reported,Not fully coded / not reported,Not fully coded / not reported,Not fully coded / not reported,Not fully coded / not reported,Not fully coded / not reported,Not fully coded / not reported,Not fully coded / not reported,Not fully coded / not reported,"Supports the reported sensing or measurement task only; operational readiness depends on setting, validation, and deployment maturity.",Direct fire-specific evidence,Direct fire-specific evidence,"Full report was previously assessed, but report text is unavailable in the current archive; detailed charting remains incomplete",Author verified — approved 23 Aug 2026,Medium,Minimum corpus coding reviewed; detailed source-specific fields may remain unreported,https://doi.org/10.5539/mas.v3n12p68
R09297,Satellite monitoring for carbon monoxide and particulate matter during forest fire episodes in Northern Thailand.,"Sukitpaneenit, Manlika; Kim Oanh, Nguyen Thi",2014,Environmental monitoring and assessment,10.1007/s10661-013-3556-x,Wildfire/wildland/forest fire,Direct fire-specific evidence,Concentration mapping / monitoring,Satellite/remote sensing,Gas sensors/measurements,Cross-platform satellite and ground-monitoring analysis of CO and particulate matter,Northern Thailand 2008-2010 forest-fire episode evaluation,Satellite and ground observations,"Satellite CO, AOD and hotspot products analysed with nine automatic air-quality stations; two fire episodes examined for plume dispersion",Not fully coded / not reported,Not fully coded / not reported,2,"Supports only the fire-specific task and evaluation setting described in the report; it does not by itself establish operational readiness, universal superiority, or cross-incident generalisation.",Direct fire-specific evidence,Direct fire-specific evidence,AI-assisted extraction from validated full-report text; existing nonblank charting preserved; no independent author verification of detailed fields claimed,Author verified — approved 23 Aug 2026,High,Minimum corpus coding reviewed; detailed source-specific fields may remain unreported,https://doi.org/10.1007/s10661-013-3556-x
R09301,Satellite monitoring of forest fires and associated smoke plumes occurring in Korea,Chung Y.S.; Kim H.S.,2008,"Air Quality, Atmosphere and Health",10.1007/s11869-008-0012-0,Not fully coded / not reported,Direct fire-specific evidence,Concentration mapping / monitoring,Not fully coded / not reported,Not fully coded / not reported,Not fully coded / not reported,Not fully coded / not reported,Not fully coded / not reported,Not fully coded / not reported,Not fully coded / not reported,Not fully coded / not reported,Not fully coded / not reported,"Supports the reported sensing or measurement task only; operational readiness depends on setting, validation, and deployment maturity.",Direct fire-specific evidence,Direct fire-specific evidence,"Full report was previously assessed, but report text is unavailable in the current archive; detailed charting remains incomplete",Author verified — approved 23 Aug 2026,Medium,Minimum corpus coding reviewed; detailed source-specific fields may remain unreported,https://doi.org/10.1007/s11869-008-0012-0
R09350,School and childcare facility air quality decision-makers' perspectives on using low-cost sensors for wildfire smoke response.,"Stampfer, Orly; Farquhar, Stephanie; Seto, Edmund; Karr, Catherine J",2023,BMC public health,10.1186/s12889-023-16989-7,Not fully coded / not reported,Direct fire-specific evidence,Intervention / decision planning; Concentration mapping / monitoring,Not fully coded / not reported,Not fully coded / not reported,Not fully coded / not reported,Not fully coded / not reported,Not fully coded / not reported,Not fully coded / not reported,Not fully coded / not reported,Not fully coded / not reported,Not fully coded / not reported,Supports an operationally relevant fire-specific task; detailed task and maturity coding has completeness reported in the field-level audit.,Direct fire-specific evidence,Direct fire-specific evidence,"Full report was previously assessed, but report text is unavailable in the current archive; detailed charting remains incomplete",Author verified — approved 23 Aug 2026,Medium,Minimum corpus coding reviewed; detailed source-specific fields may remain unreported,https://doi.org/10.1186/s12889-023-16989-7
R09406,Self-lofting of wildfire smoke in the troposphere and stratosphere: simulations and space lidar observations,Kevin Ohneiser; A. Ansmann; Jonas Witthuhn; H. Deneke; A. Chudnovsky; Gregor Walter; F. Senf,2023,Atmospheric Chemistry and Physics,10.5194/acp-23-2901-2023,Not fully coded / not reported,Direct fire-specific evidence,Forecasting / simulation; Concentration mapping / monitoring,Not fully coded / not reported,Not fully coded / not reported,Not fully coded / not reported,Not fully coded / not reported,Not fully coded / not reported,Not fully coded / not reported,Not fully coded / not reported,Not fully coded / not reported,Not fully coded / not reported,"Supports the reported sensing or measurement task only; operational readiness depends on setting, validation, and deployment maturity.",Direct fire-specific evidence,Direct fire-specific evidence,"Full report was previously assessed, but report text is unavailable in the current archive; detailed charting remains incomplete",Author verified — approved 23 Aug 2026,Medium,Minimum corpus coding reviewed; detailed source-specific fields may remain unreported,https://doi.org/10.5194/acp-23-2901-2023
R09433,Sensitivity of Regional WRF‐Chem Air Quality and Weather Simulations to Biomass‐Burning Emission Data Sets: A Case Study of the Impact of Canadian Wildfire on the US,Sicheng Wu; Rajesh Kumar; Peiyuan Li; R. Kotamarthi; S. Collis; S. Shams; Ashish Sharma,2025,Journal of Geophysical Research - Atmospheres,10.1029/2025jd043944,2023 Canadian wildfire smoke,Direct fire-specific evidence,Regional smoke and air-quality simulation; emissions-inventory sensitivity,WRF-Chem modelling system with satellite and ground evaluation,"Biomass-burning emissions products, satellite aerosol products and surface observations",WRF-Chem simulations using four emissions datasets,Retrospective 2023 Canadian smoke episode,Observations plus modelling,Within-model emissions-dataset sensitivity comparison,"Model-observation bias, correlation and concentration/plume fields reported by the study",Emissions-dataset sensitivity and systematic underprediction explicitly evaluated,2,Supports emissions-input sensitivity and the reported underprediction for this WRF-Chem case; QFED's within-study performance does not establish general emissions-product superiority.,Direct fire-specific evidence,Direct fire-specific evidence,Retrieved full report assessed 2026-08-24; minimum coding prepared from the complete report and with no independent author verification of detailed fields claimed.,Author approved eligibility decision — 2026-08-24,High,Minimum corpus coding prepared; detailed source-specific fields may remain unreported,https://doi.org/10.1029/2025jd043944
R09526,Simulating smoke transport from wildland fires with a regional-scale air quality model: sensitivity to spatiotemporal allocation of fire emissions.,"Garcia-Menendez, Fernando; Hu, Yongtao; Odman, Mehmet T",2014,The Science of the total environment,10.1016/j.scitotenv.2014.05.108,Wildland fire,Fire-specific,Forecasting / simulation,Regional chemical transport model,"CMAQ-style regional modeling inputs, fire emissions, meteorology, monitoring observations for the 28 February 2007 Atlanta episode","Controlled sensitivity analysis of vertical, horizontal, and hourly fire-emission allocation",Retrospective smoke episode,Simulation evaluated against observations,Base case and multiple emissions-allocation perturbations,Peak and spatial PM2.5 response across sensitivity cases; observation-model comparison,"Explicit sensitivity to injection height, horizontal gridding, and temporal profiles",2,Supports sensitivity of modeled Atlanta PM2.5 to emissions allocation for one 2007 smoke episode; it does not rank all dispersion models or prove real-time forecast superiority.,Direct fire-specific evidence,Direct fire-specific evidence,Full report text extracted and AI-assisted detailed charting proposal; no independent author verification of detailed fields claimed,Author verified — approved 23 Aug 2026,High,Minimum corpus coding reviewed; detailed source-specific fields may remain unreported,https://doi.org/10.1016/j.scitotenv.2014.05.108
R09527,Simulating smoke transport from wildland fires with a regional‐scale air quality model: Sensitivity to uncertain wind fields,F. Garcia‐Menendez; Yongtao Hu; M. Odman,2013,Journal of Geophysical Research: Atmospheres,10.1002/jgrd.50524,Wildfire smoke,Direct fire-specific evidence,PM2.5 dispersion simulation; meteorological-uncertainty analysis,CMAQ air-quality modelling system,"Fire emissions, meteorological fields and air-quality observations",CMAQ sensitivity experiments with perturbed/alternative wind fields,Retrospective simulations of two wildfire events,Observations plus modelling,Wind-field sensitivity and model-observation evaluation,PM2.5 concentration and transport differences across wind configurations,Meteorological/wind uncertainty explicitly propagated into concentration predictions,2,Supports the sensitivity of simulated wildfire PM2.5 to wind-field uncertainty in the two evaluated cases; it does not quantify all sources of forecast uncertainty or operational utility.,Direct fire-specific evidence,Direct fire-specific evidence,Retrieved full report assessed 2026-08-24; minimum coding prepared from the complete report and with no independent author verification of detailed fields claimed.,Author approved eligibility decision — 2026-08-24,High,Minimum corpus coding prepared; detailed source-specific fields may remain unreported,https://doi.org/10.1002/jgrd.50524
R09530,Simulating the Air Quality Impact of Prescribed Fires Using a Graph Neural Network-Based PM2.5 Emissions Forecasting System,Kyleen Liao; Jatan Buch; Kara D. Lamb; Pierre Gentine,2023,arXiv.org,10.48550/arxiv.2312.04291,Prescribed fire; Wildfire/wildland/forest fire,Direct fire-specific evidence,Forecasting / simulation; Concentration mapping / monitoring; Emissions / source-term estimation,Simulation/model only,PM2.5/particulate monitors,Spatiotemporal graph-neural-network PM2.5 forecasting integrated with prescribed-fire simulation,Offline forecast evaluation and simulated prescribed-fire experiments,Observed historical data plus offline simulation,GNN PM2.5 forecasting combined with two prescribed-fire simulation experiments examining timing and air-quality trade-offs,Not fully coded / not reported,Not fully coded / not reported,1,"Supports only the fire-specific task and evaluation setting described in the report; it does not by itself establish operational readiness, universal superiority, or cross-incident generalisation.",Direct fire-specific evidence,Direct fire-specific evidence,AI-assisted extraction from validated full-report text; existing nonblank charting preserved; no independent author verification of detailed fields claimed,Author verified — approved 23 Aug 2026,High,Minimum corpus coding reviewed; detailed source-specific fields may remain unreported,https://doi.org/10.48550/arxiv.2312.04291
R09535,"Simulating the forest fire plume dispersion, chemistry, and aerosol formation using SAM-ASP version 1.0",Lonsdale C.R.; Alvarado M.J.; Hodshire A.L.; Ramnarine E.; Pierce J.R.,2020,Geoscientific Model Development,10.5194/gmd-13-4579-2020,Not fully coded / not reported,Direct fire-specific evidence,Forecasting / simulation; Concentration mapping / monitoring,Not fully coded / not reported,Not fully coded / not reported,Not fully coded / not reported,Not fully coded / not reported,Not fully coded / not reported,Not fully coded / not reported,Not fully coded / not reported,Not fully coded / not reported,Not fully coded / not reported,Supports the reported model or simulation task and validation setting; it does not establish universal superiority or real-time deployment.,Direct fire-specific evidence,Direct fire-specific evidence,"Full report was previously assessed, but report text is unavailable in the current archive; detailed charting remains incomplete",Author verified — approved 23 Aug 2026,Medium,Minimum corpus coding reviewed; detailed source-specific fields may remain unreported,https://doi.org/10.5194/gmd-13-4579-2020
R09539,Simulating wildfire emissions and plume rise using geostationary satellite fire radiative power measurements: a case study of the 2019 Williams Flats fire,Aditya Kumar; R. Pierce; R. Ahmadov; G. Pereira; S. Freitas; G. Grell; C. Schmidt; Allen J. Lenzen; J. Schwarz; A. Perring; J. Katich; J. Hair; J. L. Jimenez; P. Campuzano‐Jost; Hongyu Guo,2022,Atmospheric Chemistry and Physics,10.5194/acp-22-10195-2022,Wildfire/wildland/forest fire,Direct fire-specific evidence,Forecasting / simulation; Concentration mapping / monitoring; Emissions / source-term estimation,Satellite/remote sensing,Gas sensors/measurements; Satellite imagery/retrievals; Fire/emissions inventory,Chemical transport/dispersion model,Retrospective observational or computational evaluation,Field data/retrospective,Single-event/case-study retrospective evaluation,Not fully coded / not reported,Not fully coded / not reported,2,"Supports only the fire-specific task and evaluation setting described in the report; it does not by itself establish operational readiness, universal superiority, or cross-incident generalisation.",Direct fire-specific evidence,Direct fire-specific evidence,AI-assisted extraction from validated full-report text; existing nonblank charting preserved; no independent author verification of detailed fields claimed,Author verified — approved 23 Aug 2026,High,Minimum corpus coding reviewed; detailed source-specific fields may remain unreported,https://doi.org/10.5194/acp-22-10195-2022
R09549,Simulation of Air Pollution in Kyiv Caused by Wildfires in the Fall of 2024,Kovalets I.V.; Koval S.D.; Maistrenko S.Y.; Synkevych R.O.; Khurtsilava K.V.,2026,Science and innovation,10.15407/scine22.01.032,Wildfire smoke,Direct fire-specific model/observation case study,Forecasting / simulation; concentration mapping / monitoring,"MODIS emissions, WRF-Ukraine meteorology, RODOS Lagrangian dispersion, and Kyiv PM2.5 monitors","MODIS fire/radiative-energy data, WRF-Ukraine, RODOS, and municipal PM2.5 measurements",Fire-radiative-energy emissions estimation and 24-hour Lagrangian dispersion simulation,Wildfire smoke affecting Kyiv on 20 September 2024,Retrospective dispersion simulation with field-monitor comparison,Single-event plume simulation compared qualitatively with observed PM2.5 timing and levels,Estimated emission 4.2 kg/s; simulated fire-attributable mean PM2.5 11.6-34.7 micrograms/m3; qualitative temporal agreement,No formal parameter or predictive uncertainty analysis,2,"Supports feasibility of the reported satellite-emissions/dispersion workflow for one Kyiv event, not validated forecast accuracy, source attribution, or operational readiness.",Direct fire-specific evidence,Direct fire-specific dispersion case evidence,"Complete 9-page report supplied by author; identity, opening/closing pages, references, extractability and completeness validated; SHA256 d321cde08ba4735605c18c1ae7a9871f25a354583468c8281ab4ad7bc7ca818b",Author verified — approved 23 Aug 2026,High,Minimum corpus coding reviewed; detailed source-specific fields may remain unreported,https://doi.org/10.15407/scine22.01.032
R09550,Simulation of Air Pollution Produced by Forest Fires Using the WRF-SFIRE-CHEM Model in Greece: Study Cases,I. Sakellaris; J. Bartzis; Emmanouil Grillakis; Ioannis Bakouros; Dimitris Kyriazanos; D. Saraga; A. Voulgarakis; T. Maggos,2025,Fire technology,10.1007/s10694-025-01784-0,Wildfire/wildland/forest fire,Direct fire-specific evidence,Forecasting / simulation; Concentration mapping / monitoring,Simulation/model only,Gas sensors/measurements; Fire/emissions inventory,Not fully coded / not reported,Simulation/computational experiment,Simulation/computational,Single-event/case-study retrospective evaluation,Not fully coded / not reported,Not fully coded / not reported,1,"Supports only the fire-specific task and evaluation setting described in the report; it does not by itself establish operational readiness, universal superiority, or cross-incident generalisation.",Direct fire-specific evidence,Direct fire-specific evidence,AI-assisted extraction from validated full-report text; existing nonblank charting preserved; no independent author verification of detailed fields claimed,Author verified — approved 23 Aug 2026,High,Minimum corpus coding reviewed; detailed source-specific fields may remain unreported,https://doi.org/10.1007/s10694-025-01784-0
R09551,Simulation of air quality impacts from prescribed fires on an urban area.,"Hu, Yongtao; Odman, M Talat; Chang, Michael E; Jackson, William; Lee, Sangil; Edgerton, Eric S; Baumann, Karsten; Russell, Armistead G",2008,Environmental Science and Technology,10.1021/es071703k,Prescribed-fire smoke,Direct fire-specific evidence,Urban air-quality impact estimation; smoke simulation,Regional chemical transport model with monitoring data,Fire-emissions inputs and surface air-quality observations,CMAQ/model-based prescribed-fire smoke assessment,Retrospective Atlanta regional analysis,Observations plus modelling,Scenario/model-observation evaluation of prescribed-fire impacts,PM concentration changes and model-observation performance reported by the study,"Emissions, transport and source-attribution limitations discussed",2,Supports estimated prescribed-fire contributions to Atlanta air quality for the evaluated period and model configuration; it does not establish incident-time forecast accuracy.,Direct fire-specific evidence,Direct fire-specific evidence,Retrieved full report assessed 2026-08-24; minimum coding prepared from the complete report and with no independent author verification of detailed fields claimed.,Author approved eligibility decision — 2026-08-24,High,Minimum corpus coding prepared; detailed source-specific fields may remain unreported,https://doi.org/10.1021/es071703k
R09556,Simulation of Forest Fires Smoke Using WRF-Chem Model with FINN Fire Emissions in Sumatera☆,D. Nuryanto,2015,Procedia environmental sciences,10.1016/j.proenv.2015.03.010,Sumatran biomass-burning smoke,Direct fire-specific evidence,Regional smoke and trace-gas simulation,WRF-Chem modelling system with satellite evaluation,"FINN emissions, meteorology and satellite aerosol/trace-gas observations",WRF-Chem chemical-transport simulation,Retrospective 2014 Sumatra smoke episode,Satellite observations plus modelling,Event model-observation evaluation,"Plume distribution, aerosol fields and carbon-monoxide magnitude","Emissions and model underestimation, including low CO magnitude, reported",2,Supports WRF-Chem representation of broad smoke evolution and documents model bias for the 2014 case; it does not validate routine operational forecasts.,Direct fire-specific evidence,Direct fire-specific evidence,Retrieved full report assessed 2026-08-24; minimum coding prepared from the complete report and with no independent author verification of detailed fields claimed.,Author approved eligibility decision — 2026-08-24,High,Minimum corpus coding prepared; detailed source-specific fields may remain unreported,https://doi.org/10.1016/j.proenv.2015.03.010
R09562,Simulation of spread of air pollution plumes from forest fires with the use of COSMO-Ru7-ART chemical-transport model,Surkova G.V.; Blinov D.V.; Kirsanov A.A.; Revokatova A.P.; Rivin G.S.,2014,Atmospheric and Oceanic Optics,10.1134/s1024856014030105,Russian wildfire smoke,Direct fire-specific evidence,Emissions estimation; atmospheric transport and concentration simulation,COSMO-Ru7-ART regional modelling system,"Fire, meteorological, chemical-transport and observational inputs",Online-coupled regional aerosol and trace-gas modelling,Retrospective August 2010 Russian wildfire episode,Observations plus modelling,Regional case simulation and model-observation assessment,Aerosol/trace-gas concentrations and spatial-temporal plume behaviour,"Source emissions, injection and meteorological/model limitations discussed",2,Supports regional emissions-and-transport simulation for the August 2010 fires; it does not establish universally accurate incident-scale concentration forecasts.,Direct fire-specific evidence,Direct fire-specific evidence,Retrieved full report assessed 2026-08-24; minimum coding prepared from the complete report and with no independent author verification of detailed fields claimed.,Author approved eligibility decision — 2026-08-24,High,Minimum corpus coding prepared; detailed source-specific fields may remain unreported,https://doi.org/10.1134/s1024856014030105
R09572,Simultaneous Monitoring of Wildfire and Smoke Using Geostationary Satellite Infrared Channel Observations,Kwon-Ho Lee; Kwanchul Kim; Dasom Lee; Jong-Sung Ha; Heeseob Kim,2024,Journal of Korean Society for Atmospheric Environment,10.5572/kosae.2024.40.3.337,Forest-fire smoke,Direct fire-specific evidence,Simultaneous fire and smoke detection/monitoring,Geostationary satellite remote sensing,Infrared satellite imagery,Thermal/infrared fire and smoke monitoring algorithm,Retrospective satellite case evaluation,Satellite observations,Algorithm demonstration on observed fire/smoke scenes,Detection and mapped fire/smoke characteristics reported by the study,Cloud/background discrimination and spatial-resolution limitations,2,Supports simultaneous geostationary-satellite observation of fire and smoke in the evaluated scenes; it does not directly measure surface concentration or validate emergency decisions.,Direct fire-specific evidence,Direct fire-specific evidence,Retrieved full report assessed 2026-08-24; minimum coding prepared from the complete report and with no independent author verification of detailed fields claimed.,Author approved eligibility decision — 2026-08-24,High,Minimum corpus coding prepared; detailed source-specific fields may remain unreported,https://doi.org/10.5572/kosae.2024.40.3.337
R09628,SMFM Alert: Wildfire Smoke and Pregnancy,Society for Maternal-Fetal Medicine (SMFM),2025,Society for Maternal-Fetal Medicine,10.65352/kuxt8548,Wildfire/wildland/forest fire,Fire-specific authoritative / policy evidence,Exposure / health-risk estimation; Intervention / decision planning,Not fully coded / not reported,Not fully coded / not reported,Not fully coded / not reported,Not fully coded / not reported,Not fully coded / not reported,Single-event/case-study retrospective evaluation,Not fully coded / not reported,Not fully coded / not reported,N/A,"Supports operational, legal, or policy context only; it is not algorithm-performance evidence.",Evidence synthesis or guidance,Authoritative operational guidance,AI-assisted extraction from validated full-report text; existing nonblank charting preserved; no independent author verification of detailed fields claimed,Author verified — approved 23 Aug 2026,Medium,Minimum corpus coding reviewed; detailed source-specific fields may remain unreported,https://doi.org/10.65352/kuxt8548
R09644,Smoke and the eyes: A review of the harmful effects of wildfire smoke and air pollution on the ocular surface.,"Jaiswal, Sukanya; Jalbert, Isabelle; Schmid, Katrina; Tein, Natasha; Wang, Sarah; Golebiowski, Blanka",2022,"Environmental pollution (Barking, Essex : 1987)",10.1016/j.envpol.2022.119732,Wildfire plus broader combustion/air-pollution sources,Mixed fire-specific and adjacent-source evidence,Evidence synthesis; Exposure / health-risk estimation; Health protection,Not applicable,"Clinical, epidemiological, toxicological, and broader air-pollution literature",Narrative critical review,Review/evidence synthesis,Review/synthesis,Critical narrative synthesis,"Ocular symptoms, surface function, inflammation, irritation, and clinical visits",Evidence inconsistency and major gaps discussed; no systematic risk-of-bias synthesis,N/A,"Supports ocular-health context and plausible protective measures, but wildfire-specific clinical evidence is sparse and findings transferred from traffic, tobacco, biomass, and general air pollution must be labelled as such.",Evidence synthesis or guidance,Fire-specific evidence synthesis with adjacent-source transfer,Full report text extracted and AI-assisted detailed charting proposal; no independent author verification of detailed fields claimed,Author verified — approved 23 Aug 2026,High,Minimum corpus coding reviewed; detailed source-specific fields may remain unreported,https://doi.org/10.1016/j.envpol.2022.119732
R09647,Smoke characterization for incipient wildfire detection from Sentinel-2 sensor based on sigmoid activation function and momentum gradient descent optimizer,Athule Sali; Sandisiwe Nomqupu; A. Nyamugama; Naledzani Ndou,2025,Earth Science Informatics,10.1007/s12145-025-01991-x,Wildfire/wildland/forest fire,Fire-specific interface evidence,Concentration mapping / monitoring; Detection,Satellite/remote sensing; Fixed ground monitoring,Satellite imagery/retrievals,Not fully coded / not reported,Not fully coded / not reported,Not fully coded / not reported,Not fully coded / not reported,AUC,"The mean radiance values for smoke plume were noted to be lower than that of the clouds across all the selected spectral channels besides the shortwave infrared (SWIR) cirrus channel for both original and calibrated image, where smoke and clouds had similar radiance properties.",1,"Supports fire/smoke detection, localisation, or source/perimeter inputs only; it does not validate ambient concentration mapping, exposure estimation, health-risk prediction, or operational deployment of the end-to-end pipeline.",Fire-specific interface or background evidence,Fire-specific smoke-detection evidence (non-concentration),AI-assisted extraction from validated full-report text; existing nonblank charting preserved; no independent author verification of detailed fields claimed,Author verified — approved 23 Aug 2026,High,Minimum corpus coding reviewed; detailed source-specific fields may remain unreported,https://doi.org/10.1007/s12145-025-01991-x
R09650,Smoke-Column Observations from Two Forest Fires Using Doppler Lidar and Doppler Radar,R. Banta; L. Olivier; E. Holloway; R. Kropfli; B. Bartram; R. Cupp; M. Post,1992,Journal of Applied Meteorology,10.1175/1520-0450(1992)031<1328:scoftf>2.0.co;2,Forest-fire smoke,Direct fire-specific evidence,Three-dimensional plume observation; injection-height and transport characterisation,Ground-based Doppler lidar and Doppler radar,Doppler lidar and weather radar,Remote-sensing observation of plume kinematics,Field observations of two forest fires,Field remote sensing,Two-fire observational report,"Tracked distance, plume height, velocity and smoke-layer evolution",Short report and two-event scope; retrieval/coverage limits,2,"Supports radar/lidar observation of plume motion, injection and downwind structure for two fires; it does not establish pollutant-concentration accuracy or general operational performance.",Direct fire-specific evidence,Direct fire-specific evidence,Retrieved full report assessed 2026-08-24; minimum coding prepared from the complete report and with no independent author verification of detailed fields claimed.,Author approved eligibility decision — 2026-08-24,High,Minimum corpus coding prepared; detailed source-specific fields may remain unreported,https://doi.org/10.1175/1520-0450(1992)031<1328:scoftf>2.0.co;2
R09662,"Smoke Dispersion from Forest Fire Combustion Products—Implementation at Strategic, Tactical and Operational Level",Nikolaos Iliopoulos; Michail Chalaris; S. Solomos; C. Kontoes; Nikolaos S. Bartsotas; Alexandros Malounis; V. Amiridis; E. Marinou; Konstantinos Eleftheratos; N. Mihalopoulos; E. Gerasopoulos; Christos Zerefos,2023,"16th International Conference on Meteorology, Climatology and Atmospheric Physics—COMECAP 2023",10.3390/environsciproc2023026189,Not fully coded / not reported,Direct fire-specific evidence,Forecasting / simulation,Not fully coded / not reported,Not fully coded / not reported,Not fully coded / not reported,Not fully coded / not reported,Not fully coded / not reported,Not fully coded / not reported,Not fully coded / not reported,Not fully coded / not reported,Not fully coded / not reported,Supports the reported model or simulation task and validation setting; it does not establish universal superiority or real-time deployment.,Direct fire-specific evidence,Direct fire-specific evidence,"Full report was previously assessed, but report text is unavailable in the current archive; detailed charting remains incomplete",Author verified — approved 23 Aug 2026,Medium,Minimum corpus coding reviewed; detailed source-specific fields may remain unreported,https://doi.org/10.3390/environsciproc2023026189
R09686,"Smoke Injection Height of Wildfire Event Based on Multi-Source Remote Sensing Data in Yunnan Province, China",Wenjia Wang; Qixing Zhang; Jie Luo; Ranran Zhao; Yongming Zhang,2020,International Geoscience and Remote Sensing Symposium (IGARSS),10.1109/igarss39084.2020.9324388,Forest-fire smoke,Direct fire-specific evidence,Plume injection-height estimation; vertical smoke structure,Multi-satellite remote sensing,"MODIS, Landsat and CALIPSO products",Cross-sensor case analysis,Retrospective Yunnan forest-fire case,Satellite observations,Event case study combining horizontal and vertical products,"Plume height, extent and vertical-profile characteristics","Satellite overpass, cloud and cross-sensor resolution differences",2,Supports injection-height and plume-structure characterisation for the evaluated Yunnan event; one case does not validate general or real-time performance.,Direct fire-specific evidence,Direct fire-specific evidence,Retrieved full report assessed 2026-08-24; minimum coding prepared from the complete report and with no independent author verification of detailed fields claimed.,Author approved eligibility decision — 2026-08-24,High,Minimum corpus coding prepared; detailed source-specific fields may remain unreported,https://doi.org/10.1109/igarss39084.2020.9324388
R09689,Smoke monitoring and measurement using image processing: application to forest fires,F. Gomez-Rodriguez; Begoña C. Arrue; A. Ollero,2003,Proceedings of SPIE - The International Society for Optical Engineering,10.1117/12.487050,Forest-fire smoke,Direct fire-specific evidence,Visual smoke detection; plume-motion and geometry estimation,Ground-based optical camera,Image sequences from controlled forest-fire experiments,Wavelet image processing and optical-flow analysis,Gestosa field fire experiments,Controlled field experiments,Algorithm application to recorded experimental fire sequences,"Smoke detection, apparent plume height, velocity, volume and evolution","Image geometry, visibility and apparent-volume limitations",2,Supports image-based smoke detection and apparent plume-dynamics estimation in the evaluated controlled-fire sequences; it does not provide calibrated pollutant concentrations or autonomous response validation.,Direct fire-specific evidence,Direct fire-specific evidence,Retrieved full report assessed 2026-08-24; minimum coding prepared from the complete report and with no independent author verification of detailed fields claimed.,Author approved eligibility decision — 2026-08-24,High,Minimum corpus coding prepared; detailed source-specific fields may remain unreported,https://doi.org/10.1117/12.487050
R09694,Smoke or cloud: Real-time satellite image segmentation in a wildfire data integration application,Sequoia R. Andrade; N. Shafiei; P. Mehlitz,2025,Computational Geosciences,10.1016/j.cageo.2025.105960,Wildfire smoke,Direct fire-specific evidence,Real-time smoke/cloud segmentation and geospatial plume mapping,Satellite-processing application (ODIN),Satellite optical imagery,U-Net semantic segmentation deployed in an application pipeline,Offline test evaluation plus prototype application deployment,Retrospective data with operational-style prototype,Held-out segmentation evaluation and end-to-end processing demonstration,Segmentation measures and approximately 74-second pipeline time reported by the study,"Smoke-cloud confusion, image resolution and limited deployment validation",3,"Supports near-real-time satellite smoke segmentation in the reported ODIN prototype and dataset; it does not validate surface concentration, broad incident robustness or health-action outcomes.",Direct fire-specific evidence,Direct fire-specific evidence,Retrieved full report assessed 2026-08-24; minimum coding prepared from the complete report and with no independent author verification of detailed fields claimed.,Author approved eligibility decision — 2026-08-24,High,Minimum corpus coding prepared; detailed source-specific fields may remain unreported,https://doi.org/10.1016/j.cageo.2025.105960
R09714,Smoke Sky - Exploring New Frontiers of Unmanned Aerial Systems for Wildland Fire Science and Applications,E. N. Stavros; A. Agha; A. Sirota; M. Quadrelli; K. Ebadi; Kyongsik Yun,2019,arXiv.org,,Not fully coded / not reported,Direct fire-specific evidence,Task requires full-report confirmation,Not fully coded / not reported,Not fully coded / not reported,Not fully coded / not reported,Not fully coded / not reported,Not fully coded / not reported,Not fully coded / not reported,Not fully coded / not reported,Not fully coded / not reported,Not fully coded / not reported,Supports an operationally relevant fire-specific task; detailed task and maturity coding has completeness reported in the field-level audit.,Direct fire-specific evidence,Direct fire-specific evidence,"Full report was previously assessed, but report text is unavailable in the current archive; detailed charting remains incomplete",Author verified — approved 23 Aug 2026,Medium,Minimum corpus coding reviewed; detailed source-specific fields may remain unreported,
R09748,Social media approaches to modeling wildfire smoke dispersion: spatiotemporal and social scientific investigations,Sonya S. Sachdeva; Sarah McCaffrey; D. Locke,2017,Information Communication and Society,10.1080/1369118x.2016.1218528,Wildfire smoke,Direct fire-specific evidence,Smoke-impact estimation; community observation and risk communication analysis,Social-media and air-quality data workflow,Geolocated/textual social-media posts and surface PM2.5 observations,Statistical prediction and semantic/topic analysis,Retrospective wildfire-smoke events,Observational digital-trace and monitoring data,Association/prediction study with content analysis,PM2.5 prediction/association performance and topic distributions,"Participation bias, geolocation/content validity and causal-attribution limitations",2,Supports social-media signals as a supplementary indicator of smoke conditions and public concerns in the evaluated events; it does not replace calibrated sensors or establish causal health effects.,Direct fire-specific evidence,Direct fire-specific evidence,Retrieved full report assessed 2026-08-24; minimum coding prepared from the complete report and with no independent author verification of detailed fields claimed.,Author approved eligibility decision — 2026-08-24,High,Minimum corpus coding prepared; detailed source-specific fields may remain unreported,https://doi.org/10.1080/1369118x.2016.1218528
R09849,Spatial and temporal distribution of forest fire PM10 emission estimation by using remote sensing information.,Agapol Junpen; S. Garivait; S. Bonnet; A. Pongpullponsak,2011,International journal of environmental science and development,10.7763/ijesd.2011.v2.115,Open-burning/forest-fire smoke,Direct fire-specific evidence,PM10 emissions inventory and spatial mapping,Satellite-based regional emissions workflow,MODIS fire hotspots and land-cover/fuel inputs,Bottom-up hotspot-based PM10 emissions estimation,"Retrospective Thailand analysis, 2005-2009",Satellite observations plus inventory modelling,Multi-year regional emissions estimation,Estimated PM10 emissions and spatial/temporal distributions,"Hotspot detection, burned area, fuel loading and emission-factor assumptions",2,Supports a retrospective regional PM10 emissions inventory from detected fires for 2005-2009; estimated emissions are not direct surface-concentration or exposure measurements.,Direct fire-specific evidence,Direct fire-specific evidence,Retrieved full report assessed 2026-08-24; minimum coding prepared from the complete report and with no independent author verification of detailed fields claimed.,Author approved eligibility decision — 2026-08-24,High,Minimum corpus coding prepared; detailed source-specific fields may remain unreported,https://doi.org/10.7763/ijesd.2011.v2.115
R09852,"Spatial and temporal estimates of population exposure to wildfire smoke during the Washington state 2012 wildfire season using blended model, satellite, and in situ data.","Lassman, William; Ford, Bonne; Gan, Ryan W; Pfister, Gabriele; Magzamen, Sheryl; Fischer, Emily V; Pierce, Jeffrey R",2017,GeoHealth,10.1002/2017gh000049,Not fully coded / not reported,Direct fire-specific evidence,Exposure / health-risk estimation; Forecasting / simulation; Concentration mapping / monitoring,Not fully coded / not reported,Not fully coded / not reported,Not fully coded / not reported,Not fully coded / not reported,Not fully coded / not reported,Not fully coded / not reported,Not fully coded / not reported,Not fully coded / not reported,Not fully coded / not reported,"Supports the reported sensing or measurement task only; operational readiness depends on setting, validation, and deployment maturity.",Direct fire-specific evidence,Direct fire-specific evidence,"Full report was previously assessed, but report text is unavailable in the current archive; detailed charting remains incomplete",Author verified — approved 23 Aug 2026,Medium,Minimum corpus coding reviewed; detailed source-specific fields may remain unreported,https://doi.org/10.1002/2017gh000049
R09865,Spatial-Aware Uncertainty Quantification for Low-Cost PM2.5 Sensors: GeoConformal Prediction vs. Monte Carlo Dropout Under Wildfire Distribution Shift,Anusha Srirenganathan Malarvizhi; Kaylee A Smith; Seren Smith; J. Roberts; George Chang; Mohammad Pourhomayoun; C. Yang,2026,Atmosphere,10.3390/atmos17070692,Wildfire,Direct fire-specific evidence,Forecasting / simulation; Concentration mapping / monitoring,Instrumented mobile platform,Low-cost PM2.5 sensors,Geoconformal prediction; Monte Carlo dropout,Retrospective computational evaluation,Not fully coded / not reported,Not fully coded / not reported,Not fully coded / not reported,Explicit spatial uncertainty and distribution-shift evaluation,2,Supports the reported model or simulation task and validation setting; it does not establish universal superiority or real-time deployment.,Direct fire-specific evidence,Direct fire-specific evidence,Existing charting retained; current full-report archive incomplete; no independent author verification of detailed fields claimed,Author verified — approved 23 Aug 2026,Medium,Minimum corpus coding reviewed; detailed source-specific fields may remain unreported,https://doi.org/10.3390/atmos17070692
R09915,Spatiotemporal assessment of wildfire smoke exposure using a low-cost air quality monitoring system in a developing Amazonian city.,"de Oliveira Almeida, Domingas; Dos Santos Gomes, Ana Carla; Alves Batalha, Sarah Suely; Mandú, Tiago Bentes; Souza do Nascimento, Fernanda; da Silva, Glauce Vitor; Costa, Maria João; de Souza Fernandes Duarte, Ediclê",2026,Journal of environmental management,10.1016/j.jenvman.2026.128875,Biomass burning/wildfire smoke,Fire-specific,Pollutant / plume monitoring; Exposure / health-risk estimation,Dense fixed low-cost sensor network,"2023 PM2.5/PM10 network, satellite fire radiative power, reanalysis meteorology",Generalized Estimating Equations and FRP–meteorology–PM2.5 polar-radar visualization,"Santarém, Brazilian Amazon",Field observations plus statistical analysis,Year-long seasonal/spatial analysis with driver modeling,"Mean concentrations, exceedance timing, PM2.5/PM10 ratio, GEE effect sizes, seasonal contrasts","Statistical confidence and limitations of satellite fire detection, sensor coverage, and one-year design discussed",2,Supports Santarém-specific seasonal and neighborhood smoke patterns and a prototype situational-awareness tool; one year and one city do not establish general calibration or deployment effectiveness.,Direct fire-specific evidence,Direct fire-specific field evidence,Full report text extracted and AI-assisted detailed charting proposal; no independent author verification of detailed fields claimed,Author verified — approved 23 Aug 2026,High,Minimum corpus coding reviewed; detailed source-specific fields may remain unreported,https://doi.org/10.1016/j.jenvman.2026.128875
R09930,Spatiotemporal prediction of fine particulate matter during the 2008 northern California wildfires using machine learning.,"Reid, Colleen E; Jerrett, Michael; Petersen, Maya L; Pfister, Gabriele G; Morefield, Philip E; Tager, Ira B; Raffuse, Sean M; Balmes, John R",2015,Environmental Science and Technology,10.1021/es505846r,Wildfire smoke,Direct fire-specific event evidence,Concentration mapping; exposure estimation; comparative modelling,"Ground monitors, satellite AOD, chemical transport model and geospatial covariates","PM2.5 monitors, GASP/MODIS/local AOD, WRF-Chem, fire distance, meteorology and land-use variables",Eleven statistical/ML algorithms with nested 10-fold cross-validation; optimal generalized boosting model,2008 Northern California wildfire episode,Retrospective observational/model-fusion study,"Within-event 10-fold cross-validation, algorithm comparison, sensitivity analyses and residual checks",Optimal GBM CV-R2 0.803 and CV-RMSE 1.489 on log scale; RF close; GLM CV-R2 0.558,Cross-validation and sensitivity analyses; no calibrated predictive intervals,2,Supports GBM/RF performance for this event and dataset. It does not establish universal algorithm superiority or live forecast performance.,Direct fire-specific evidence,Direct fire-specific comparative retrospective modelling,Complete report assessed 22 Aug 2026; Compares 11 algorithms and multi-source predictors for daily PM2.5 exposure mapping during the 2008 Northern California fires.,Author verified — approved 23 Aug 2026,High,Minimum corpus coding reviewed; detailed source-specific fields may remain unreported,https://doi.org/10.1021/es505846r
R09970,Stacking Deep Learning Models for Early Detection of Wildfire Smoke Plumes,Gonçalo Falcão; A. Fernandes; N. Garcia; Helena Aidos; P. Tomás,2023,European Signal Processing Conference,10.23919/eusipco58844.2023.10289811,Wildfire smoke,Direct fire-specific evidence,Early visual smoke detection,Fixed/tower-camera imagery,Optical images of wildfire smoke,Stacked convolutional neural network and vision-transformer classifier,Offline image-dataset evaluation,Retrospective/offline,Baseline/model comparison on a labelled smoke dataset,"Accuracy, precision, recall, F1 and related classification measures","Dataset shift, visibility and false-alarm conditions not operationally validated",2,"Supports early smoke classification on the evaluated camera dataset; it does not establish field reliability, pollutant concentration or downstream emergency benefit.",Direct fire-specific evidence,Direct fire-specific evidence,Retrieved full report assessed 2026-08-24; minimum coding prepared from the complete report and with no independent author verification of detailed fields claimed.,Author approved eligibility decision — 2026-08-24,High,Minimum corpus coding prepared; detailed source-specific fields may remain unreported,https://doi.org/10.23919/eusipco58844.2023.10289811
R09995,Statistical downscaling with spatial misalignment: Application to wildland fire PM2.5 concentration forecasting.,"Majumder, Suman; Guan, Yawen; Reich, Brian J; O'Neill, Susan; Rappold, Ana G",2021,"Journal of agricultural, biological, and environmental statistics",10.1007/s13253-020-00420-4,Not fully coded / not reported,Direct fire-specific evidence,Forecasting / simulation; Concentration mapping / monitoring,Not fully coded / not reported,Not fully coded / not reported,Not fully coded / not reported,Not fully coded / not reported,Not fully coded / not reported,Not fully coded / not reported,Not fully coded / not reported,Not fully coded / not reported,Not fully coded / not reported,Supports the reported model or simulation task and validation setting; it does not establish universal superiority or real-time deployment.,Direct fire-specific evidence,Direct fire-specific evidence,"Full report was previously assessed, but report text is unavailable in the current archive; detailed charting remains incomplete",Author verified — approved 23 Aug 2026,Medium,Minimum corpus coding reviewed; detailed source-specific fields may remain unreported,https://doi.org/10.1007/s13253-020-00420-4
R10066,Study of Fuel-Smoke Dynamics in a Prescribed Fire of Boreal Black Spruce Forest through Field-Deployable Micro Sensor Systems,Quamrul Huda; D. Lyder; Marty Collins; D. Schroeder; D. Thompson; G. Marshall; A. Leon; Ken Hidalgo; Masum Hossain,2020,Fire,10.3390/fire3030030,Not fully coded / not reported,Direct fire-specific evidence,Concentration mapping / monitoring,Not fully coded / not reported,Not fully coded / not reported,Not fully coded / not reported,Not fully coded / not reported,Not fully coded / not reported,Not fully coded / not reported,Not fully coded / not reported,Not fully coded / not reported,Not fully coded / not reported,"Supports the reported sensing or measurement task only; operational readiness depends on setting, validation, and deployment maturity.",Direct fire-specific evidence,Direct fire-specific evidence,"Full report was previously assessed, but report text is unavailable in the current archive; detailed charting remains incomplete",Author verified — approved 23 Aug 2026,Medium,Minimum corpus coding reviewed; detailed source-specific fields may remain unreported,https://doi.org/10.3390/fire3030030
R10204,"Systematic review of impacts of occupational exposure to wildfire smoke on respiratory function, symptoms, measures and diseases.","Wah, Win; Gelaw, Asmare; Glass, Deborah C; Sim, Malcolm R; Hoy, Ryan F; Berecki-Gisolf, Janneke; Walker-Bone, Karen",2025,International journal of hygiene and environmental health,10.1016/j.ijheh.2024.114463,Wildfire and prescribed fire,Fire-specific evidence synthesis,Evidence synthesis; Occupational exposure / health-risk estimation,Personal and ambient monitoring approaches reviewed,"23 occupational studies from Medline, Embase, and Scopus",Systematic review with study-quality/risk appraisal,Review/evidence synthesis,Review/synthesis,"Systematic synthesis of wildfire-fighter respiratory function, symptoms, measures, and disease","Lung function, airway dysfunction/inflammation, symptoms, and asthma incidence",Study quality assessed; heterogeneity and exposure-measurement limits discussed,N/A,Supports occupational respiratory-risk and prevention statements; it is not evidence of an autonomous monitoring system or real-time individual risk predictor.,Evidence synthesis or guidance,Fire-specific evidence synthesis,Full report text extracted and AI-assisted detailed charting proposal; no independent author verification of detailed fields claimed,Author verified — approved 23 Aug 2026,High,Minimum corpus coding reviewed; detailed source-specific fields may remain unreported,https://doi.org/10.1016/j.ijheh.2024.114463
R10276,The 2019 Raikoke volcanic eruption – Part 2: Particle-phase dispersion and concurrent wildfire smoke emissions,Martin Osborne; Johannes de Leeuw; C. Witham; A. Schmidt; F. Beckett; N. Kristiansen; J. Buxmann; C. Saint; E. Welton; J. Fochesatto; André Gomes; U. Bundke; A. Petzold; F. Marenco; J. Haywood,2021,Atmospheric Chemistry and Physics,10.5194/acp-22-2975-2022,Not fully coded / not reported,Direct fire-specific evidence,Forecasting / simulation; Emissions / source-term estimation,Not fully coded / not reported,Not fully coded / not reported,Not fully coded / not reported,Not fully coded / not reported,Not fully coded / not reported,Not fully coded / not reported,Not fully coded / not reported,Not fully coded / not reported,Not fully coded / not reported,Supports the reported model or simulation task and validation setting; it does not establish universal superiority or real-time deployment.,Direct fire-specific evidence,Direct fire-specific evidence,"Full report was previously assessed, but report text is unavailable in the current archive; detailed charting remains incomplete",Author verified — approved 23 Aug 2026,Medium,Minimum corpus coding reviewed; detailed source-specific fields may remain unreported,https://doi.org/10.5194/acp-22-2975-2022
R10350,The changing risk and burden of wildfire in the United States.,"Burke, Marshall; Driscoll, Anne; Heft-Neal, Sam; Xue, Jiani; Burney, Jennifer; Wara, Michael",2021,Proceedings of the National Academy of Sciences of the United States of America,10.1073/pnas.2011048118,Not fully coded / not reported,Direct fire-specific evidence,Background / enabling method,Not applicable,Not recorded,"Statistical modelling of wildfire activity, smoke PM2.5 and societal burden using satellite and monitoring data",Retrospective United States wildfire-risk and smoke-burden analysis,Observed data plus statistical modelling,"Satellite fire/smoke data linked to pollution-monitor observations, with statistical smoke-PM2.5 estimation and policy scenarios",Not fully coded / not reported,Not recorded in original workbook,2,Supports only the fire-specific task and evaluation setting described in the report; detailed coding has completeness reported in the field-level audit.,Direct fire-specific evidence,Direct fire-specific evidence,Existing charting retained; current full-report archive incomplete; no independent author verification of detailed fields claimed,Author verified — approved 23 Aug 2026,Medium,Minimum corpus coding reviewed; detailed source-specific fields may remain unreported,https://doi.org/10.1073/pnas.2011048118
R10430,The effect of wildfire smoke on children's health: A systematic review.,"Syed, Amal; Basu, Rupa",2025,Paediatric and perinatal epidemiology,10.1111/ppe.13141,Wildfire/wildland/forest fire,Fire-specific evidence synthesis,Evidence synthesis; Exposure / health-risk estimation,Not applicable,"24 epidemiological studies from PubMed, Embase, Scopus, and Google Scholar",Systematic review with qualitative evidence tables,Review/evidence synthesis,Review/synthesis,Systematic review of respiratory and non-respiratory outcomes in people under 18,Respiratory and non-respiratory health associations and risk-group patterns,No meta-analysis because of heterogeneity; consistency and evidence gaps reported,N/A,Supports child-health vulnerability and evidence-gap statements; it does not provide incident-level exposure forecasting or validated decision-support performance.,Evidence synthesis or guidance,Fire-specific evidence synthesis,Full report text extracted and AI-assisted detailed charting proposal; no independent author verification of detailed fields claimed,Author verified — approved 23 Aug 2026,High,Minimum corpus coding reviewed; detailed source-specific fields may remain unreported,https://doi.org/10.1111/ppe.13141
R10436,The effects of bushfire smoke exposure on oxidative stress and inflammatory biomarkers: a systematic review.,"Nazli, Siti Nurshahida; Langan, Gaurav; Iles, Sophie; Rathnayake, Leron; Rampersad, Dhiya; Araba, Iyanuoluwa; Sly, Peter D; Vilcins, Dwan",2026,Reviews on environmental health,10.1515/reveh-2025-0109,Bushfire/wildfire and controlled woodsmoke exposures,Fire-specific evidence synthesis,Evidence synthesis; Exposure / health-risk estimation; Biomarker assessment,Personal/ambient monitoring and biomarker sampling reviewed,14 human studies from five databases; occupational and non-occupational populations,"PRISMA systematic review, NIH risk-of-bias appraisal, narrative synthesis, and three-study random-effects analysis",Review/evidence synthesis,Review/synthesis,PROSPERO-registered systematic review,"IL-8, IL-6, TNF-alpha, 8-isoprostane, MDA, 8-OHdG, mean differences, and 95% CIs","NIH quality appraisal, heterogeneity assessment, random-effects pooling for IL-8, and narrative synthesis otherwise",N/A,"Supports biomarker and occupational/public-health context, especially short-term IL-8 findings; high heterogeneity and small samples preclude operational thresholds or personalised risk claims.",Evidence synthesis or guidance,Fire-specific evidence synthesis,Full report text extracted and AI-assisted detailed charting proposal; no independent author verification of detailed fields claimed,Author verified — approved 23 Aug 2026,High,Minimum corpus coding reviewed; detailed source-specific fields may remain unreported,https://doi.org/10.1515/reveh-2025-0109
R10481,The FireWork air quality forecast system with biomass burning emissions from the Canadian Forest Fire Emissions Prediction System,Jack Chen; Kerry Anderson; R. Pavlovic; M. Moran; P. Englefield; D. Thompson; R. Munoz-Alpizar; H. Landry,2019,,,Wildfire smoke,Direct fire-specific evidence,Operational air-quality forecasting; emissions and plume prediction,Environment and Climate Change Canada FireWork v2.0 system,"Near-real-time fire detections, meteorology, emissions and surface air-quality observations",CFFEPS fire emissions coupled to the GEM-MACH forecasting system,Operational Canadian air-quality forecasts since 2016 with retrospective evaluation,Operational forecasting evaluated with observations,Version comparison and forecast-performance evaluation,Surface PM2.5 forecast statistics and smoke-event performance reported by the study,"Fire detection, emissions, plume rise, transport and observation limits discussed",4,Supports operational wildfire-smoke air-quality forecasting and the reported v2.0 improvements within the Canadian system/evaluation; it does not establish universal forecast superiority or individual health-risk accuracy.,Direct fire-specific evidence,Direct fire-specific evidence,Retrieved full report assessed 2026-08-24; minimum coding prepared from the complete report and with no independent author verification of detailed fields claimed.,Author approved eligibility decision — 2026-08-24,High,Minimum corpus coding prepared; detailed source-specific fields may remain unreported,
R10482,The FireWork air quality forecast system with near-real-time biomass burning emissions: Recent developments and evaluation of performance for the 2015 North American wildfire season.,"Pavlovic, Radenko; Chen, Jack; Anderson, Kerry; Moran, Michael D; Beaulieu, Paul-André; Davignon, Didier; Cousineau, Sophie",2016,Journal of the Air & Waste Management Association (1995),10.1080/10962247.2016.1158214,Not fully coded / not reported,Direct fire-specific evidence,Forecasting / simulation; Concentration mapping / monitoring; Emissions / source-term estimation,Not fully coded / not reported,Not fully coded / not reported,Not fully coded / not reported,Not fully coded / not reported,Not fully coded / not reported,Not fully coded / not reported,Not fully coded / not reported,Not fully coded / not reported,Not fully coded / not reported,Supports the reported model or simulation task and validation setting; it does not establish universal superiority or real-time deployment.,Direct fire-specific evidence,Direct fire-specific evidence,"Full report was previously assessed, but report text is unavailable in the current archive; detailed charting remains incomplete",Author verified — approved 23 Aug 2026,Medium,Minimum corpus coding reviewed; detailed source-specific fields may remain unreported,https://doi.org/10.1080/10962247.2016.1158214
R10483,The FireWork v2.0 air quality forecast system with biomass burning emissions from the Canadian Forest Fire Emissions Prediction System v2.03,Jack Chen; Kerry Anderson; R. Pavlovic; M. Moran; P. Englefield; D. Thompson; R. Munoz-Alpizar; H. Landry,2019,Geoscientific Model Development,10.5194/gmd-12-3283-2019,Not fully coded / not reported,Direct fire-specific evidence,Forecasting / simulation; Concentration mapping / monitoring; Emissions / source-term estimation,Not fully coded / not reported,Not fully coded / not reported,Not fully coded / not reported,Not fully coded / not reported,Not fully coded / not reported,Not fully coded / not reported,Not fully coded / not reported,Not fully coded / not reported,Not fully coded / not reported,Supports the reported model or simulation task and validation setting; it does not establish universal superiority or real-time deployment.,Direct fire-specific evidence,Direct fire-specific evidence,"Full report was previously assessed, but report text is unavailable in the current archive; detailed charting remains incomplete",Author verified — approved 23 Aug 2026,Medium,Minimum corpus coding reviewed; detailed source-specific fields may remain unreported,https://doi.org/10.5194/gmd-12-3283-2019
R10520,"The Impact of Air Pollution from Industrial Fires in Urban Settings: Monitoring, Modelling, Health, and Environmental Justice Perspectives",M. Deary; Simon D. Griffiths,2024,Environments - MDPI,10.3390/environments11070157,Industrial/urban fire,Direct fire-specific evidence,Governance / policy; Exposure / health-risk estimation; Forecasting / simulation; Concentration mapping / monitoring,Not applicable,Gas / chemical sensors,Not recorded,Simulation / computational experiment,Not fully coded / not reported,Not fully coded / not reported,Not fully coded / not reported,Not recorded in original workbook,1,"Supports the reported sensing or measurement task only; operational readiness depends on setting, validation, and deployment maturity.",Direct fire-specific evidence,Direct fire-specific evidence,Existing charting retained; current full-report archive incomplete; no independent author verification of detailed fields claimed,Author verified — approved 23 Aug 2026,Medium,Minimum corpus coding reviewed; detailed source-specific fields may remain unreported,https://doi.org/10.3390/environments11070157
R10550,The impact of MISR-derived injection height initialization on wildfire and volcanic plume dispersion in the HYSPLIT model,C. Vernon; Ryan M. Bolt; T. Canty; R. Kahn,2018,Atmospheric Measurement Techniques,10.5194/amt-11-6289-2018,Not fully coded / not reported,Direct fire-specific evidence,Forecasting / simulation,Not fully coded / not reported,Not fully coded / not reported,Not fully coded / not reported,Not fully coded / not reported,Not fully coded / not reported,Not fully coded / not reported,Not fully coded / not reported,Not fully coded / not reported,Not fully coded / not reported,Supports the reported model or simulation task and validation setting; it does not establish universal superiority or real-time deployment.,Direct fire-specific evidence,Direct fire-specific evidence,"Full report was previously assessed, but report text is unavailable in the current archive; detailed charting remains incomplete",Author verified — approved 23 Aug 2026,Medium,Minimum corpus coding reviewed; detailed source-specific fields may remain unreported,https://doi.org/10.5194/amt-11-6289-2018
R10567,The impact of US wildland fires on ozone and particulate matter: a comparison of measurements and CMAQ model predictions from 2008 to 2012.,"Wilkins, Joseph L; Pouliot, George; Foley, Kristen; Appel, Wyat; Pierce, Thomas",2018,International journal of wildland fire,10.1071/wf18053,Not fully coded / not reported,Direct fire-specific evidence,Forecasting / simulation; Concentration mapping / monitoring,Not fully coded / not reported,Not fully coded / not reported,Not fully coded / not reported,Not fully coded / not reported,Not fully coded / not reported,Not fully coded / not reported,Not fully coded / not reported,Not fully coded / not reported,Not fully coded / not reported,Supports the reported model or simulation task and validation setting; it does not establish universal superiority or real-time deployment.,Direct fire-specific evidence,Direct fire-specific evidence,"Full report was previously assessed, but report text is unavailable in the current archive; detailed charting remains incomplete",Author verified — approved 23 Aug 2026,Medium,Minimum corpus coding reviewed; detailed source-specific fields may remain unreported,https://doi.org/10.1071/wf18053
R10575,The impact of wildfire smoke on traffic evacuation dynamics,A. Rohaert; Maxine Berthiaume; Max Kinateder; J. Wahlqvist; Enrico Ronchi,2025,Safety Science,10.1016/j.ssci.2025.106812,Wildfire/wildland/forest fire,Direct fire-specific evidence,Intervention / decision planning,Not fully coded / not reported,Not fully coded / not reported,Controlled virtual-reality driving experiment under simulated wildfire-smoke visibility,Controlled human-subject evacuation-driving experiment,Controlled experiment,Not fully coded / not reported,Not fully coded / not reported,Not fully coded / not reported,2,"Supports only the fire-specific task and evaluation setting described in the report; it does not by itself establish operational readiness, universal superiority, or cross-incident generalisation.",Direct fire-specific evidence,Direct fire-specific evidence,AI-assisted extraction from validated full-report text; existing nonblank charting preserved; no independent author verification of detailed fields claimed,Author verified — approved 23 Aug 2026,Medium,Minimum corpus coding reviewed; detailed source-specific fields may remain unreported,https://doi.org/10.1016/j.ssci.2025.106812
R10588,The impacts of transported wildfire smoke aerosols on surface air quality in New York State: A multi-year study using machine learning,W. Hung; Cheng-Hsuan Lu; S. Alessandrini; Rajesh Kumar; Chin-An Lin,2021,Atmospheric Environment,10.1016/j.atmosenv.2021.118513,Transported wildfire smoke,Direct fire-specific evidence,Surface PM2.5 estimation; transported-smoke attribution,"Ground monitoring, remote sensing and statistical modelling","Surface PM2.5, vertical/source indicators, satellite and meteorological predictors",Artificial neural-network regression,"Retrospective New York smoke cases, 2012-2019",Observational data plus statistical modelling,Multi-year event-based model development/evaluation,PM2.5 prediction performance and predictor contributions reported by the study,"Transport attribution, event selection and model generalisation limitations",2,Supports retrospective estimation of surface PM2.5 during the evaluated transported-smoke events using the reported predictors; it does not validate incident-time personalised exposure or intervention decisions.,Direct fire-specific evidence,Direct fire-specific evidence,Retrieved full report assessed 2026-08-24; minimum coding prepared from the complete report and with no independent author verification of detailed fields claimed.,Author approved eligibility decision — 2026-08-24,High,Minimum corpus coding prepared; detailed source-specific fields may remain unreported,https://doi.org/10.1016/j.atmosenv.2021.118513
R10616,The Influence of South East Asia Forest Fires on Ambient Particulate Matter Concentrations in Singapore: An Ecological Study Using Random Forest and Vector Autoregressive Models.,"Rajarethinam, Jayanthi; Aik, Joel; Tian, Jing",2020,International journal of environmental research and public health,10.3390/ijerph17249345,Not fully coded / not reported,Direct fire-specific evidence,Exposure / health-risk estimation; Forecasting / simulation; Concentration mapping / monitoring,Not fully coded / not reported,Not fully coded / not reported,Not fully coded / not reported,Not fully coded / not reported,Not fully coded / not reported,Not fully coded / not reported,Not fully coded / not reported,Not fully coded / not reported,Not fully coded / not reported,"Supports the reported exposure, risk, or public-health estimation task; it does not establish prospective clinical decision support unless evaluated.",Direct fire-specific evidence,Direct fire-specific evidence,"Full report was previously assessed, but report text is unavailable in the current archive; detailed charting remains incomplete",Author verified — approved 23 Aug 2026,Medium,Minimum corpus coding reviewed; detailed source-specific fields may remain unreported,https://doi.org/10.3390/ijerph17249345
R10656,The mental health and well-being effects of wildfire smoke: a scoping review.,"Eisenman, David P; Galway, Lindsay P",2022,BMC public health,10.1186/s12889-022-14662-z,Not fully coded / not reported,Fire-specific evidence synthesis,Evidence synthesis; Exposure / health-risk estimation,Not fully coded / not reported,Not fully coded / not reported,Not fully coded / not reported,Not fully coded / not reported,Not fully coded / not reported,Not fully coded / not reported,Not fully coded / not reported,Not fully coded / not reported,N/A,Used for scope comparison or evidence synthesis; it cannot substitute for primary comparative or deployment evidence.,Evidence synthesis or guidance,Fire-specific evidence synthesis,"Full report was previously assessed, but report text is unavailable in the current archive; detailed charting remains incomplete",Author verified — approved 23 Aug 2026,Medium,Minimum corpus coding reviewed; detailed source-specific fields may remain unreported,https://doi.org/10.1186/s12889-022-14662-z
R10769,The Smokewise simulation framework: Integrating multiple models for strategic wildfire smoke modeling,Joseph L. Crockett; Daniel Krofcheck; Satyanadh Gundimada; Zachary Morrow; Jonathan Minoff; Esther John; M. Campos,2025,,10.2172/3385059,Wildfire/wildland/forest fire,Direct fire-specific evidence,Forecasting / simulation,Simulation/model only,Not fully coded / not reported,Coupled landscape/weather/wildfire/smoke modelling with neural-network surrogate models,Simulation/computational experiment,Simulation/computational,Controlled field/laboratory comparison,Not fully coded / not reported,"Strategic scenario variability is represented through dynamic vegetation, weather and wildfire inputs; no calibrated predictive uncertainty intervals are reported in the available presentation record",1,"Supports only the fire-specific task and evaluation setting described in the report; it does not by itself establish operational readiness, universal superiority, or cross-incident generalisation.",Direct fire-specific evidence,Direct fire-specific evidence,AI-assisted extraction from validated full-report text; existing nonblank charting preserved; no independent author verification of detailed fields claimed,Author verified — approved 23 Aug 2026,High,Minimum corpus coding reviewed; detailed source-specific fields may remain unreported,https://doi.org/10.2172/3385059
R10830,"Theoretical Investigations on Mapping Mean Distributions of Particulate Matter, Inert, Reactive, and Secondary Pollutants from Wildfires by Unmanned Air Vehicles (UAVs)",N. Mölders; Mary K. Butwin; J. M. Madden; H. Tran; K. Sassen; G. Kramm,2015,,10.4236/ojap.2015.43014,Wildfire/wildland/forest fire,Direct fire-specific evidence,Concentration mapping / monitoring,UAV/drone,Gas sensors/measurements,Not fully coded / not reported,Not fully coded / not reported,Not fully coded / not reported,Not fully coded / not reported,Not fully coded / not reported,Not fully coded / not reported,1,"Supports only the fire-specific task and evaluation setting described in the report; it does not by itself establish operational readiness, universal superiority, or cross-incident generalisation.",Direct fire-specific evidence,Direct fire-specific evidence,AI-assisted extraction from validated full-report text; existing nonblank charting preserved; no independent author verification of detailed fields claimed,Author verified — approved 23 Aug 2026,High,Minimum corpus coding reviewed; detailed source-specific fields may remain unreported,https://doi.org/10.4236/ojap.2015.43014
R10844,Thermal RGB Fusion for Micro-UAV Wildfire Perimeter Tracking with Minimal Comms,Ercan Erkalkan; V. Topuz; A. Ak,2025,arXiv.org,10.48550/arxiv.2512.12199,Not fully coded / not reported,Fire-specific interface evidence,Source localisation / boundary tracking,Not fully coded / not reported,Not fully coded / not reported,Not fully coded / not reported,Not fully coded / not reported,Not fully coded / not reported,Not fully coded / not reported,Not fully coded / not reported,Not fully coded / not reported,Not fully coded / not reported,"Supplies a possible source, perimeter, rate-of-spread, or routing input; it is not direct evidence of pollutant concentration mapping or health protection.",Fire-specific interface or background evidence,Conditional fire-source/perimeter input,"Full report was previously assessed, but report text is unavailable in the current archive; detailed charting remains incomplete",Author verified — approved 23 Aug 2026,Medium,Minimum corpus coding reviewed; detailed source-specific fields may remain unreported,https://doi.org/10.48550/arxiv.2512.12199
R10886,Timely Wildfire Perimeter Mapping for Unmanned Aerial Platforms,Andrew Rittenbach; Connor Imes; John Paul Walters,2024,"3D Image Acquisition and Display: Technology, Perception and Applications, 3D 2024 in Proceedings Optica Imaging Congress 2024, 3D, AOMS, COSI, ISA, pcAOP - Part of Optica Imaging Congress",10.1364/pcaop.2024.fd1.7,Wildfire,Fire-specific interface/source-state evidence,Timely fire-perimeter mapping; onboard active-fire segmentation,Uncrewed aerial platform with embedded computing,Multispectral imagery,Machine-learning semantic segmentation executed onboard,Prototype/bench evaluation of onboard processing,Offline imagery with embedded-platform timing evaluation,Two-page technical report demonstrating accuracy/latency and energy-aware processing,"Segmentation performance, processing latency and resource/energy behaviour reported by the study",Urban false alarms and platform resource constraints motivated; field wildfire robustness not established,2,"Supports onboard multispectral fire-perimeter segmentation on the evaluated embedded platform; it is a source-state input and does not validate smoke concentration, field deployment or health action.",Fire-specific interface or background evidence,Conditional fire-source/perimeter input,Retrieved full report assessed 2026-08-24; minimum coding prepared from the complete report and with no independent author verification of detailed fields claimed.,Author approved eligibility decision — 2026-08-24,High,Minimum corpus coding prepared; detailed source-specific fields may remain unreported,https://doi.org/10.1364/pcaop.2024.fd1.7
R10939,Towards Decentralized Importance-based Multi-UAS Path Planning for Wildfire Monitoring,Towhidul Islam S.M.; Hu X.,2022,"2022 17th Annual System of Systems Engineering Conference, SOSE 2022",10.1109/sose55472.2022.9812651,Wildfire,Fire-specific interface/source-state evidence,Decentralised multi-UAS path planning; fire-boundary monitoring,Multiple uncrewed aerial systems,Simulated spatial importance/fire-boundary information,Decentralised importance-based path-planning algorithm,Simulation/computational experiment,Simulation only,Preliminary experiments varying the number of UASs,Coverage/monitoring performance reported by the study,"Dynamic fire geometry represented; communications, sensing error and field hazards not comprehensively tested",1,Supports preliminary decentralised multi-UAS monitoring of a simulated evolving fire boundary; it does not establish field-safe plume sensing or operational performance.,Fire-specific interface or background evidence,Conditional fire-source/perimeter input,Retrieved full report assessed 2026-08-24; minimum coding prepared from the complete report and with no independent author verification of detailed fields claimed.,Author approved eligibility decision — 2026-08-24,High,Minimum corpus coding prepared; detailed source-specific fields may remain unreported,https://doi.org/10.1109/sose55472.2022.9812651
R10945,"Towards Intelligent Wildfire Detection: A Review of Hybrid WSN, AI, UAV, and IoT-Based Monitoring Systems",A. A; T. E.; L. K; P. K; Ajay Kumar Reddy P.,2026,IRO Journal on Sustainable Wireless Systems,10.36548/jsws.2026.3.008,Wildfire/wildland/forest fire,Fire-specific evidence synthesis,Evidence synthesis; Concentration mapping / monitoring; Detection,UAV/drone,Not fully coded / not reported,Sensor/network evaluation,Review/evidence synthesis,Review/synthesis,Not fully coded / not reported,Accuracy,Not fully coded / not reported,N/A,Supports statements about the scope and reported findings of the reviewed literature; it is not independent deployment evidence and cannot establish algorithmic superiority.,Evidence synthesis or guidance,Fire-specific evidence synthesis—source/detection layer,AI-assisted extraction from validated full-report text; existing nonblank charting preserved; no independent author verification of detailed fields claimed,Author verified — approved 23 Aug 2026,High,Minimum corpus coding reviewed; detailed source-specific fields may remain unreported,https://doi.org/10.36548/jsws.2026.3.008
R10953,Towards Proactive Decentralized Adaptation of Unmanned Aerial Vehicles for Wildfire Tracking,Enrique Vilchez; Javier Troya; Javier Cámara,2024,International Symposium on Software Engineering for Adaptive and Self-Managing Systems,10.1145/3643915.3644081,Wildfire,Fire-specific interface/source-state evidence,Proactive decentralised UAV adaptation; wildfire tracking,Multiple uncrewed aerial vehicles,Predicted wildfire/environment state in a simulation exemplar,Predictive coordinate descent compared with reactive deep Q-learning,Simulation/software exemplar,Simulation only,Within-exemplar comparison across environmental-prediction quality,Mission utility/resource or adaptation performance reported by the study,Prediction quality explicitly varied; performance degraded as predictions worsened,1,"Supports proactive adaptation only when sufficiently accurate environmental predictions are available in the evaluated exemplar; it does not establish algorithm superiority, field tracking or smoke-concentration sensing.",Fire-specific interface or background evidence,Conditional fire-source/perimeter input,Retrieved full report assessed 2026-08-24; minimum coding prepared from the complete report and with no independent author verification of detailed fields claimed.,Author approved eligibility decision — 2026-08-24,High,Minimum corpus coding prepared; detailed source-specific fields may remain unreported,https://doi.org/10.1145/3643915.3644081
R11020,Transport of Canadian forest fire smoke over the UK as observed by lidar,Vaughan G.; Draude A.P.; Ricketts H.M.A.; Schultz D.M.; Adam M.; Sugier J.; Wareing D.P.,2018,Atmospheric Chemistry and Physics,10.5194/acp-18-11375-2018,Not fully coded / not reported,Direct fire-specific evidence,Forecasting / simulation; Concentration mapping / monitoring,Not fully coded / not reported,Not fully coded / not reported,Not fully coded / not reported,Not fully coded / not reported,Not fully coded / not reported,Not fully coded / not reported,Not fully coded / not reported,Not fully coded / not reported,Not fully coded / not reported,"Supports the reported sensing or measurement task only; operational readiness depends on setting, validation, and deployment maturity.",Direct fire-specific evidence,Direct fire-specific evidence,"Full report was previously assessed, but report text is unavailable in the current archive; detailed charting remains incomplete",Author verified — approved 23 Aug 2026,Medium,Minimum corpus coding reviewed; detailed source-specific fields may remain unreported,https://doi.org/10.5194/acp-18-11375-2018
R11083,Two-stage interrupted time series analysis with machine learning: evaluating the health effects of the 2018 wildfire smoke event in San Francisco County as a case study.,"Dey, Arnab K; Ma, Yiqun; Carrasco-Escobar, Gabriel; Han, Changwoo; Rerolle, François; Benmarhnia, Tarik",2025,American journal of epidemiology,10.1093/aje/kwaf147,Not fully coded / not reported,Direct fire-specific evidence,Exposure / health-risk estimation,Not fully coded / not reported,Not fully coded / not reported,Not fully coded / not reported,Not fully coded / not reported,Not fully coded / not reported,Not fully coded / not reported,Not fully coded / not reported,Not fully coded / not reported,Not fully coded / not reported,Supports retrospective public-health/healthcare-demand estimation; it does not establish prospective clinical decision support.,Direct fire-specific evidence,Direct fire-specific evidence,"Full report was previously assessed, but report text is unavailable in the current archive; detailed charting remains incomplete",Author verified — approved 23 Aug 2026,Medium,Minimum corpus coding reviewed; detailed source-specific fields may remain unreported,https://doi.org/10.1093/aje/kwaf147
R11105,UAV-based forest fire detection and tracking using image processing techniques,C. Yuan; Zhixiang Liu; Youmin Zhang,2015,International Conference on Unmanned Aircraft Systems,10.1109/icuas.2015.7152345,Forest fire,Fire-specific interface/source-state evidence,UAV fire detection and fire-zone tracking,Uncrewed aerial vehicle,Onboard optical imagery,"Lab-colour fire-pixel extraction, Otsu segmentation, morphology and blob tracking",Offline image-processing experiments,Retrospective/offline,Algorithm demonstration on experimental image sequences,Fire-pixel extraction and tracking results reported by the study,Colour/background and image-condition sensitivity; no probabilistic calibration or field reliability study,2,Supports image-based fire-pixel extraction and tracking in the evaluated sequences; it supplies possible source-state information rather than smoke concentration or operational-response evidence.,Fire-specific interface or background evidence,Conditional fire-source/perimeter input,Retrieved full report assessed 2026-08-24; minimum coding prepared from the complete report and with no independent author verification of detailed fields claimed.,Author approved eligibility decision — 2026-08-24,High,Minimum corpus coding prepared; detailed source-specific fields may remain unreported,https://doi.org/10.1109/icuas.2015.7152345
R11112,UAV-based system for real-time wildfire perimeter propagation tracking,Constantinos Heracleous; P. Kolios; C. Panayiotou,2023,"2023 31st Mediterranean Conference on Control and Automation, MED 2023",10.1109/med59994.2023.10185693,Wildfire,Fire-specific interface/source-state evidence,"Real-time perimeter-state estimation, prediction and UAV tracking",Single UAV coupled to a fire-propagation model,"Simulated onboard perimeter, fuel and weather observations","Data fusion, propagation modelling, trajectory generation and guidance/control",Simulation/computational experiment,Simulation only,"Simulation scenarios with under-, close- and over-estimated measurements",Mean perimeter-distance error and tracking performance,Measurement quality and historical/model-input error varied in simulation,1,"Supports observation-model fusion for simulated wildfire-perimeter tracking; it does not validate field sensing, smoke transport, concentration or emergency decisions.",Fire-specific interface or background evidence,Conditional fire-source/perimeter input,Retrieved full report assessed 2026-08-24; minimum coding prepared from the complete report and with no independent author verification of detailed fields claimed.,Author approved eligibility decision — 2026-08-24,High,Minimum corpus coding prepared; detailed source-specific fields may remain unreported,https://doi.org/10.1109/med59994.2023.10185693
R11159,Uncertainty-Aware Wildfire Smoke Density Classification from Satellite Imagery via CBAM-Augmented EfficientNet with Evidential Deep Learning,Ranjith Chodavarapu,2026,arXiv.org,10.48550/arxiv.2605.15894,Not fully coded / not reported,Direct fire-specific evidence,Concentration mapping / monitoring; Detection,Not fully coded / not reported,Not fully coded / not reported,Not fully coded / not reported,Not fully coded / not reported,Not fully coded / not reported,Not fully coded / not reported,Not fully coded / not reported,Not fully coded / not reported,Not fully coded / not reported,"Supports the reported sensing or measurement task only; operational readiness depends on setting, validation, and deployment maturity.",Direct fire-specific evidence,Direct fire-specific evidence,"Full report was previously assessed, but report text is unavailable in the current archive; detailed charting remains incomplete",Author verified — approved 23 Aug 2026,Medium,Minimum corpus coding reviewed; detailed source-specific fields may remain unreported,https://doi.org/10.48550/arxiv.2605.15894
R11177,Understanding green house gases emission dynamics from forest fires in Thailand using predictive models,F. Shahzad; Kaleem Mehmood; S. A. Anees; Muhammad Adnan; Khadim Hussain; Waseem Razzaq Khan; Munawar Shah; P. Jamjareegulgarn; Manuela Oliveira; J. Borges,2026,Global and Planetary Change,10.1016/j.gloplacha.2025.105236,Wildfire/wildland/forest fire,Direct fire-specific evidence,Forecasting / simulation; Emissions / source-term estimation,Not fully coded / not reported,Not fully coded / not reported,Not fully coded / not reported,Not fully coded / not reported,Not fully coded / not reported,Controlled field/laboratory comparison,Precision/recall/F1,Not fully coded / not reported,2,"Supports only the fire-specific task and evaluation setting described in the report; it does not by itself establish operational readiness, universal superiority, or cross-incident generalisation.",Direct fire-specific evidence,Direct fire-specific evidence,AI-assisted extraction from validated full-report text; existing nonblank charting preserved; no independent author verification of detailed fields claimed,Author verified — approved 23 Aug 2026,High,Minimum corpus coding reviewed; detailed source-specific fields may remain unreported,https://doi.org/10.1016/j.gloplacha.2025.105236
R11207,Unmanned Aerial Vehicle-Based Forest Fire Detection Systems: A Comprehensive Review,Jyoti Patel; Mallikarjun Bhusnoor; Dhrumil Patel; Akshara Mehta; S. Sainkar; N. Mehendale,2023,Social Science Research Network,10.2139/ssrn.4603404,Forest/wildland fire,Fire-specific synthesis,Review / positioning,"UAVs, including fixed-wing, rotary-wing, and proposed swarms","Optical, infrared, thermal, LiDAR, gas and environmental sensors described across cited studies",Narrative review and tabular comparison of UAV-based detection systems,Published UAV forest-fire detection studies; selection frame not reported,Mixed secondary evidence; field/simulation maturity not systematically coded,"Narrative comparison of reported precision, accuracy, F-score, mAP and system characteristics","Reported accuracy, precision, F-score, mAP@0.5 and frame rate where available",Not systematically assessed,N/A,"Supports taxonomy, problem framing, and identification of reported UAV-detection challenges; its undocumented search and appraisal process and heterogeneous source metrics cannot support systematic completeness, comparative algorithm superiority, or operational robustness claims.",Evidence synthesis or guidance,Evidence synthesis / review-positioning,Full report text extracted and AI-assisted detailed charting proposal; no independent author verification of detailed fields claimed,Author verified — approved 23 Aug 2026,High,Minimum corpus coding reviewed; detailed source-specific fields may remain unreported,https://doi.org/10.2139/ssrn.4603404
R11221,Unmanned-Aircraft-System-Assisted Early Wildfire Detection with Air Quality Sensors,Doaa Rjoub; Ahmad Alsharoa; Ala’eddin Masadeh,2023,Electronics (Switzerland),10.3390/electronics12051239,Not fully coded / not reported,Direct fire-specific evidence,Concentration mapping / monitoring; Detection,Not fully coded / not reported,Not fully coded / not reported,Not fully coded / not reported,Not fully coded / not reported,Not fully coded / not reported,Not fully coded / not reported,Not fully coded / not reported,Not fully coded / not reported,Not fully coded / not reported,Supports an operationally relevant fire-specific task; detailed task and maturity coding has completeness reported in the field-level audit.,Direct fire-specific evidence,Direct fire-specific evidence,"Full report was previously assessed, but report text is unavailable in the current archive; detailed charting remains incomplete",Author verified — approved 23 Aug 2026,Medium,Minimum corpus coding reviewed; detailed source-specific fields may remain unreported,https://doi.org/10.3390/electronics12051239
R11295,Use of IoT sensing and occupant surveys for determining the resilience of buildings to forest fire generated PM2.5.,"Pantelic, Jovan; Dawe, Megan; Licina, Dusan",2019,PloS one,10.1371/journal.pone.0223136,Not fully coded / not reported,Direct fire-specific evidence,Concentration mapping / monitoring,Not fully coded / not reported,Not fully coded / not reported,Not fully coded / not reported,Not fully coded / not reported,Not fully coded / not reported,Not fully coded / not reported,Not fully coded / not reported,Not fully coded / not reported,Not fully coded / not reported,"Supports the reported sensing or measurement task only; operational readiness depends on setting, validation, and deployment maturity.",Direct fire-specific evidence,Direct fire-specific evidence,"Full report was previously assessed, but report text is unavailable in the current archive; detailed charting remains incomplete",Author verified — approved 23 Aug 2026,Medium,Minimum corpus coding reviewed; detailed source-specific fields may remain unreported,https://doi.org/10.1371/journal.pone.0223136
R11302,Use of MODIS products to simplify and evaluate a forest fire plume dispersion model for PM10 exposure assessment,Sarah B. Henderson; B. Burkholder; P. Jackson; M. Brauer; C. Ichoku,2008,Atmospheric Environment,10.1016/j.atmosenv.2008.05.008,Forest-fire smoke,Direct fire-specific evidence,PM10 plume dispersion and exposure-field assessment,"MODIS remote sensing, ground monitors and CALMET/CALPUFF","MODIS fire pixels, fire radiative power, aerosol optical thickness and surface PM10",Satellite-derived source terms coupled to CALMET/CALPUFF dispersion modelling,Retrospective British Columbia fire-smoke case over complex terrain,Observations plus modelling,Model evaluation against six surface sites and MODIS aerosol/colour products,"PM10 correlation, AOT association and spatial plume correspondence","Substantial model error, source-term, plume-rise, meteorological and satellite limitations discussed",2,Supports the MODIS-CALPUFF exposure-mapping workflow and moderate agreement in the evaluated event; it does not establish universally accurate or operational exposure forecasts.,Direct fire-specific evidence,Direct fire-specific evidence,Retrieved full report assessed 2026-08-24; minimum coding prepared from the complete report and with no independent author verification of detailed fields claimed.,Author approved eligibility decision — 2026-08-24,High,Minimum corpus coding prepared; detailed source-specific fields may remain unreported,https://doi.org/10.1016/j.atmosenv.2008.05.008
R11319,"Using a Statistical Model to Estimate the Effect of Wildland Fire Smoke on Ground Level PM2.5 and Asthma in California, USA",Donald W. Schweizer; H. Preisler; Marcela R. Entwistle; H. Gharibi; Ricardo Cisneros,2023,Fire,10.3390/fire6040159,Not fully coded / not reported,Direct fire-specific evidence,Exposure / health-risk estimation; Forecasting / simulation; Concentration mapping / monitoring,Not fully coded / not reported,Not fully coded / not reported,Not fully coded / not reported,Not fully coded / not reported,Not fully coded / not reported,Not fully coded / not reported,Not fully coded / not reported,Not fully coded / not reported,Not fully coded / not reported,"Supports the reported exposure, risk, or public-health estimation task; it does not establish prospective clinical decision support unless evaluated.",Direct fire-specific evidence,Direct fire-specific evidence,"Full report was previously assessed, but report text is unavailable in the current archive; detailed charting remains incomplete",Author verified — approved 23 Aug 2026,Medium,Minimum corpus coding reviewed; detailed source-specific fields may remain unreported,https://doi.org/10.3390/fire6040159
R11321,Using AOD and UVAI to Reduce the Uncertainties in Wildfire Emission and Air Quality Modeling,Yunyao Li; D. Tong; Yeseul Jeon; B. S. Lee; Jaewoo Park; S. Kondragunta; Xiaoyang Zhang; Naphat Siripun; Stephanie Song; Charu Mehta; J. Chen,2025,Journal of Geophysical Research - Atmospheres,10.1029/2024jd041816,Wildfire/wildland/forest fire,Direct fire-specific evidence,Forecasting / simulation; Concentration mapping / monitoring; Emissions / source-term estimation,Satellite/remote sensing,Not fully coded / not reported,Remote-sensing retrieval/inversion,Retrospective model evaluation,Observational data plus modelling,Not fully coded / not reported,Not fully coded / not reported,Fire-emission uncertainty is addressed with dynamic fire-specific scaling factors derived from satellite AOD/UVAI; variability across fire points and forecast bias are evaluated,2,"Supports only the fire-specific task and evaluation setting described in the report; it does not by itself establish operational readiness, universal superiority, or cross-incident generalisation.",Direct fire-specific evidence,Direct fire-specific evidence,AI-assisted extraction from validated full-report text; existing nonblank charting preserved; no independent author verification of detailed fields claimed,Author verified — approved 23 Aug 2026,High,Minimum corpus coding reviewed; detailed source-specific fields may remain unreported,https://doi.org/10.1029/2024jd041816
R11355,Using machine learning to estimate wildfire PM2.5 at California ZIP codes (2006-2020),Rosana Aguilera; N. Luo; R. Basu; Jun Wu; A. Gershunov; T. Benmarhnia,2021,,10.33774/chemrxiv-2021-9hk6q,Wildfire/wildland fire,Fire-specific component within all-source PM2.5 modelling,Exposure / health-risk estimation; Forecasting / simulation,Fixed monitors plus satellite and meteorological data,"California PM2.5 monitors, meteorology, satellite/fire and ZIP-level predictors, 2006–2020",Ensemble machine learning plus multiple imputation for wildfire-specific PM2.5,Retrospective statewide exposure estimation,Observed data; offline modeling,Train/validation split and 10-fold cross-validation,Prediction R² 0.86; validation RMSE about 3.44 µg/m³; MAE about 1.76 µg/m³,Cross-validation and multiple imputation; no calibrated prediction intervals,1,Supports retrospective ZIP-level exposure estimation for California; it is a preprint and does not establish real-time incident forecasting or external-state performance.,Direct fire-specific evidence,Direct fire-specific evidence,Full report text extracted and AI-assisted detailed charting proposal; no independent author verification of detailed fields claimed,Author verified — approved 23 Aug 2026,High,Minimum corpus coding reviewed; detailed source-specific fields may remain unreported,https://doi.org/10.33774/chemrxiv-2021-9hk6q
R11372,Using Satellite‐Derived Fire Arrival Times for Coupled Wildfire‐Air Quality Simulations at Regional Scales of the 2020 California Wildfire Season,Lassman W.; Mirocha J.D.; Arthur R.S.; Kochanski A.K.; Farguell Caus A.; Bagley A.M.; Carreras Sospedra M.; Dabdub D.; Barbato M.,2023,Journal of Geophysical Research - Atmospheres,10.1029/2022jd037062,2020 California wildfire smoke,Direct fire-specific evidence,Coupled wildfire-air-quality simulation; fire-arrival-time assimilation,WRF-Chem/SFIRE modelling with satellite-derived fire arrival times,"Satellite fire-arrival information, emissions inputs, meteorology and air-quality observations",Coupled weather-chemistry-fire simulation compared with FINN inventory forcing,Retrospective one-month 2020 Northern California wildfire season,Observations plus modelling,Within-model comparison of satellite-constrained SFIRE and inventory-based fire representation,"Fire timing/location, emissions, smoke transport and air-quality model-observation measures","Fire timing, source magnitude, fuel consumption and model-resolution limitations evaluated",2,Supports satellite-derived fire-arrival constraints for the evaluated regional coupled simulations; results are retrospective and do not establish universal or incident-time forecast superiority.,Direct fire-specific evidence,Direct fire-specific evidence,Retrieved full report assessed 2026-08-24; minimum coding prepared from the complete report and with no independent author verification of detailed fields claimed.,Author approved eligibility decision — 2026-08-24,High,Minimum corpus coding prepared; detailed source-specific fields may remain unreported,https://doi.org/10.1029/2022jd037062
R11391,Utilisation FINN data version 2.5 for forecasting PM2.5 during forest fire 2019 in Sumatra by using WRF–Chem,P. Kombara; A. Pratama; Waluyo Eko Cahyono; W. Setyawati; Emmanuel Adetya; H. Fitriana,2023,Journal of Southern Hemisphere Earth Systems Science,10.1071/es22030,2019 Sumatra forest-fire smoke,Direct fire-specific evidence,PM2.5 forecasting/simulation and plume mapping,WRF-Chem with FINN v2.5 and ground/satellite evaluation,"FINN emissions, surface PM2.5 and satellite smoke imagery",Regional chemical-transport modelling,Retrospective 2019 Sumatra fire episode,Observations plus modelling,"Model evaluation at Jambi, Palembang and Pekanbaru plus spatial satellite comparison",Correlation and RMSE at three stations; spatial-pattern correspondence,Unsatisfactory magnitude/pattern performance at several stations explicitly reported,2,"Supports the reported WRF-Chem/FINN v2.5 case evaluation and, importantly, documents limited predictive performance; it does not justify operational deployment without further development.",Direct fire-specific evidence,Direct fire-specific evidence,Retrieved full report assessed 2026-08-24; minimum coding prepared from the complete report and with no independent author verification of detailed fields claimed.,Author approved eligibility decision — 2026-08-24,High,Minimum corpus coding prepared; detailed source-specific fields may remain unreported,https://doi.org/10.1071/es22030
R11392,Utilisation of WRF-HYSPLIT modelling approach and GEMS to identify PM2.5 sources in Central Kalimantan – study case: 2023 forest fire,A. Nurlatifah; P. Kombara; A. Pratama; Rizky Faristyawan; Aulia Arip Rakhman; Nindia Noviastuti,2025,Journal of Southern Hemisphere Earth Systems Science,10.1071/es24006,2023 Central Kalimantan forest-fire smoke,Direct fire-specific evidence,PM2.5 source identification and transport analysis,"WRF-HYSPLIT with GEMS, MODIS and VIIRS observations","Satellite AOD/fire products, meteorology and trajectory/model inputs",Inline regional modelling and trajectory/source analysis,"Retrospective Palangka Raya and Pangkalan Bun case, October 2023",Satellite observations plus modelling,Multi-instrument source-attribution case study,"AOD, PM2.5, trajectories and spatiotemporal source patterns","Satellite retrieval, wind/trajectory and source-attribution limitations",2,Supports southeast-source attribution and smoke-transport characterisation for the evaluated Central Kalimantan period; it does not establish general forecast accuracy or causal health effects.,Direct fire-specific evidence,Direct fire-specific evidence,Retrieved full report assessed 2026-08-24; minimum coding prepared from the complete report and with no independent author verification of detailed fields claimed.,Author approved eligibility decision — 2026-08-24,High,Minimum corpus coding prepared; detailed source-specific fields may remain unreported,https://doi.org/10.1071/es24006
R11409,Validation of BlueSky Smoke Prediction System Using Surface and Satellite Observations During Major Wildland Fire Events in Northern California,Lesley A. Fusina; S. Zhong; Julide Koracin; T. Brown; A. Esperanza; Leland Tarney; H. Preisler,2007,,,Wildland and prescribed-fire smoke,Direct fire-specific evidence,Operational smoke prediction and decision support,BlueSky Smoke Prediction System,"Fire, fuel, meteorological, emissions, surface and satellite observations",Integrated emissions/plume/dispersion modelling framework,Daily operational-style predictions and Northern California event validation,Operational modelling evaluated with observations,Surface and satellite validation during major fire events,PM2.5 and satellite plume/model agreement reported by the study,"Fire information, emissions, plume dynamics, weather and sparse observations discussed",4,Supports operational use and the reported event validations of the BlueSky framework; the proceedings evidence does not establish universal concentration accuracy.,Direct fire-specific evidence,Direct fire-specific evidence,Retrieved full report assessed 2026-08-24; minimum coding prepared from the complete report and with no independent author verification of detailed fields claimed.,Author approved eligibility decision — 2026-08-24,High,Minimum corpus coding prepared; detailed source-specific fields may remain unreported,
R11433,"Variations of aerosol optical depth, black carbon, carbon monoxide and methane from satellite observations of the atmosphere during the forest fire season in the Yakutsk Region in 2013–2021",N. V. Rodionova,2022,Sovremennye problemy distantsionnogo zondirovaniya Zemli iz kosmosa,10.21046/2070-7401-2022-19-2-232-242,Wildfire/wildland/forest fire,Direct fire-specific evidence,Concentration mapping / monitoring,Satellite/remote sensing; Fixed ground monitoring,Gas sensors/measurements,Remote-sensing retrieval/inversion,Retrospective observational or computational evaluation,Field data/retrospective,Not fully coded / not reported,Operational/network metrics,Not fully coded / not reported,2,"Supports only the fire-specific task and evaluation setting described in the report; it does not by itself establish operational readiness, universal superiority, or cross-incident generalisation.",Direct fire-specific evidence,Direct fire-specific evidence,AI-assisted extraction from validated full-report text; existing nonblank charting preserved; no independent author verification of detailed fields claimed,Author verified — approved 23 Aug 2026,High,Minimum corpus coding reviewed; detailed source-specific fields may remain unreported,https://doi.org/10.21046/2070-7401-2022-19-2-232-242
R11437,Vector Field based Tracking of a Dynamic Wildfire Boundary with an UAV,Licheng Feng; J. Katupitiya,2022,IFAC-PapersOnLine,10.1016/j.ifacol.2022.11.148,Wildfire,Fire-specific interface/source-state evidence,Dynamic wildfire-boundary tracking,Single camera-equipped UAV,Partial visual observations of a simulated fire boundary,Vector-field guidance law based on boundary-distance error,Numerical simulation,Simulation only,Tracking tests across expanding boundary shapes,Boundary-distance/tracking error and trajectory convergence,Partial observation represented; sensing noise and field hazards not validated,1,Supports convergence and patrol behaviour around simulated expanding boundaries; it does not demonstrate field operation or smoke/concentration monitoring.,Fire-specific interface or background evidence,Conditional fire-source/perimeter input,Retrieved full report assessed 2026-08-24; minimum coding prepared from the complete report and with no independent author verification of detailed fields claimed.,Author approved eligibility decision — 2026-08-24,High,Minimum corpus coding prepared; detailed source-specific fields may remain unreported,https://doi.org/10.1016/j.ifacol.2022.11.148
R11470,Visibility Estimation Due To Forest Fire Smoke Using Backward Elimination Multiple Regression of Himawari_8 Satellite Data over Sumatera and Borneo Island Indonesia,Ismanto H.; Hartono H.; Marfai M.A.,2020,IOP Conference Series: Earth and Environmental Science,10.1088/1755-1315/451/1/012086,Forest and land-fire smoke,Direct fire-specific evidence,Smoke detection and visibility estimation for aviation,Himawari-8 satellite with surface visibility observations,"Reflective, shortwave-infrared and thermal-infrared bands plus visibility measurements",Classification tree followed by backward-elimination multiple regression,Retrospective Sumatra and Borneo smoke observations,Satellite and surface observations plus statistical modelling,Empirical model development/evaluation for thick-smoke visibility,Visibility classification and correlation (reported best combination approximately 0.68),Performance concentrated on thick smoke/low visibility and specific regions,2,Supports the reported Himawari-8 visibility model for evaluated Sumatra/Borneo smoke conditions; it does not establish general aviation-grade reliability.,Direct fire-specific evidence,Direct fire-specific evidence,Retrieved full report assessed 2026-08-24; minimum coding prepared from the complete report and with no independent author verification of detailed fields claimed.,Author approved eligibility decision — 2026-08-24,High,Minimum corpus coding prepared; detailed source-specific fields may remain unreported,https://doi.org/10.1088/1755-1315/451/1/012086
R11530,Wearable Personal PM2.5 Monitoring During Wildfire Smoke Episodes in Metro Detroit,C. Zundel; T. Fikes; E. Strobel; M. Schrimpf; H. Marusak,2026,medRxiv,10.64898/2026.07.30.26359253,Wildfire/wildland/forest fire,Direct fire-specific evidence,Concentration mapping / monitoring,Not fully coded / not reported,PM2.5/particulate monitors,Wearable personal PM2.5 monitoring during wildfire-smoke episodes,Exploratory personal-exposure field monitoring,Field observational,Not fully coded / not reported,Not fully coded / not reported,Not fully coded / not reported,2,"Supports only the fire-specific task and evaluation setting described in the report; it does not by itself establish operational readiness, universal superiority, or cross-incident generalisation.",Direct fire-specific evidence,Direct fire-specific evidence,AI-assisted extraction from validated full-report text; existing nonblank charting preserved; no independent author verification of detailed fields claimed,Author verified — approved 23 Aug 2026,Medium,Minimum corpus coding reviewed; detailed source-specific fields may remain unreported,https://doi.org/10.64898/2026.07.30.26359253
R11567,What Went Wrong: A Survey of Wildfire UAS Mishaps through Named Entity Recognition,Sequoia R. Andrade; Hannah S. Walsh,2022,AIAA/IEEE Digital Avionics Systems Conference - Proceedings,10.1109/dasc55683.2022.9925798,Wildland/wildfire response,Fire-specific operational safety evidence,Governance / safety / accountable deployment,Unmanned aircraft systems used in wildfire response,180 wildfire UAS reports from the U.S. SAFECOM aviation reporting system; LLIS and broader SAFECOM reports for training,BERT fine-tuning for named-entity recognition followed by manual clustering and FMEA-style risk scoring,"Real voluntary aviation mishap, hazard, and incident reports",Retrospective real-world incident-report analysis,"Train/fine-tune on 2,102 LLIS and 21,503 SAFECOM reports; test entity labels on 180 annotated wildfire-UAS reports; inter-annotator agreement and F1 reported","Precision, recall, accuracy and entity-level F1; weighted average test F1 0.33","No probabilistic uncertainty; reporting bias, class imbalance and annotation difficulty discussed",2,"Supports feasibility of extracting recurring failure entities from a real incident-reporting system and identifies operational safety categories; the weighted F1 of 0.33, manual clustering, small wildfire subset, and reporting-system biases preclude claims of reliable automated surveillance or incident prevalence.",Fire-specific interface or background evidence,Fire-specific task-interface evidence,Full report text extracted and AI-assisted detailed charting proposal; no independent author verification of detailed fields claimed,Author verified — approved 23 Aug 2026,High,Minimum corpus coding reviewed; detailed source-specific fields may remain unreported,https://doi.org/10.1109/dasc55683.2022.9925798
R11602,Wildfire Aerosol and Cloud Radiative Forcing in the Mackenzie River Basin from Satellite Observations,Song Guo; H. Leighton; Jian Feng; A. Trishchenko,2008,Cold Region Atmospheric and Hydrologic Studies. The Mackenzie GEWEX Experience: Volume 1: Atmospheric Dynamics,10.1007/978-3-540-73936-4_21,Wildfire/wildland/forest fire,Direct fire-specific evidence,Concentration mapping / monitoring,Satellite/remote sensing,Not fully coded / not reported,Not fully coded / not reported,Retrospective observational or computational evaluation,Field data/retrospective,Controlled field/laboratory comparison,Not fully coded / not reported,Major sources of uncertainties and discrepancies between observations and modeling are highlighted.,2,"Supports only the fire-specific task and evaluation setting described in the report; it does not by itself establish operational readiness, universal superiority, or cross-incident generalisation.",Direct fire-specific evidence,Direct fire-specific evidence,AI-assisted extraction from validated full-report text; existing nonblank charting preserved; no independent author verification of detailed fields claimed,Author verified — approved 23 Aug 2026,High,Minimum corpus coding reviewed; detailed source-specific fields may remain unreported,https://doi.org/10.1007/978-3-540-73936-4_21
R11608,Wildfire Air Quality Prediction,S. Dhar; J. Gao,2023,International Journal of Disaster Response and Emergency Management,10.4018/ijdrem.330148,Northern California wildfire smoke,Direct fire-specific evidence,Air-quality prediction and visualisation during wildfire conditions,"Public wildfire, weather and air-quality datasets with a software prototype","County/fire records, meteorological variables and monitored CO, ozone and PM2.5",Multiple machine-learning regressors including neural networks,Retrospective northern California data analysis,Observational data plus offline modelling,Train/test comparison of pollutant-prediction models,"MAE, R-squared and RMSE","Dataset coverage, missing values, location transfer and wildfire-attribution limitations",2,"Supports pollutant prediction on the assembled northern California dataset; it does not establish incident-time generalisation, causal wildfire attribution or health-action accuracy.",Direct fire-specific evidence,Direct fire-specific evidence,Retrieved full report assessed 2026-08-24; minimum coding prepared from the complete report and with no independent author verification of detailed fields claimed.,Author approved eligibility decision — 2026-08-24,High,Minimum corpus coding prepared; detailed source-specific fields may remain unreported,https://doi.org/10.4018/ijdrem.330148
R11620,Wildfire and smoke early detection for drone applications: A light-weight deep learning approach,Abhinav Kumar; Adolfo Perrusquía; Saba Al-Rubaye; Weisi Guo,2024,Engineering applications of artificial intelligence,10.1016/j.engappai.2024.108977,Wildfire and smoke,Direct fire-specific evidence,Lightweight onboard fire/smoke segmentation for early detection,Drone-oriented embedded vision,Optical wildfire and smoke imagery,DeepLabv3+ with MobileViT or MobileNet backbones,Offline image-dataset evaluation with complexity analysis,Retrospective/offline,Comparison with a ResNet50-DeepLabv3+ baseline,"Segmentation performance, parameter count and computational complexity","Insufficient diversity of fire sizes, weather and environments identified as a key limitation",2,Supports lightweight fire/smoke segmentation on the evaluated datasets; model size and offline accuracy do not by themselves establish onboard field reliability or concentration measurement.,Direct fire-specific evidence,Direct fire-specific evidence,Retrieved full report assessed 2026-08-24; minimum coding prepared from the complete report and with no independent author verification of detailed fields claimed.,Author approved eligibility decision — 2026-08-24,High,Minimum corpus coding prepared; detailed source-specific fields may remain unreported,https://doi.org/10.1016/j.engappai.2024.108977
R11621,Wildfire and smoke effects on power transmission and distribution systems safety: an analytical review,N. Manousakis; K. Kalkanis; D. P. Sinioros; Apostolos Kokkosis; C. Psomopoulos,2026,Frontiers in Energy Research,10.3389/fenrg.2026.1759856,Wildfire/wildland/forest fire,Fire-specific evidence synthesis,Evidence synthesis,Not fully coded / not reported,Not fully coded / not reported,Not fully coded / not reported,Not fully coded / not reported,Not fully coded / not reported,Not fully coded / not reported,Not fully coded / not reported,Not fully coded / not reported,N/A,Supports statements about the scope and reported findings of the reviewed literature; it is not independent deployment evidence and cannot establish algorithmic superiority.,Evidence synthesis or guidance,Fire-specific evidence synthesis—response/infrastructure layer,AI-assisted extraction from validated full-report text; existing nonblank charting preserved; no independent author verification of detailed fields claimed,Author verified — approved 23 Aug 2026,Medium,Minimum corpus coding reviewed; detailed source-specific fields may remain unreported,https://doi.org/10.3389/fenrg.2026.1759856
R11625,Wildfire and Wood Smoke Effects on Human Airway Epithelial Cells: A Scoping Review.,"Heibati, Behzad; Renz, Harald; Lacy, Paige",2025,Environmental research,10.1016/j.envres.2025.121153,Wildfire plus laboratory wood-smoke combustion,Mixed fire-specific and adjacent-source evidence,Evidence synthesis; Mechanistic exposure / health-risk context,In-vitro airway epithelial-cell systems,"23 in-vitro studies from MEDLINE, PubMed, Google Scholar, and Web of Science",Scoping review using Covidence and PICO,Review/evidence synthesis,Review of laboratory and some wildfire-season exposures,Scoping review of human airway epithelial-cell responses,"Inflammation, oxidative stress, cytotoxicity, viability, barrier integrity, and molecular responses","Narrative comparison of heterogeneous smoke sources, cell models, doses, and endpoints; no formal risk-of-bias synthesis identified",N/A,"Supports mechanistic toxicity context only. Many included exposures are laboratory wood smoke rather than uncontrolled-wildfire smoke, and findings cannot establish population risk, real-time thresholds, or operational response effectiveness.",Evidence synthesis or guidance,Fire-specific evidence synthesis with adjacent-source transfer,Full report text extracted and AI-assisted detailed charting proposal; no independent author verification of detailed fields claimed,Author verified — approved 23 Aug 2026,High,Minimum corpus coding reviewed; detailed source-specific fields may remain unreported,https://doi.org/10.1016/j.envres.2025.121153
R11664,Wildfire Emergency Response and Evacuation Framework Using Drones: Phase I,Hovannes Kulhandjian,2025,Mineta Transportation Institute Report 2446,10.31979/mti.2025.2446,Wildfire/wildland fire,Fire-specific,Source / perimeter input; Intervention / decision support,Multi-UAV/drone network with ROS2 and edge AI,"IR and visible cameras, temperature/wind sensors, LiDAR, radar, GPS/RTK, GIS and simulated wildfire/evacuation inputs","Sensor fusion, CNN/YOLO detection, LSTM forecasting, GA/ACO/PSO routing, RL coordination",Phase-I prototype experiments and simulations in a described wildfire-prone test zone,Prototype tests plus simulation; no live wildfire deployment demonstrated,"Component-level fire detection, evacuation routing and SAR tests","Reported 97.2% hotspot detection, 28% faster evacuation, 95.4% victim detection and 35% faster SAR response",No statistical uncertainty or confidence intervals identified,1,"Supports architecture and preliminary prototype/simulation feasibility only; it does not measure ambient plume concentration and does not establish live wildfire deployment, regulatory viability, or the claimed percentage gains across independent incidents.",Fire-specific interface or background evidence,Fire-specific interface/prototype evidence,Full report text extracted and AI-assisted detailed charting proposal; no independent author verification of detailed fields claimed,Author verified — approved 23 Aug 2026,High,Minimum corpus coding reviewed; detailed source-specific fields may remain unreported,https://doi.org/10.31979/mti.2025.2446
R11672,Wildfire Exposure and Respiratory Health: A Comprehensive Review of Emerging Evidence.,"Gu, Kang-Mo; Lee, Taeseung; Myong, Jun-Pyo",2025,Tuberculosis and respiratory diseases,10.4046/trd.2025.0064,Not fully coded / not reported,Fire-specific evidence synthesis,Evidence synthesis; Exposure / health-risk estimation,Not fully coded / not reported,Not fully coded / not reported,Not fully coded / not reported,Not fully coded / not reported,Not fully coded / not reported,Not fully coded / not reported,Not fully coded / not reported,Not fully coded / not reported,N/A,Used for scope comparison or evidence synthesis; it cannot substitute for primary comparative or deployment evidence.,Evidence synthesis or guidance,Fire-specific evidence synthesis,"Full report was previously assessed, but report text is unavailable in the current archive; detailed charting remains incomplete",Author verified — approved 23 Aug 2026,Medium,Minimum corpus coding reviewed; detailed source-specific fields may remain unreported,https://doi.org/10.4046/trd.2025.0064
R11673,Wildfire exposure during pregnancy and the risk of adverse birth outcomes: A systematic review.,"Amjad, Sana; Chojecki, Dagmara; Osornio-Vargas, Alvaro; Ospina, Maria B",2021,Environment international,10.1016/j.envint.2021.106644,Wildfire/wildland/forest fire,Fire-specific evidence synthesis,Evidence synthesis; Exposure / health-risk estimation,Not applicable,Observational epidemiological studies from nine databases,Systematic review with NTP-OHAT risk-of-bias appraisal,Review/evidence synthesis,Review/synthesis,Systematic review of maternal exposure and adverse birth outcomes,"Birth weight, preterm birth, and other adverse birth outcomes",Risk-of-bias appraisal and narrative evidence grading,N/A,"Supports pregnancy and birth-outcome context; it does not provide a prospective maternal-risk system, personalised alert threshold, or causal incident-level estimate.",Evidence synthesis or guidance,Fire-specific evidence synthesis,Full report text extracted and AI-assisted detailed charting proposal; no independent author verification of detailed fields claimed,Author verified — approved 23 Aug 2026,High,Minimum corpus coding reviewed; detailed source-specific fields may remain unreported,https://doi.org/10.1016/j.envint.2021.106644
R11722,Wildfire-Related Air Pollution and Infectious Diseases: Systematic Review and Meta-Analysis.,"Mahendran, Rahini; Ju, Ke; Yang, Zhengyu; Gao, Yuan; Huang, Wenzhong; Yu, Wenhua; Liu, Yanming; Hundessa, Samuel; Yu, Pei; Xu, Rongbin; Zhang, Lei; Li, Shanshan; Guo, Yuming",2025,ACS environmental Au,10.1021/acsenvironau.4c00087,Not fully coded / not reported,Fire-specific evidence synthesis,Evidence synthesis; Concentration mapping / monitoring,Not fully coded / not reported,Not fully coded / not reported,Not fully coded / not reported,Not fully coded / not reported,Not fully coded / not reported,Not fully coded / not reported,Not fully coded / not reported,Not fully coded / not reported,N/A,Used for scope comparison or evidence synthesis; it cannot substitute for primary comparative or deployment evidence.,Evidence synthesis or guidance,Fire-specific evidence synthesis,"Full report was previously assessed, but report text is unavailable in the current archive; detailed charting remains incomplete",Author verified — approved 23 Aug 2026,Medium,Minimum corpus coding reviewed; detailed source-specific fields may remain unreported,https://doi.org/10.1021/acsenvironau.4c00087
R11755,"Wildfire Smoke and Firefighter Safety: A Review of Toxic Particle Exposure, Clothing Performance and Health Implications",MD. Momtaz Islam; S. Mandal; Habeeb H. Al-Mashala; Elijah G. Schnitzler; Adriana Petrova; Robert J. Agnew; Lynn M. Boorady,2025,Fire and Materials,10.1002/fam.70020,Wildfire/wildland/forest fire,Fire-specific evidence synthesis,Evidence synthesis; Occupational exposure / health protection; Intervention planning,Personal protective clothing and biomonitoring approaches reviewed,"Toxic particle, PAH, skin/urine biomonitoring, clothing performance, and decontamination studies",Narrative integrative review,Review/evidence synthesis,Review/synthesis,"Critical review across toxicology, exposure, clothing, and health evidence","Particle/PAH exposure, biomonitoring, barrier performance, contamination, and health outcomes",Study-design and method variability discussed; no pooled comparative model,N/A,"Supports firefighter exposure, PPE, and decontamination context; it does not establish real-time exposure prediction, comparative PPE effectiveness across incidents, or autonomous-system performance.",Evidence synthesis or guidance,Fire-specific evidence synthesis - occupational safety layer,Full report text extracted and AI-assisted detailed charting proposal; no independent author verification of detailed fields claimed,Author verified — approved 23 Aug 2026,High,Minimum corpus coding reviewed; detailed source-specific fields may remain unreported,https://doi.org/10.1002/fam.70020
R11764,Wildfire Smoke and Private Provision of Public Air-Quality Monitoring,Michael Coury; Liam Falconer; Andrea La Nauze,2024,Journal of Environmental Economics and Management,10.1016/j.jeem.2024.103036,Wildfire/wildland/forest fire,Direct fire-specific evidence,Concentration mapping / monitoring,Not fully coded / not reported,Not fully coded / not reported,Panel econometric analysis using wildfire-smoke shocks and private air-quality monitor provision,Retrospective California observational/econometric study,Observed data / retrospective,Not fully coded / not reported,Not fully coded / not reported,Not fully coded / not reported,2,"Supports only the fire-specific task and evaluation setting described in the report; it does not by itself establish operational readiness, universal superiority, or cross-incident generalisation.",Direct fire-specific evidence,Direct fire-specific evidence,AI-assisted extraction from validated full-report text; existing nonblank charting preserved; no independent author verification of detailed fields claimed,Author verified — approved 23 Aug 2026,Medium,Minimum corpus coding reviewed; detailed source-specific fields may remain unreported,https://doi.org/10.1016/j.jeem.2024.103036
R11782,Wildfire Smoke Effects on Health: Implementing an Air Quality Alert System for UC San Diego,M. Cunha,2019,,,Wildfire smoke,Direct fire-specific evidence,Air-quality alert-system design; protective risk communication,University emergency-management email and website workflow,Air-quality thresholds and public-health guidance,"Capstone literature review, requirements analysis and implementation design",UC San Diego institutional context,Applied implementation report,Design and documentation of a proposed/implemented alert workflow,No prospective health-outcome or message-effectiveness evaluation,"Evidence, threshold, vulnerable-population and implementation limitations discussed",3,Supports concrete requirements and artefacts for a university wildfire-smoke alert workflow; it does not demonstrate prospective reductions in exposure or health harm.,Direct fire-specific evidence,Direct fire-specific evidence,Retrieved full report assessed 2026-08-24; minimum coding prepared from the complete report and with no independent author verification of detailed fields claimed.,Author approved eligibility decision — 2026-08-24,High,Minimum corpus coding prepared; detailed source-specific fields may remain unreported,
R11792,Wildfire smoke exposure and radiation oncology outcomes in rural Manitoba lung cancer patients: a systematic review,Sheen Dube; B. Bashir; N. Patil; K. George; Patricia Tai; Vibhay Pareek,2026,Exploration of Medicine,10.37349/emed.2026.1001386,Wildfire/wildland/forest fire,Fire-specific evidence synthesis,Evidence synthesis; Exposure / health-risk estimation,Not fully coded / not reported,PM2.5/particulate monitors,Systematic/scoping review or meta-analysis,Review/evidence synthesis,Review/synthesis,Systematic/scoping evidence synthesis,Not fully coded / not reported,Not fully coded / not reported,N/A,Supports statements about the scope and reported findings of the reviewed literature; it is not independent deployment evidence and cannot establish algorithmic superiority.,Evidence synthesis or guidance,Fire-specific evidence synthesis,AI-assisted extraction from validated full-report text; existing nonblank charting preserved; no independent author verification of detailed fields claimed,Author verified — approved 23 Aug 2026,High,Minimum corpus coding reviewed; detailed source-specific fields may remain unreported,https://doi.org/10.37349/emed.2026.1001386
R11798,"Wildfire Smoke Exposure during Pregnancy: A Review of Potential Mechanisms of Placental Toxicity, Impact on Obstetric Outcomes, and Strategies to Reduce Exposure.","Basilio, Emilia; Chen, Rebecca; Fernandez, Anna Claire; Padula, Amy M; Robinson, Joshua F; Gaw, Stephanie L",2022,International journal of environmental research and public health,10.3390/ijerph192113727,Not fully coded / not reported,Fire-specific evidence synthesis,Evidence synthesis; Exposure / health-risk estimation,Not fully coded / not reported,Not fully coded / not reported,Not fully coded / not reported,Not fully coded / not reported,Not fully coded / not reported,Not fully coded / not reported,Not fully coded / not reported,Not fully coded / not reported,N/A,Used for scope comparison or evidence synthesis; it cannot substitute for primary comparative or deployment evidence.,Evidence synthesis or guidance,Fire-specific evidence synthesis,"Full report was previously assessed, but report text is unavailable in the current archive; detailed charting remains incomplete",Author verified — approved 23 Aug 2026,Medium,Minimum corpus coding reviewed; detailed source-specific fields may remain unreported,https://doi.org/10.3390/ijerph192113727
R11799,"Wildfire smoke exposure during pregnancy and perinatal, obstetric, and early childhood health outcomes: A systematic review and meta-analysis.","Foo, Damien; Stewart, Rory; Heo, Seulkee; Dhamrait, Gursimran; Choi, Hayon Michelle; Song, Yimeng; Bell, Michelle L",2024,Environmental research,10.1016/j.envres.2023.117527,Wildfire/wildland/forest fire,Fire-specific evidence synthesis,Evidence synthesis; Exposure / health-risk estimation,Not applicable,31 observational studies from eight databases/search sources,PROSPERO-registered systematic review and meta-analysis with paired screening and risk-of-bias assessment,Review/evidence synthesis,Review/synthesis,"Systematic review and meta-analysis of maternal, infant, and child outcomes","Birth weight, preterm birth, obstetric, perinatal, and early-childhood outcomes; pooled effect estimates where feasible","Meta-analytic uncertainty, heterogeneity, and risk-of-bias assessment",N/A,"Supports maternal/child-health association and evidence-gap statements; it does not establish personalised warnings, prospective clinical support, or causal incident-level effects.",Evidence synthesis or guidance,Fire-specific evidence synthesis,Full report text extracted and AI-assisted detailed charting proposal; no independent author verification of detailed fields claimed,Author verified — approved 23 Aug 2026,High,Minimum corpus coding reviewed; detailed source-specific fields may remain unreported,https://doi.org/10.1016/j.envres.2023.117527
R11825,Wildfire smoke indoors: A review of infiltration risk factors and exposure mitigation strategies.,"Bolden, Nathan; Kilkenny, Kiernan; MacCarty, Nordica",2026,Journal of the Air & Waste Management Association (1995),10.1080/10962247.2026.2692674,Wildfire smoke,Direct fire-specific indoor exposure synthesis,Exposure / health-risk estimation; intervention planning / decision support,"Indoor environments, building systems, and portable air cleaners","Published studies of outdoor-to-indoor infiltration, building/occupant factors, filtration, HEPA/ESP devices, and wildfire-smoke episodes",Narrative/integrative review of infiltration risk factors and exposure-mitigation strategies,Residential and other indoor environments during wildfire smoke,"Review of field, experimental, and modelling evidence",Narrative synthesis; no reproducible systematic-search or pooled meta-analysis reported,"Reported portable-air-cleaner PM2.5 reductions from about 15% to over 90%, usually over 30% when appropriately sized",Context heterogeneity and limitations discussed; no pooled uncertainty or formal risk-of-bias synthesis,N/A,"Supports a qualitative synthesis of reported infiltration and mitigation factors. It does not establish a pooled causal efficacy estimate, a universally effective device, or population-wide generalisation.",Evidence synthesis or guidance,Fire-specific narrative evidence synthesis / mitigation evidence,"Complete 25-page report supplied by author; identity, opening/closing pages, references, extractability and completeness validated; SHA256 d1ccb1de6727d6e17434596f7094556462e08288cdf19f499a89230258f89242",Author verified — approved 23 Aug 2026,High,Minimum corpus coding reviewed; detailed source-specific fields may remain unreported,https://doi.org/10.1080/10962247.2026.2692674
R11831,"Wildfire Smoke Is Associated with Larger Outdoor–Indoor PM2.5 Difference in U.S. Homes: A Multi-Region Paired-Sensor Analysis, 2019–2024",X. Huang; Ke Xu; J. Sarnat; Yang Liu,2026,Fire,10.3390/fire9050190,Not fully coded / not reported,Direct fire-specific evidence,Concentration mapping / monitoring,Not fully coded / not reported,Not fully coded / not reported,Not fully coded / not reported,Not fully coded / not reported,Not fully coded / not reported,Not fully coded / not reported,Not fully coded / not reported,Not fully coded / not reported,Not fully coded / not reported,"Supports the reported sensing or measurement task only; operational readiness depends on setting, validation, and deployment maturity.",Direct fire-specific evidence,Direct fire-specific evidence,"Full report was previously assessed, but report text is unavailable in the current archive; detailed charting remains incomplete",Author verified — approved 23 Aug 2026,Medium,Minimum corpus coding reviewed; detailed source-specific fields may remain unreported,https://doi.org/10.3390/fire9050190
R11835,Wildfire Smoke Monitoring for Agricultural Safety and Health in Rural Washington.,"Schollaert, Claire; Austin, Elena; Seto, Edmund; Spector, June; Waller, Scott; Kasner, Edward",2023,Journal of agromedicine,10.1080/1059924x.2023.2213232,Not fully coded / not reported,Direct fire-specific evidence,Exposure / health-risk estimation; Concentration mapping / monitoring,Not fully coded / not reported,Not fully coded / not reported,Not fully coded / not reported,Not fully coded / not reported,Not fully coded / not reported,Not fully coded / not reported,Not fully coded / not reported,Not fully coded / not reported,Not fully coded / not reported,"Supports the reported sensing or measurement task only; operational readiness depends on setting, validation, and deployment maturity.",Direct fire-specific evidence,Direct fire-specific evidence,"Full report was previously assessed, but report text is unavailable in the current archive; detailed charting remains incomplete",Author verified — approved 23 Aug 2026,Medium,Minimum corpus coding reviewed; detailed source-specific fields may remain unreported,https://doi.org/10.1080/1059924x.2023.2213232
R11839,Wildfire Smoke Particulate Matter Concentration Measurements Using Radio Links From Cellular Communication Networks,A. Guyot; J. Pudashine; R. Uijlenhoet; A. Protat; V. Pauwels; V. Louf; J. Walker,2021,AGU Advances,10.1029/2020av000258,Wildfire/wildland fire,Fire-specific,Pollutant / plume monitoring,Existing cellular communication links and weather radar,"144 usable microwave links, 13 PM stations, soundings, surface weather and S-band radar around Greater Melbourne",Power-law regressions between link-signal entropy and PM2.5/PM10,Four January 2020 smoke events associated with the 2019–2020 Australian fires,Field observations,Event-wise comparison of link-derived proxies with nearest regulatory PM monitors,R² and RMSE; best R² above 0.5 and RMSE below about 50 µg/m³ at concentrations above 400 µg/m³,"Performance variation by event, location, frequency and path length documented",2,"Supports feasibility of opportunistic link-based smoke sensing under the analyzed Melbourne events; performance varies by event, path length and frequency and is not a replacement for calibrated PM monitors.",Direct fire-specific evidence,Direct fire-specific field evidence,Full report text extracted and AI-assisted detailed charting proposal; no independent author verification of detailed fields claimed,Author verified — approved 23 Aug 2026,High,Minimum corpus coding reviewed; detailed source-specific fields may remain unreported,https://doi.org/10.1029/2020av000258
R11840,Wildfire smoke-plume rise: a simple energy balance parameterization,N. Moisseeva; R. Stull,2020,Atmospheric Chemistry and Physics,10.5194/acp-21-1407-2021,Wildfire smoke plume,Direct fire-specific evidence,Forecasting / simulation,Not applicable,Meteorology,Physics / dispersion simulation,Simulation / computational experiment,Simulation/computational,Not fully coded / not reported,Not fully coded / not reported,Not recorded in original workbook,1,"Supports only the fire-specific task and evaluation setting described in the report; it does not by itself establish operational readiness, universal superiority, or cross-incident generalisation.",Direct fire-specific evidence,Direct fire-specific evidence,AI-assisted extraction from validated full-report text; existing nonblank charting preserved; no independent author verification of detailed fields claimed,Author verified — approved 23 Aug 2026,High,Minimum corpus coding reviewed; detailed source-specific fields may remain unreported,https://doi.org/10.5194/acp-21-1407-2021
R11841,Wildfire smoke plume segmentation using geostationary satellite imagery,Jeff Wen; M. Burke,2021,arXiv.org,,Not fully coded / not reported,Direct fire-specific evidence,Concentration mapping / monitoring,Not fully coded / not reported,Not fully coded / not reported,Not fully coded / not reported,Not fully coded / not reported,Not fully coded / not reported,Not fully coded / not reported,Not fully coded / not reported,Not fully coded / not reported,Not fully coded / not reported,"Supports the reported sensing or measurement task only; operational readiness depends on setting, validation, and deployment maturity.",Direct fire-specific evidence,Direct fire-specific evidence,"Full report was previously assessed, but report text is unavailable in the current archive; detailed charting remains incomplete",Author verified — approved 23 Aug 2026,Medium,Minimum corpus coding reviewed; detailed source-specific fields may remain unreported,
R11849,"Wildfire Smoke, the Clean Air Act, and the Exceptional Events Rule: Implications and Policy Alternatives.","Krupnick, Alan; Richardson, Nathan; Wibbenmeyer, Matthew; Zhu, Yuqi",2025,Environmental Science and Technology,10.1021/acs.est.4c08946,Wildfire smoke,Evidence synthesis/guidance,Air-quality governance; Clean Air Act and Exceptional Events policy,US regulatory system,"Regulatory monitor records, fire-jurisdiction data and legal/policy sources",Policy analysis with quantitative descriptive evidence,United States Clean Air Act governance,Policy synthesis and analysis,"Analysis of Exceptional Events treatment, regulatory effects and policy alternatives",Air-quality-standard effects and jurisdiction/source distributions reported by the study,"Legal authority, attribution and policy-design constraints explicitly discussed",N/A,Supports claims about the US Exceptional Events framework and the authors' proposed policy alternative; it is jurisdiction-specific and does not establish technical system performance.,Evidence synthesis or guidance,Fire-specific evidence synthesis,Retrieved full report assessed 2026-08-24; minimum coding prepared from the complete report and with no independent author verification of detailed fields claimed.,Author approved eligibility decision — 2026-08-24,High,Minimum corpus coding prepared; detailed source-specific fields may remain unreported,https://doi.org/10.1021/acs.est.4c08946
R11852,Wildfire smoke triggers cirrus formation: lidar observations over the eastern Mediterranean,Mamouri R.-E.; Ansmann A.; Ohneiser K.; Knopf D.A.; Nisantzi A.; Bühl J.; Engelmann R.; Skupin A.; Seifert P.; Baars H.; Ene D.; Wandinger U.; Hadjimitsis D.,2023,Atmospheric Chemistry and Physics,10.5194/acp-23-14097-2023,Wildfire/wildland/forest fire,Direct fire-specific evidence,Concentration mapping / monitoring,Ground-based lidar,Lidar observations with supporting atmospheric/meteorological context,Lidar-based smoke/cirrus interaction analysis,Field observational,Field/observational,Not fully coded / not reported,Not fully coded / not reported,Not fully coded / not reported,2,"Supports only the fire-specific task and evaluation setting described in the report; it does not by itself establish operational readiness, universal superiority, or cross-incident generalisation.",Direct fire-specific evidence,Direct fire-specific evidence,AI-assisted extraction from validated full-report text; existing nonblank charting preserved; no independent author verification of detailed fields claimed,Author verified — approved 23 Aug 2026,High,Minimum corpus coding reviewed; detailed source-specific fields may remain unreported,https://doi.org/10.5194/acp-23-14097-2023
R11858,Wildfire-Specific PM2.5 Asthma Risk Across a Disproportionately Burdened Pediatric Population in Northern California.,"Sugrue, Rebecca; Holm, Stephanie; Nguyen, Andrew; Ye, Morgan; Aguilera, Rosana; Long, Dayna; Benmarhnia, Tarik; De La Rosa, Rosemarie; Thakur, Neeta",2026,GeoHealth,10.1029/2025gh001530,Not fully coded / not reported,Direct fire-specific evidence,Exposure / health-risk estimation; Concentration mapping / monitoring,Not fully coded / not reported,Not fully coded / not reported,Not fully coded / not reported,Not fully coded / not reported,Not fully coded / not reported,Not fully coded / not reported,Not fully coded / not reported,Not fully coded / not reported,Not fully coded / not reported,Supports wildfire-PM asthma-risk stratification in a vulnerable paediatric population; it does not establish prospective clinical decision support.,Direct fire-specific evidence,Direct fire-specific evidence,"Full report was previously assessed, but report text is unavailable in the current archive; detailed charting remains incomplete",Author verified — approved 23 Aug 2026,Medium,Minimum corpus coding reviewed; detailed source-specific fields may remain unreported,https://doi.org/10.1029/2025gh001530
R11947,Wildland fire decision support system air quality tools,S. Larkin; T. Brown; P. Lahm; T. Zimmerman,2010,,,Wildland fire smoke,Direct fire-specific evidence,Operational air-quality decision support,Wildland Fire Decision Support System Air Quality portal,"Fire location, monitoring, forecast, climatology and smoke-model products","Web-based integration of eight text, graphical and interactive air-quality tools",US Federal/State operational fire-management context,Operational system description,Practitioner-oriented report of system capabilities and planned user-feedback evaluation,No controlled comparative performance evaluation; operational use and tool coverage described,"Tool heterogeneity, geographic coverage and reliance on user interpretation",4,Supports the existence and intended operational decision interface of WFDSS-AQ in 2010; it does not quantify decision benefits or validate every integrated tool.,Direct fire-specific evidence,Direct fire-specific evidence,Retrieved full report assessed 2026-08-24; minimum coding prepared from the complete report and with no independent author verification of detailed fields claimed.,Author approved eligibility decision — 2026-08-24,High,Minimum corpus coding prepared; detailed source-specific fields may remain unreported,
R11985,"Wildland Fires: Monitoring, Plume Modelling, Impact on Atmospheric Composition and Climate",M. Sofiev,2013,Developments in environmental science,10.1016/b978-0-08-098349-3.00021-9,Wildland fire,Evidence synthesis/guidance,"Fire monitoring, plume modelling and atmospheric/climate impacts",Satellite products and atmospheric models,"Published active-fire, burned-area, emissions and plume evidence",Technical book-chapter synthesis,Regional-to-global wildland-fire evidence,Review/synthesis,Narrative technical review,Not applicable,"Detection, emissions, injection and model-chain uncertainties synthesised",N/A,Supports background taxonomy and known uncertainties across monitoring and plume modelling; it is not a common-benchmark comparison or incident-time validation.,Evidence synthesis or guidance,Fire-specific evidence synthesis,Retrieved full report assessed 2026-08-24; minimum coding prepared from the complete report and with no independent author verification of detailed fields claimed.,Author approved eligibility decision — 2026-08-24,High,Minimum corpus coding prepared; detailed source-specific fields may remain unreported,https://doi.org/10.1016/b978-0-08-098349-3.00021-9
R11986,Wildland Fires: Toward Improved Understanding and Forecasting of Air Quality Impacts,,2022,,10.17226/26465,Wildland fire smoke,Evidence synthesis/guidance,"Air-quality impact understanding, monitoring and forecast research agenda",National Academies workshop proceedings,"Expert presentations and workshop discussion across observations, emissions and models",Rapporteur-authored workshop synthesis,Cross-sector US research and operational community,Workshop proceedings/synthesis,Proceedings summarising presentations and discussion rather than consensus recommendations,Not applicable,"Source, plume-rise, chemistry, observation, forecast and decision-interface gaps discussed",N/A,Supports a map of research and operational challenges discussed at the workshop; the proceedings explicitly do not represent consensus recommendations or comparative validation.,Evidence synthesis or guidance,Fire-specific evidence synthesis,Retrieved full report assessed 2026-08-24; minimum coding prepared from the complete report and with no independent author verification of detailed fields claimed.,Author approved eligibility decision — 2026-08-24,High,Minimum corpus coding prepared; detailed source-specific fields may remain unreported,https://doi.org/10.17226/26465
R11988,"Wildland forest fire smoke: health effects and intervention evaluation, Hoopa, California, 1999.","Mott, Joshua A; Meyer, Pamela; Mannino, David; Redd, Stephen C; Smith, Eva M; Gotway-Crawford, Carol; Chase, Emmett",2002,The Western journal of medicine,10.1136/ewjm.176.3.157,Not fully coded / not reported,Direct fire-specific evidence,Exposure / health-risk estimation; Intervention / decision planning,Not fully coded / not reported,Not fully coded / not reported,Not fully coded / not reported,Not fully coded / not reported,Not fully coded / not reported,Not fully coded / not reported,Not fully coded / not reported,Not fully coded / not reported,Not fully coded / not reported,"Supports the evaluated intervention, communication, or decision setting only; transfer to emergency operations requires workflow validation.",Direct fire-specific evidence,Direct fire-specific evidence,"Full report was previously assessed, but report text is unavailable in the current archive; detailed charting remains incomplete",Author verified — approved 23 Aug 2026,Medium,Minimum corpus coding reviewed; detailed source-specific fields may remain unreported,https://doi.org/10.1136/ewjm.176.3.157
R12039,Workplace Exposures May Mask Wildfire Smoke-Related Exposure Inequities and Mortality.,"Shkembi, Abas; Adar, Sara D; Neitzel, Richard L; Childs, Marissa L",2026,Environmental Science and Technology Letters,10.1021/acs.estlett.6c00273,Not fully coded / not reported,Direct fire-specific evidence,Exposure / health-risk estimation; Intervention / decision planning,Not fully coded / not reported,Not fully coded / not reported,Not fully coded / not reported,Not fully coded / not reported,Not fully coded / not reported,Not fully coded / not reported,Not fully coded / not reported,Not fully coded / not reported,Not fully coded / not reported,"Supports the evaluated intervention, communication, or decision setting only; transfer to emergency operations requires workflow validation.",Direct fire-specific evidence,Direct fire-specific evidence,"Full report was previously assessed, but report text is unavailable in the current archive; detailed charting remains incomplete",Author verified — approved 23 Aug 2026,Medium,Minimum corpus coding reviewed; detailed source-specific fields may remain unreported,https://doi.org/10.1021/acs.estlett.6c00273
R12047,WRF-Chem Simulations of Aerosol Transport During the Attika Forest Fire Event of July 2018,Srikanth Madala; Tan Li; S. Salinas; Soo Chin Liew,2020,International Geoscience and Remote Sensing Symposium (IGARSS),10.1109/igarss39084.2020.9324510,2018 Attika forest-fire smoke,Direct fire-specific evidence,Aerosol transport and air-quality simulation,WRF-Chem regional model,"Fire, meteorological and aerosol observations/products",WRF-Chem event simulation,Retrospective July 2018 Attika fire case,Observations plus modelling,Three-page conference case report,Spatial aerosol-transport correspondence reported by the study,"Short-report detail, emissions and model-resolution limitations",2,Supports a WRF-Chem aerosol-transport demonstration for the Attika event; the short case report does not establish broad forecast accuracy or operational readiness.,Direct fire-specific evidence,Direct fire-specific evidence,Retrieved full report assessed 2026-08-24; minimum coding prepared from the complete report and with no independent author verification of detailed fields claimed.,Author approved eligibility decision — 2026-08-24,High,Minimum corpus coding prepared; detailed source-specific fields may remain unreported,https://doi.org/10.1109/igarss39084.2020.9324510
R12402,A wildfire exposure risk assessment framework combining LLM and spatial-temporal knowledge hypergraphs,Huang J.; Zhong T.; Yue S.; Yeh A.G.O.; Chen M.; Lü G.,2026,"Computers, Environment and Urban Systems",10.1016/j.compenvurbsys.2026.102411,Wildfire/wildland-urban-interface fire,Fire-specific,Intervention / decision support,Software knowledge and geospatial decision framework,"Expert-validated corpus, geospatial/fire-spread data, 31 threatened residential areas for the 2018 Camp Fire; 2017 Tubbs Fire secondary case","LLM-assisted hierarchical knowledge extraction, spatial-temporal knowledge hypergraph, reasoning and risk classification",Retrospective case studies,Historical field/geospatial data plus model reasoning,"Knowledge-extraction benchmark, comparison with NIST field-survey results, and secondary-fire validation","Knowledge-extraction accuracy, precision/recall/F1, risk-classification accuracy (reported 0.81 vs NIST), efficiency",Sensitivity to observation window and knowledge inputs; no calibrated probability intervals,1,"The paper’s 'exposure risk' concerns wildfire hazard/evacuation zones, not quantified smoke or PM exposure; it supports decision-knowledge integration, not health-risk prediction or autonomous plume sensing.",Fire-specific interface or background evidence,Fire-specific decision-support evidence,Full report text extracted and AI-assisted detailed charting proposal; no independent author verification of detailed fields claimed,Author verified — approved 23 Aug 2026,High,Minimum corpus coding reviewed; detailed source-specific fields may remain unreported,https://doi.org/10.1016/j.compenvurbsys.2026.102411
R12450,Aerial suppression penetrating an axially symmetric and upright buoyant wildfire plume,Hansen R.,2019,International Journal of Safety and Security Engineering,10.2495/safe-v9-n4-287-304,Wildfire/wildland/forest fire,Fire-specific interface evidence,Intervention / decision planning,Not fully coded / not reported,Not fully coded / not reported,Numerical plume-penetration analysis for aerial wildfire suppression,Numerical/analytical evaluation against operational suppression thresholds,Simulation/analytical,Not fully coded / not reported,Not fully coded / not reported,Not fully coded / not reported,1,Supports the fire-plume/suppression interface only; ambient pollutant concentration and health outcomes were not evaluated.,Fire-specific interface or background evidence,Conditional fire-specific intervention/plume interface,AI-assisted extraction from validated full-report text; existing nonblank charting preserved; no independent author verification of detailed fields claimed,Author verified — approved 23 Aug 2026,Medium,Minimum corpus coding reviewed; detailed source-specific fields may remain unreported,https://doi.org/10.2495/safe-v9-n4-287-304
R12529,AIR QUALITY EFFECTS OF ANTALYA FOREST FIRES IN TURKIYE,Dursun S.; Kırbıyık B.; Mankolli H.,2025,International Journal of Ecosystems and Ecology Science,10.31407/ijees15.501,Wildfire/wildland/forest fire,Direct fire-specific evidence,Concentration mapping / monitoring,UAV/drone; Mobile/instrumented platform,Not fully coded / not reported,Not fully coded / not reported,Not fully coded / not reported,Not fully coded / not reported,Not fully coded / not reported,Not fully coded / not reported,Not fully coded / not reported,2,"Supports only the fire-specific task and evaluation setting described in the report; it does not by itself establish operational readiness, universal superiority, or cross-incident generalisation.",Direct fire-specific evidence,Direct fire-specific evidence,AI-assisted extraction from validated full-report text; existing nonblank charting preserved; no independent author verification of detailed fields claimed,Author verified — approved 23 Aug 2026,Medium,Minimum corpus coding reviewed; detailed source-specific fields may remain unreported,https://doi.org/10.31407/ijees15.501
R12716,Applications of a Generalized Lidar-Aerosol Retrieval Algorithm to Smoke retrieval - Case Study and Inversions of Extensive Observations in Wildfire Seasons,Chang Y.; Hu Q.; Goloub P.; Veselovskii I.; Podvin T.; Dubois G.,2025,Journal of Physics: Conference Series,10.1088/1742-6596/3055/1/012046,Wildfire/wildland/forest fire,Direct fire-specific evidence,Concentration mapping / monitoring,Fixed ground monitoring; Mobile/instrumented platform,Lidar,Remote-sensing retrieval/inversion,Retrospective observational or computational evaluation,Field data/retrospective,Single-event/case-study retrospective evaluation,Not fully coded / not reported,Not fully coded / not reported,2,"Supports only the fire-specific task and evaluation setting described in the report; it does not by itself establish operational readiness, universal superiority, or cross-incident generalisation.",Direct fire-specific evidence,Direct fire-specific evidence,AI-assisted extraction from validated full-report text; existing nonblank charting preserved; no independent author verification of detailed fields claimed,Author verified — approved 23 Aug 2026,High,Minimum corpus coding reviewed; detailed source-specific fields may remain unreported,https://doi.org/10.1088/1742-6596/3055/1/012046
R12965,Beyond the exceptional events rule: How the local implementation of air quality regulations affects wildfire air policy,Richmond B.,2019,Ecology Law Quarterly,10.15779/z38cv4bs12,Prescribed fire; Wildfire/wildland/forest fire,Direct fire-specific evidence,Governance / policy; Concentration mapping / monitoring,Not fully coded / not reported,Not fully coded / not reported,Not fully coded / not reported,Retrospective observational or computational evaluation,Field data/retrospective,Single-event/case-study retrospective evaluation,Not fully coded / not reported,Not fully coded / not reported,2,"Supports only the fire-specific task and evaluation setting described in the report; it does not by itself establish operational readiness, universal superiority, or cross-incident generalisation.",Direct fire-specific evidence,Direct fire-specific evidence,AI-assisted extraction from validated full-report text; existing nonblank charting preserved; no independent author verification of detailed fields claimed,Author verified — approved 23 Aug 2026,High,Minimum corpus coding reviewed; detailed source-specific fields may remain unreported,https://doi.org/10.15779/z38cv4bs12
R13069,Californian Wildfire Smoke Over Europe: A First Example of the Aerosol Observing Capabilities of Aeolus Compared to Ground-Based Lidar,Baars H.; Radenz M.; Floutsi A.A.; Engelmann R.; Althausen D.; Heese B.; Ansmann A.; Flament T.; Dabas A.; Trapon D.; Reitebuch O.; Bley S.; Wandinger U.,2021,Geophysical Research Letters,10.1029/2020gl092194,Long-range transported California wildfire smoke,Direct fire-specific evidence,Vertical plume observation and cross-platform validation,Aeolus satellite and ground-based multiwavelength lidar,"Backscatter, extinction, lidar ratio and aerosol optical thickness profiles",Cross-platform lidar comparison and plume characterisation,September 2020 transatlantic smoke event over Leipzig,Field remote sensing,Single-event Aeolus versus ground-lidar evaluation,"Backscatter/extinction agreement, AOT and estimated mass concentration","Single-event sampling, retrieval assumptions and conversion to mass concentration",2,Supports Aeolus observation of the evaluated long-range smoke plume and agreement with ground lidar; it does not validate surface exposure or routine incident-time monitoring.,Direct fire-specific evidence,Direct fire-specific evidence,Retrieved full report assessed 2026-08-24; minimum coding prepared from the complete report and with no independent author verification of detailed fields claimed.,Author approved eligibility decision — 2026-08-24,High,Minimum corpus coding prepared; detailed source-specific fields may remain unreported,https://doi.org/10.1029/2020gl092194
R13675,Detection of Wildfire Smoke Plumes Using GEMS Images and Machine Learning,Jeong Y.; Kim S.; Kim S.-Y.; Yu J.-A.; Lee D.-W.; Lee Y.,2022,Korean Journal of Remote Sensing,10.7780/kjrs.2022.38.5.3.13,Wildfire/wildland/forest fire,Direct fire-specific evidence,Smoke-plume detection,Satellite/remote sensing,GEMS Level 1/Level 2 satellite imagery and aerosol products,Random-forest smoke-pixel classification,Retrospective satellite-case evaluation,Retrospective/offline,Smoke-pixel classification for the March 2022 Gangwon wildfire using labelled GEMS imagery,Mean bias error; MAE; RMSE; correlation coefficient,Not fully coded / not reported,1,"Supports only the fire-specific task and evaluation setting described in the report; it does not by itself establish operational readiness, universal superiority, or cross-incident generalisation.",Direct fire-specific evidence,Direct fire-specific evidence,AI-assisted extraction from validated full-report text; existing nonblank charting preserved; no independent author verification of detailed fields claimed,Author verified — approved 23 Aug 2026,High,Minimum corpus coding reviewed; detailed source-specific fields may remain unreported,https://doi.org/10.7780/kjrs.2022.38.5.3.13
R13689,Developing a high spatial resolution aerosol optical depth product using MODIS data for evaluating aerosol during large wildfire events,DeWinter J.L.; Raffuse S.M.; McCarthy M.C.; Craig K.J.; Jumbam L.K.; Lurmann F.W.; Fruin S.A.,2012,Air and Waste Management Association - Aerosol and Atmospheric Optics: Visibility and Air Pollution Specialty Conference 2012,,2008 Northern California wildfire smoke,Direct fire-specific evidence,High-resolution aerosol mapping and model-evaluation support,MODIS processing with surface PM2.5,Raw MODIS observations and ground PM2.5 monitors,Modified high-spatial-resolution aerosol optical depth retrieval,Retrospective June-July 2008 California wildfire period,Satellite and surface observations,Conference-report development and ground-correlation evaluation,AOD-PM2.5 correlation and spatial coverage/detail,"Cloud/smoke filtering, surface reflectance, aerosol properties and surface-AOD relationship",2,Supports the modified MODIS AOD product for the evaluated fire period and its potential use in exposure/model evaluation; transfer and operational assimilation were not validated.,Direct fire-specific evidence,Direct fire-specific evidence,Retrieved full report assessed 2026-08-24; minimum coding prepared from the complete report and with no independent author verification of detailed fields claimed.,Author approved eligibility decision — 2026-08-24,High,Minimum corpus coding prepared; detailed source-specific fields may remain unreported,
R13767,Dispersion Dynamics of Wildfire Aerosol for Prognostic Error Variance Evolution and Improved Assimilation,Vogel A.; Ménard R.; Chen J.,2026,Springer Proceedings in Complexity,10.1007/978-3-032-02971-3_55,Wildfire smoke,Direct fire-specific simulation case,Forecasting / simulation; data-assimilation design,Environment and Climate Change Canada GEM-MACH/FireWork modelling system,Operational model fields and Quebec wildfire emissions for 5-6 June 2023,Process-decomposition experiments to identify leading transport terms for a future parametric Kalman filter,"Quebec wildfire smoke, 5-6 June 2023",Simulation study,Four model-process experiments compared with the complete GEM-MACH configuration,Primarily qualitative spatial/process comparison; no demonstrated Kalman-filter forecast metric,Motivates future covariance/error modelling but does not quantify predictive uncertainty,1,Supports selection of reduced physical processes for a proposed assimilation method. It does not show that the parametric Kalman filter improves forecasts or is operationally viable.,Direct fire-specific evidence,Direct fire-specific simulation/method precursor evidence,"Complete 9-page report supplied by author; identity, opening/closing pages, references, extractability and completeness validated; SHA256 b064ca5b5c7ed36acc460be7d3a80380699978ae1b8d8acdcfe362cd14510625",Author verified — approved 23 Aug 2026,High,Minimum corpus coding reviewed; detailed source-specific fields may remain unreported,https://doi.org/10.1007/978-3-032-02971-3_55
R13835,"Early forest fire detection and verification using optical smoke, gas and microwave sensors",Krüll W.; Tobera R.; Willms I.; Essen H.; Von Wahl N.,2012,Procedia Engineering,10.1016/j.proeng.2012.08.208,Forest fire,Fire-specific interface/source-state evidence,"Early fire detection, false-alarm verification and post-fire monitoring","Remote cameras, UAV and unmanned blimp within an integrated system","Optical smoke, gas, thermal and microwave sensors",Modular multisensor detection and verification architecture,Prototype/experimental integrated fire-management system,System demonstration and component experiments,Technical system description with sensor/component evaluations,Detection/verification capability and component performance reported by the study,"False alarms, large-area coverage and sensor-condition limitations motivate multisensor verification",3,Supports a fire-specific multisensor architecture for early detection and verification; it does not provide calibrated ambient concentration or validated end-to-end health-response evidence.,Fire-specific interface or background evidence,Conditional fire-source/perimeter input,Retrieved full report assessed 2026-08-24; minimum coding prepared from the complete report and with no independent author verification of detailed fields claimed.,Author approved eligibility decision — 2026-08-24,High,Minimum corpus coding prepared; detailed source-specific fields may remain unreported,https://doi.org/10.1016/j.proeng.2012.08.208
R13978,Emerging Trends in Wildfire Detection Through the Lens of Computer Vision and Wildfire Emission Quantification: A Comprehensive Survey,Das K.; Poovvancheri J.; Flesca S.; Roberta Calidonna C.; Chen D.,2026,IEEE Access,10.1109/access.2026.3660843,Wildfire/wildland/forest fire,Fire-specific evidence synthesis,Evidence synthesis; Emissions / source-term estimation; Detection,UAV/drone; Satellite/remote sensing,Fire/emissions inventory,Comprehensive survey of computer-vision wildfire detection and wildfire-emission quantification,Review/evidence synthesis,Review/synthesis,Not fully coded / not reported,Accuracy,"Importantly, the accuracy of emission estimates is tightly coupled with upstream detection and segmentation performance, with uncertainties propagating across the detection–emission pipeline.",N/A,Supports statements about the scope and reported findings of the reviewed literature; it is not independent deployment evidence and cannot establish algorithmic superiority.,Evidence synthesis or guidance,Fire-specific evidence synthesis,AI-assisted extraction from validated full-report text; existing nonblank charting preserved; no independent author verification of detailed fields claimed,Author verified — approved 23 Aug 2026,High,Minimum corpus coding reviewed; detailed source-specific fields may remain unreported,https://doi.org/10.1109/access.2026.3660843
R14150,Evaluating DIY air cleaner variability and potential for post-construction emission of aromatic VOCs during wildfire events,Stinson B.W.; Deters A.L.; Gall E.T.,2024,Indoor Environments,10.1016/j.indenv.2024.100023,Wildfire smoke challenge aerosol,Direct fire-smoke intervention evidence,Exposure mitigation; intervention evaluation,Do-it-yourself Corsi-Rosenthal air cleaners,"Pine-needle smoke, clean-air delivery rate measurements, VOC/BTEX measurements and indoor box modelling",Controlled construction/performance experiment plus indoor pollutant mass-balance modelling,Seven novice-built devices under controlled smoke challenge,Laboratory experiment plus numerical indoor model,Seven independently constructed boxes using common instructions; performance variability and post-construction emissions measured,"CADR 313-396 m3/h, relative standard deviation 7%, BTEX emission rates and modelled concentrations",Observed device variability; no formal generalisation interval,2,Supports controlled performance and practical cautions for this construction protocol. It does not establish population health benefit or field effectiveness across designs and homes.,Direct fire-specific evidence,Direct fire-specific laboratory intervention evidence,Complete report assessed 22 Aug 2026; Bench-tests seven novice-built Corsi-Rosenthal boxes against smoke and models particle/VOC trade-offs.,Author verified — approved 23 Aug 2026,High,Minimum corpus coding reviewed; detailed source-specific fields may remain unreported,https://doi.org/10.1016/j.indenv.2024.100023
R14188,Evaluation of Filtration Efficiency of Various Filter Media in Addressing Wildfire Smoke in Indoor Environments: Importance of Particle Size and Composition,Shirman T.; Shirman E.; Liu S.,2023,Atmosphere,10.3390/atmos14121729,Wildfire/wildland/forest fire,Direct fire-specific evidence,Intervention / decision planning,Not fully coded / not reported,Not fully coded / not reported,Experimental evaluation of filter-media efficiency for wildfire-smoke particles,Controlled filtration experiment,Controlled experiment,Not fully coded / not reported,Not fully coded / not reported,Not fully coded / not reported,2,"Supports only the fire-specific task and evaluation setting described in the report; it does not by itself establish operational readiness, universal superiority, or cross-incident generalisation.",Direct fire-specific evidence,Direct fire-specific evidence,AI-assisted extraction from validated full-report text; existing nonblank charting preserved; no independent author verification of detailed fields claimed,Author verified — approved 23 Aug 2026,Medium,Minimum corpus coding reviewed; detailed source-specific fields may remain unreported,https://doi.org/10.3390/atmos14121729
R14407,Fire emissions modulate wildfire spread through aerosol-meteorology feedbacks: Insights from a novel WRF-Chem/Fire coupled model,He Z.; Luo J.; Li C.; Fan G.; Xu B.; Wang L.; Zeng Z.-C.; Huang D.; Sun Y.; He H.,2026,Atmospheric Environment,10.1016/j.atmosenv.2026.121772,Wildfire smoke/fire-atmosphere interaction,Direct fire-specific evidence,"Coupled fire spread, chemistry and aerosol-meteorology feedback simulation",Novel WRF-Chem/Fire coupled modelling framework,"Modelled emissions, radiation, meteorology and fire-state variables",Coupled numerical simulation with aerosol-species/radiative-feedback sensitivity experiments,Computational case study/preprint,Simulation only,With-fire/no-fire and aerosol/radiative-effect sensitivity experiments,"Rate of spread, burned area, wind, temperature and aerosol/radiation effects",Feedback-mechanism sensitivity explored; observational field validation and generalisation remain limited,1,Supports a simulated mechanism by which aerosol-radiative feedbacks altered fire behaviour in the evaluated configuration; it is a preprint/simulation and does not establish real-world forecast improvement.,Direct fire-specific evidence,Direct fire-specific evidence,Retrieved full report assessed 2026-08-24; minimum coding prepared from the complete report and with no independent author verification of detailed fields claimed.,Author approved eligibility decision — 2026-08-24,High,Minimum corpus coding prepared; detailed source-specific fields may remain unreported,https://doi.org/10.1016/j.atmosenv.2026.121772
R14634,From smoke to fire: A forest fire early warning and risk assessment model fusing multimodal data,Jin P.; Cheng P.; Liu X.; Huang Y.,2025,Engineering Applications of Artificial Intelligence,10.1016/j.engappai.2025.110848,Forest fire/smoke,Fire-specific interface/source-state evidence,Visual smoke detection and fire-risk classification,Multimodal early-warning model,Smoke images fused with environmental/fire-risk factors,MM-SRENet lightweight detector and multimodal risk-fusion network,Offline multimodal-dataset evaluation,Retrospective/offline,"Baseline, ablation and cross-condition evaluation","Detection accuracy, false-positive rate, risk-prediction error and adaptability score","Dataset composition, probabilistic risk labels and real-world deployment limits; performance claims are dataset-bound",2,"Supports multimodal smoke detection and fire-risk classification on the evaluated dataset; it estimates fire risk, not health risk, and does not establish operational generalisation.",Fire-specific interface or background evidence,Conditional fire-source/perimeter input,Retrieved full report assessed 2026-08-24; minimum coding prepared from the complete report and with no independent author verification of detailed fields claimed.,Author approved eligibility decision — 2026-08-24,High,Minimum corpus coding prepared; detailed source-specific fields may remain unreported,https://doi.org/10.1016/j.engappai.2025.110848
R14822,Health risks and mitigation strategies from occupational exposure to wildland fire: a scoping review,Koopmans E.; Cornish K.; Fyfe T.M.; Bailey K.; Pelletier C.A.,2022,Journal of Occupational Medicine and Toxicology,10.1186/s12995-021-00328-w,Wildfire/wildland/forest fire,Fire-specific evidence synthesis,Evidence synthesis; Exposure / health-risk estimation; Intervention / decision planning,Not fully coded / not reported,Not fully coded / not reported,Systematic/scoping review or meta-analysis; Epidemiological/health-impact model,Review/evidence synthesis,Review/synthesis,Systematic/scoping evidence synthesis,Not fully coded / not reported,Not fully coded / not reported,N/A,Supports statements about the scope and reported findings of the reviewed literature; it is not independent deployment evidence and cannot establish algorithmic superiority.,Evidence synthesis or guidance,Fire-specific evidence synthesis,AI-assisted extraction from validated full-report text; existing nonblank charting preserved; no independent author verification of detailed fields claimed,Author verified — approved 23 Aug 2026,High,Minimum corpus coding reviewed; detailed source-specific fields may remain unreported,https://doi.org/10.1186/s12995-021-00328-w
R14960,Identifying Plume Mode via WSR-88D Observations of Wildland Fire Convective Plumes and Proposed Tactical Decision Support Applications,Murdoch G.P.; Gitro C.M.; Lindley T.T.; Mahale V.N.,2019,Journal of Operational Meteorology,10.15191/nwajom.2019.0711,Wildland-fire convective plumes,Direct fire-specific evidence,Plume-mode identification and tactical interpretation,Operational WSR-88D weather radar,Radar reflectivity/velocity signatures of convective fire plumes,Observational plume-mode classification and case analysis,Retrospective wildland-fire radar cases,Field remote sensing,Multi-case observational classification with proposed decision-support applications,"Radar structure, plume-mode characteristics and associated fire behaviour","Case selection, radar geometry and proposed rather than prospectively validated tactical use",2,Supports radar identification of plume modes in the evaluated cases and motivates tactical interpretation; it does not prospectively validate decision benefits or smoke concentration.,Direct fire-specific evidence,Direct fire-specific evidence,Retrieved full report assessed 2026-08-24; minimum coding prepared from the complete report and with no independent author verification of detailed fields claimed.,Author approved eligibility decision — 2026-08-24,High,Minimum corpus coding prepared; detailed source-specific fields may remain unreported,https://doi.org/10.15191/nwajom.2019.0711
R15104,In-cell measurements of smoke backscattering coefficients using a CO 2 laser system for application to lidar-dial forest fire detection,Bellecci C.; Gaudio P.; Gelfusa M.; Lo Feudo T.; Murari A.; Richetta M.; De Leo L.,2010,Optical Engineering,10.1117/1.3526331,Vegetation-fire smoke,Direct fire-specific evidence,Lidar/DIAL smoke-sensor calibration and false-alarm reduction,Laboratory CO2 laser lidar/DIAL measurement system,Smoke backscatter at 10R20 and 10R18 laser lines,In-cell backscattering-coefficient experiments for eucalyptus and conifer smoke,Controlled laboratory combustion experiment,Laboratory experiment,Two-fuel measurement study testing a first-order approximation,Backscattering coefficients and approximation error across combustion rates,Fuel type and laboratory-to-field transfer; approximation validity evaluated down to reported combustion rates,2,Supports laboratory calibration/approximation claims for the tested fuels and laser lines; it does not demonstrate field detection performance or pollutant concentration mapping.,Direct fire-specific evidence,Direct fire-specific evidence,Retrieved full report assessed 2026-08-24; minimum coding prepared from the complete report and with no independent author verification of detailed fields claimed.,Author approved eligibility decision — 2026-08-24,High,Minimum corpus coding prepared; detailed source-specific fields may remain unreported,https://doi.org/10.1117/1.3526331
R15181,Insights into the aging of biomass burning aerosol from satellite observations and 3D atmospheric modeling: Evolution of the aerosol optical properties in Siberian wildfire plumes,Konovalov I.B.; Golovushkin N.A.; Beekmann M.; Andreae M.O.,2021,Atmospheric Chemistry and Physics,10.5194/acp-21-357-2021,Wildfire/wildland/forest fire,Direct fire-specific evidence,Forecasting / simulation; Concentration mapping / monitoring,Satellite/remote sensing,Not fully coded / not reported,Not fully coded / not reported,Retrospective observational or computational evaluation,Field data/retrospective,Not fully coded / not reported,Not fully coded / not reported,Not fully coded / not reported,2,"Supports only the fire-specific task and evaluation setting described in the report; it does not by itself establish operational readiness, universal superiority, or cross-incident generalisation.",Direct fire-specific evidence,Direct fire-specific evidence,AI-assisted extraction from validated full-report text; existing nonblank charting preserved; no independent author verification of detailed fields claimed,Author verified — approved 23 Aug 2026,Medium,Minimum corpus coding reviewed; detailed source-specific fields may remain unreported,https://doi.org/10.5194/acp-21-357-2021
R15368,Learning to live with smoke: characterizing wildland fire and prescribed fire smoke risk communication in rural Washington,D’Evelyn S.M.; Wood L.M.; Desautel C.; Errett N.A.; Ray K.; Spector J.T.; Alvarado E.,2023,Environmental Research: Health,10.1088/2752-5309/acdbe3,Prescribed fire; Wildfire/wildland/forest fire,Direct fire-specific evidence,Intervention / decision planning; Concentration mapping / monitoring,Not fully coded / not reported,Not fully coded / not reported,Qualitative wildfire- and prescribed-fire smoke risk-communication study,Rural Washington community/stakeholder study,Field qualitative study,Not fully coded / not reported,Not fully coded / not reported,Not fully coded / not reported,2,"Supports only the fire-specific task and evaluation setting described in the report; it does not by itself establish operational readiness, universal superiority, or cross-incident generalisation.",Direct fire-specific evidence,Direct fire-specific evidence,AI-assisted extraction from validated full-report text; existing nonblank charting preserved; no independent author verification of detailed fields claimed,Author verified — approved 23 Aug 2026,Medium,Minimum corpus coding reviewed; detailed source-specific fields may remain unreported,https://doi.org/10.1088/2752-5309/acdbe3
R15384,Lidar Optical and Microphysical Characterization of Tropospheric and Stratospheric Fire Smoke Layers Due to Canadian Wildfires Passing over Naples (Italy),Damiano R.; Amoruso S.; Sannino A.; Boselli A.,2024,Remote Sensing,10.3390/rs16030538,Wildfire/wildland/forest fire,Direct fire-specific evidence,Concentration mapping / monitoring,Fixed ground monitoring,Lidar,Remote-sensing retrieval/inversion,Retrospective observational or computational evaluation,Field data/retrospective,Not fully coded / not reported,Not fully coded / not reported,Not fully coded / not reported,2,"Supports only the fire-specific task and evaluation setting described in the report; it does not by itself establish operational readiness, universal superiority, or cross-incident generalisation.",Direct fire-specific evidence,Direct fire-specific evidence,AI-assisted extraction from validated full-report text; existing nonblank charting preserved; no independent author verification of detailed fields claimed,Author verified — approved 23 Aug 2026,High,Minimum corpus coding reviewed; detailed source-specific fields may remain unreported,https://doi.org/10.3390/rs16030538
R15624,Modeling smoke-driven evacuation routes during wildfires: Architecture and implementation of the s-ERP system,Oikonomou P.; Boulougaris G.; Kolomvatsos K.,2025,Environmental Challenges,10.1016/j.envc.2025.101307,Wildfire/wildland fire,Fire-specific,Forecasting / simulation; Intervention / decision support,Web-based decision-support system,"Synthetic/externally supplied fire, weather, road and evacuation data",Gaussian plume dispersion plus dynamic safe-route and departure-time optimization,Experimental simulated wildfire/smoke scenarios,Simulation/software evaluation,Scenario experiments comparing smoke-aware and conventional routes,"Route computation time, route reliability and modeled smoke exposure reduction",No probabilistic uncertainty propagation; model and input limitations discussed,1,"Supports software feasibility and simulated smoke-aware routing; it does not establish real evacuation outcomes, high-fidelity plume accuracy, or operational deployment.",Direct fire-specific evidence,Direct fire-specific simulation evidence,Full report text extracted and AI-assisted detailed charting proposal; no independent author verification of detailed fields claimed,Author verified — approved 23 Aug 2026,High,Minimum corpus coding reviewed; detailed source-specific fields may remain unreported,https://doi.org/10.1016/j.envc.2025.101307
R15639,Modelling daily fine particulate matter (PM2.5) and wildfire effects using machine learning and deep learning in a cold urban region,Wang Y.; Delavar M.A.; Wang J.,2026,Atmospheric Pollution Research,10.1016/j.apr.2026.103099,Wildfire smoke affecting urban PM2.5,Direct wildfire-influenced ambient PM2.5 evidence,PM2.5 prediction; exposure support; comparative modelling,Fixed ambient monitoring stations with wildfire and meteorological covariates,"Daily PM2.5, weather, wildfire burned area, distance and wind variables at three Alberta sites","Random forest, LSTM and XGBoost with temporal train/test periods and SHAP interpretation","Edmonton/St. Albert, Alberta, 2010-2024 with major 2019 and 2023 fire-smoke peaks",Retrospective multi-site field-data modelling,"Chronological training/testing at three sites, residual analysis and model comparison","Testing averages: XGBoost R2 0.76/RMSE 8.53, RF R2 0.75/RMSE 8.65, LSTM R2 0.27/RMSE 13.47; site-specific variation substantial",Residual/failure analysis but no calibrated predictive intervals,2,Supports context-dependent comparative performance and exposes extreme-event failure. It directly argues against claiming a universally superior model family.,Direct fire-specific evidence,Direct fire-relevant comparative field-data modelling,"Complete report assessed 22 Aug 2026; Compares RF, LSTM and XGBoost using three Alberta monitoring sites and explicitly evaluates failure during wildfire-driven PM2.5 extremes.",Author verified — approved 23 Aug 2026,High,Minimum corpus coding reviewed; detailed source-specific fields may remain unreported,https://doi.org/10.1016/j.apr.2026.103099
R15807,Numerical Simulation and Mechanism Analysis of the Impact of Wildfire Smoke in Eastern Siberia on Surface Ozone in Northeast China in July 2014; [2014年7月西伯利亚东部野火烟雾影响中国东北地表臭氧的数值模拟及机制分析],Jiang X.; Shi C.; Yu Y.; Rao J.,2026,Chinese Journal of Atmospheric Sciences,10.3878/j.issn.1006-9895.2503.24132,Wildfire/wildland/forest fire,Direct fire-specific evidence,Forecasting / simulation,Simulation/model only,Gas sensors/measurements; Meteorology/reanalysis,Not fully coded / not reported,Simulation/computational experiment,Simulation/computational,Not fully coded / not reported,Not fully coded / not reported,Not fully coded / not reported,1,"Supports only the fire-specific task and evaluation setting described in the report; it does not by itself establish operational readiness, universal superiority, or cross-incident generalisation.",Direct fire-specific evidence,Direct fire-specific evidence,AI-assisted extraction from validated full-report text; existing nonblank charting preserved; no independent author verification of detailed fields claimed,Author verified — approved 23 Aug 2026,High,Minimum corpus coding reviewed; detailed source-specific fields may remain unreported,https://doi.org/10.3878/j.issn.1006-9895.2503.24132
R16117,Preliminary results from a survey of U.S. Forest Service wildfire managers' attitudes toward aviation personnel exposure and risk,Wibbenmeyer M.; Hand M.; Calkin D.,2012,USDA Forest Service - Research Note RMRS-RN,,Wildfire/wildland fire,Fire-specific but not plume-specific,Governance / equity; Intervention / decision support,Web-based survey and hypothetical decision experiment,"Invitations to 1,934 U.S. Forest Service/DOI managers; 1,197 partial responses and 1,073 lottery completions","Manager attitude survey, paired fire-management lotteries and risk-framing analysis",U.S. wildfire management workforce,Operational population survey with hypothetical scenarios,"Pretested instrument, response/nonresponse follow-up, descriptive and experimental comparisons","Response rate 55.5%, attitude proportions and lottery-choice effects",Risk/uncertainty is the study topic; nonresponse and hypothetical-choice limitations discussed,N/A,Supports human-factors and risk-presentation requirements for wildfire decision support; it is not smoke-specific and does not evaluate an AI or autonomous system.,Fire-specific interface or background evidence,Fire-specific governance/human-factors evidence,Full report text extracted and AI-assisted detailed charting proposal; no independent author verification of detailed fields claimed,Author verified — approved 23 Aug 2026,High,Minimum corpus coding reviewed; detailed source-specific fields may remain unreported,
R16203,Protection Through Connection: Community Wildfire Smoke Risk Perceptions and Communication Channels,Chalgren L.; Anderson A.A.; Abrams K.M.; Bice C.; Guajardo M.; Magzamen S.; Pierce J.R.; Fischer E.V.,2026,Climate Resilience and Sustainability,10.1002/cli2.70052,Wildfire smoke,Direct wildfire-smoke community evidence,Risk communication; protective action; governance / equity,Community communication networks,Semi-structured interviews in Spanish and English across eight manufactured-home communities,Reflexive deductive thematic analysis using protection-motivation and communicative-ecology frameworks,Colorado Front Range manufactured-home communities,Field qualitative study,Cross-sectional convenience and snowball sample; team-reviewed thematic coding,"Qualitative themes on threat, efficacy, response costs and information channels",Reflexivity and team review; no statistical uncertainty,2,"Supports design requirements for equitable, trusted and feasible wildfire-smoke communication. It does not demonstrate that a specific AI alert or governance mechanism changes behaviour.",Fire-specific interface or background evidence,Direct fire-specific governance and human-interface evidence,"Complete report assessed 22 Aug 2026; Examines wildfire-smoke risk perceptions, protective-action barriers and trusted communication channels across eight manufactured-home communities.",Author verified — approved 23 Aug 2026,High,Minimum corpus coding reviewed; detailed source-specific fields may remain unreported,https://doi.org/10.1002/cli2.70052
R16315,Recent Development of Environment Canada’s FireWork Wildfire Air Quality Forecast System and Operational Analysis for the 2023 Fire Season,Chen J.; Makar P.; Gong W.; Anderson K.; Englefield P.; Cholette M.; Milbrandt J.,2026,Springer Proceedings in Complexity,10.1007/978-3-032-02971-3_54,Wildfire smoke,Direct fire-specific operational system and event evidence,Forecasting / simulation; decision support,Environment and Climate Change Canada RAQDPS-FireWork,"Near-real-time CFFEPS emissions, meteorology, surface air-quality networks, satellite/fire data, and public-alert products",Operational chemical-weather forecasts with a research two-way aerosol-radiation feedback configuration,Canadian 2023 wildfire season,Operational deployment with retrospective event evaluation and research sensitivity run,Observed episode timing/concentration comparisons across forecast lead days plus coupled-feedback sensitivity analysis,"Episode timing, correlation/bias and temperature-response comparisons; reported temperature reductions up to about 2 degrees C in the coupled configuration",Deterministic forecasts; persistence and emissions assumptions discussed but no calibrated intervals,4,Supports operational use and documented limitations of FireWork during 2023. It does not establish universal concentration accuracy or operational benefit of the research feedback configuration.,Direct fire-specific evidence,Direct fire-specific operational system evidence,"Complete 9-page report supplied by author; identity, opening/closing pages, references, extractability and completeness validated; SHA256 26fe0d3ed91b266afdcc6063145908ba164963683e67e69399ed91a31795a208",Author verified — approved 23 Aug 2026,High,Minimum corpus coding reviewed; detailed source-specific fields may remain unreported,https://doi.org/10.1007/978-3-032-02971-3_54
R16944,"Temporal shifts in sources and composition of particulate metals in an environmental justice community: Impacts of continued emission reductions, COVID-19, and wildfires",Sowlat M.H.; Hasheminassab S.; Grant B.; Pakbin P.; Low J.; Polidori A.,2024,Atmospheric Environment,10.1016/j.atmosenv.2024.120760,Wildfire smoke,Direct wildfire-smoke event evidence embedded in a broader ambient-pollution study,Concentration mapping / monitoring; exposure characterisation; governance / equity,Fixed high-time-resolution particulate-metals monitoring,"Hourly Xact 625 particulate-metals measurements, PM mass, regional Chemical Speciation Network data, meteorology, and 2017-2020 records",Longitudinal composition analysis and positive matrix factorisation/source apportionment,"Paramount, California environmental-justice community, including September 2020 wildfire smoke",Field observational study,Multi-year hourly monitoring with event comparisons and regional corroboration,"Approximately four-fold regional PM mass increase and elevated Ba, Ca, Mn, K and other elements during the wildfire period",Source-factor and temporal comparisons; no causal or predictive uncertainty model,2,"Supports event-specific ambient composition and exposure evidence in the sampled community. It does not establish causal health effects, definitive wildfire source attribution for every metal, or system-level governance effectiveness.",Direct fire-specific evidence,Direct fire-specific field exposure/composition evidence within a broader longitudinal study,"Complete 9-page report supplied by author; identity, opening/closing pages, references, extractability and completeness validated; SHA256 0a56945ca886097762f8a09ed8842c186e2b8d2d4c06010f02e8ea3138fd4c1f",Author verified — approved 23 Aug 2026,High,Minimum corpus coding reviewed; detailed source-specific fields may remain unreported,https://doi.org/10.1016/j.atmosenv.2024.120760
R17341,Toward an AI-Powered Software Pipeline for Real-Time Tracking and Analysis of Wildfire and Smoke,Wang Y.; Wang T.; Rajpurohit V.; Konar D.; Das A.K.,2026,IEEE Access,10.1109/access.2026.3677793,Wildfire/wildland/forest fire,Fire-specific interface evidence,Source localisation / boundary tracking,Not fully coded / not reported,Not fully coded / not reported,"YOLO-based fire detection with fire/smoke segmentation, optical-flow tracking and behaviour-metric estimation",Offline in-domain and cross-dataset aerial-video evaluation,Retrospective/offline computational evaluation,FLAME and iStockFire evaluation with threshold transfer under domain shift plus fixed-workload latency and CPU/GPU energy measurements,ROC-AUC; PR-AUC; precision; recall; F1; processing latency; CPU/GPU energy; tracking-oriented localisation performance,Not fully coded / not reported,1,"Supports fire/smoke detection, localisation, or source/perimeter inputs only; it does not validate ambient concentration mapping, exposure estimation, health-risk prediction, or operational deployment of the end-to-end pipeline.",Fire-specific interface or background evidence,Fire-specific smoke-detection evidence (non-concentration),AI-assisted extraction from validated full-report text; existing nonblank charting preserved; no independent author verification of detailed fields claimed,Author verified — approved 23 Aug 2026,Medium,Minimum corpus coding reviewed; detailed source-specific fields may remain unreported,https://doi.org/10.1109/access.2026.3677793
R17507,"Use of an eye-safe, portable lidar for remote wildland fire and smoke detection",Parker M.J.; Holton C.E.,2005,"85th AMS Annual Meeting, American Meteorological Society - Combined Preprints",,Wildland-fire smoke,Direct fire-specific evidence,Remote smoke detection and plume-velocity characterisation,Portable eye-safe Doppler lidar,Backscatter intensity and Doppler velocity from smoke particles,Field lidar observations of small fires/smoke,Short field-test report,Controlled field observations,Portable-lidar detection and upwelling-motion demonstration,"Detection distance, intensity and vertical/upwelling velocity","Short report, small fires, limited range and weather/visibility dependence",3,Supports remote detection to the reported range and plume-motion measurement in the field tests; it does not validate pollutant concentrations or large-incident performance.,Direct fire-specific evidence,Direct fire-specific evidence,Retrieved full report assessed 2026-08-24; minimum coding prepared from the complete report and with no independent author verification of detailed fields claimed.,Author approved eligibility decision — 2026-08-24,High,Minimum corpus coding prepared; detailed source-specific fields may remain unreported,
R17731,Wildfire Fire-Smoke Detection in UAV Imagery via Scale-Guided Feature Routing and Uncertainty-Aware Localization,Wu L.,2026,IEEE Access,10.1109/access.2026.3706370,Wildfire/wildland/forest fire,Fire-specific interface evidence,Concentration mapping / monitoring; Source localisation / boundary tracking; Detection,UAV/drone,Not fully coded / not reported,WFSDet scale-aware YOLO11 extension with scale-guided feature routing and uncertainty-aware localization,Offline multi-dataset evaluation with edge-device inference test,Retrospective/offline,Not fully coded / not reported,Accuracy,Sample-level scale uncertainty is estimated during training to adaptively weight localization loss; no calibrated predictive uncertainty intervals are reported,1,"Supports fire/smoke detection, localisation, or source/perimeter inputs only; it does not validate ambient concentration mapping, exposure estimation, health-risk prediction, or operational deployment of the end-to-end pipeline.",Fire-specific interface or background evidence,Fire-specific smoke-detection evidence (non-concentration),AI-assisted extraction from validated full-report text; existing nonblank charting preserved; no independent author verification of detailed fields claimed,Author verified — approved 23 Aug 2026,High,Minimum corpus coding reviewed; detailed source-specific fields may remain unreported,https://doi.org/10.1109/access.2026.3706370
R17774,Wildfire Smoke Clean Air Centers: Identifying Barriers and Opportunities for Improvement from California Practitioner and Community Perspectives,Treves R.J.; Liu E.; Fischer S.L.; Rodriguez E.; Wong-Parodi G.,2023,Society and Natural Resources,10.1080/08941920.2022.2113487,Wildfire smoke,Direct fire-specific evidence,"Clean-air-centre access, equity and intervention design",California clean-air centres and community/public-health systems,Practitioner and smoke-vulnerable community interviews,Qualitative thematic analysis,California practitioner and community perspectives,Empirical qualitative field study,Exploratory interviews comparing practitioner and community perspectives,"Qualitative themes, barriers and opportunities rather than predictive metrics","Purposive sampling, transferability and differences between stakeholder groups",3,Supports identified barriers and design opportunities for California clean-air centres from the interviewed groups; it does not quantify intervention effectiveness or represent all communities.,Direct fire-specific evidence,Direct fire-specific evidence,Retrieved full report assessed 2026-08-24; minimum coding prepared from the complete report and with no independent author verification of detailed fields claimed.,Author approved eligibility decision — 2026-08-24,High,Minimum corpus coding prepared; detailed source-specific fields may remain unreported,https://doi.org/10.1080/08941920.2022.2113487
R17899,Global Monitoring and Forecasting of Biomass-Burning Smoke: Description of and Lessons From the Fire Locating and Modeling of Burning Emissions (FLAMBE) Program,J. S. Reid; E. J. Hyer; E. M. Prins; D. L. Westphal; J. Zhang; J. Wang; S. A. Christopher; C. A. Curtis; C. C. Schmidt; D. P. Eleuterio; K. A. Richardson; J. P. Hoffman,2009,IEEE Journal of Selected Topics in Applied Earth Observations and Remote Sensing,10.1109/jstars.2009.2027443,Global biomass-burning smoke,Direct fire-specific evidence,"Near-real-time fire emissions, smoke monitoring and aerosol forecasting",FLAMBE fire products coupled to the operational NAAPS transport model,"GOES/WF_ABBA and MODIS active fires, AERONET AOD and satellite aerosol observations","Operational fire-emissions processing, aerosol transport modelling and data assimilation",Multi-year global programme description and regional event evaluations,Operational forecasting evaluated with observations,System description with case and site-level model-observation comparisons,"AOD correlations, bias/event correspondence and seven-day forecast behaviour","Fire detection, cloud screening, source strength, model resolution and assimilation limitations discussed",4,Supports the reported FLAMBE/NAAPS operational workflow and evaluated smoke-AOD performance; heterogeneous events and products do not establish universally accurate smoke forecasts.,Direct fire-specific evidence,Direct fire-specific evidence,Retrieved full report assessed 2026-08-24; minimum coding prepared from the complete report and with no independent author verification of detailed fields claimed.,Author approved eligibility decision — 2026-08-24,High,Minimum corpus coding prepared; detailed source-specific fields may remain unreported,https://doi.org/10.1109/jstars.2009.2027443
R17915,Use of satellite data for monitoring fire events in Poland,A. Hoscilo; K. Turlej,2014,2014 IEEE Geoscience and Remote Sensing Symposium,10.1109/igarss.2014.6946552,Landscape and forest fires,Fire-specific interface/source-state evidence,"Active-fire monitoring, burned-area mapping and fire-intensity assessment",Multi-satellite monitoring over Poland,"MODIS, NOAA and ATSR active-fire/burned-area products and fire radiative power",Retrospective multi-product spatiotemporal analysis,"Poland, 2001-2013",Satellite observations,National multi-year descriptive evaluation,"Fire counts, seasonality, land-cover distribution and FRP","Detection thresholds, overpass frequency and small-fire omission",2,Supports satellite characterisation of fire occurrence and intensity in Poland for 2001-2013; it is a source-state input and does not validate smoke concentrations.,Fire-specific interface or background evidence,Conditional fire-source/perimeter input,Retrieved full report assessed 2026-08-24; minimum coding prepared from the complete report and with no independent author verification of detailed fields claimed.,Author approved eligibility decision — 2026-08-24,High,Minimum corpus coding prepared; detailed source-specific fields may remain unreported,https://doi.org/10.1109/igarss.2014.6946552
R17916,"Atmospheric releases during the 2003 glacier wildfires: Mapping, analysis and modeling",G. Manca; G. Cervone; K. C. Clarke,2012,2012 IEEE International Geoscience and Remote Sensing Symposium,10.1109/igarss.2012.6352396,2003 Glacier National Park wildfires,Direct fire-specific evidence,Fire-spread simulation and atmospheric aerosol/dimming analysis,"GIS, Clarke cellular-automaton model, MODIS and TOMS","Burned area, aerosol optical depth and aerosol index",Fire-model validation and satellite aerosol association analysis,Retrospective 2003 Glacier wildfire case,Satellite observations plus modelling,Case-study model-map comparison and fire-aerosol association,"Spatial agreement/crosstabulation, AOD and aerosol-index changes",Fire model lacked atmospheric transport; association did not establish a coupled forecast,2,Supports the reported fire-map agreement and coincident aerosol/dimming patterns for the 2003 case; it does not validate an integrated fire-atmosphere prediction system.,Direct fire-specific evidence,Direct fire-specific evidence,Retrieved full report assessed 2026-08-24; minimum coding prepared from the complete report and with no independent author verification of detailed fields claimed.,Author approved eligibility decision — 2026-08-24,High,Minimum corpus coding prepared; detailed source-specific fields may remain unreported,https://doi.org/10.1109/igarss.2012.6352396
R17925,Injection Heights of Biomass Burning Debris Estimated From WSR-88D Radar Observations,T. A. Jones; S. A. Christopher,2009,IEEE Transactions on Geoscience and Remote Sensing,10.1109/tgrs.2009.2014225,Biomass-burning/wildland-fire plumes,Direct fire-specific evidence,Plume injection-height estimation,Operational WSR-88D Doppler radar,Radar-observed biomass-burning debris used as a smoke-height surrogate,Radar vertical-profile and injection-height analysis,"Southern Georgia fires, May 2007",Field remote sensing,Thirty-two-hour multi-fire observational case analysis,Mean/maximum injection height and diurnal vertical behaviour,Radar detects debris rather than submicrometre smoke; co-location is a surrogate assumption,2,Supports radar-derived debris-height estimates for the evaluated fires; debris height is only a proxy for aerosol injection and does not validate concentration forecasts.,Direct fire-specific evidence,Direct fire-specific evidence,Retrieved full report assessed 2026-08-24; minimum coding prepared from the complete report and with no independent author verification of detailed fields claimed.,Author approved eligibility decision — 2026-08-24,High,Minimum corpus coding prepared; detailed source-specific fields may remain unreported,https://doi.org/10.1109/tgrs.2009.2014225
R17929,Estimation of Biomass Burned Areas Using Multiple-Satellite-Observed Active Fires,X. Zhang; S. Kondragunta; B. Quayle,2011,IEEE Transactions on Geoscience and Remote Sensing,10.1109/tgrs.2011.2149535,Biomass burning and wildland fire,Fire-specific interface/source-state evidence,Burned-area estimation for fire-emissions inventories,"GOES, AVHRR, MODIS and Landsat/National Fire Inventory validation",Multi-satellite active-fire detections and burn scars,Active-fire blending and event-area reconstruction algorithm,"Contiguous United States, 2004-2007",Satellite observations plus algorithmic estimation,Validation against Landsat burn scars and national inventory records,"Detection rate, burned area and event-size-stratified agreement","Small/low-severity fire omission, geolocation and commission errors",2,Supports multi-satellite burned-area estimation in the evaluated US data; burned area is an emissions/source input rather than direct smoke or exposure evidence.,Fire-specific interface or background evidence,Conditional fire-source/perimeter input,Retrieved full report assessed 2026-08-24; minimum coding prepared from the complete report and with no independent author verification of detailed fields claimed.,Author approved eligibility decision — 2026-08-24,High,Minimum corpus coding prepared; detailed source-specific fields may remain unreported,https://doi.org/10.1109/tgrs.2011.2149535
R17957,Blue reflectances contrast of MODIS imagery: Implication for dust and biomass burned smoke detection,R. Liu; Y. Liu,2010,2010 IEEE International Geoscience and Remote Sensing Symposium,10.1109/igarss.2010.5654093,Biomass-burning smoke and dust,Direct fire-specific evidence,Heavy-smoke discrimination in satellite imagery,MODIS satellite remote sensing,Apparent reflectance contrast between 415 and 469 nm bands,Blue-reflectance-difference threshold/statistical analysis,"Retrospective China/global smoke and dust examples, 2000-2008",Satellite observations,Two-page conference algorithm demonstration,Reflectance contrast and qualitative consistency with aerosol thickness,"Heavy-aerosol focus, smoke/dust separation and limited quantitative validation",2,Supports a simple MODIS blue-band discriminator for the evaluated heavy-smoke/dust scenes; it does not provide concentration calibration or broad validation.,Direct fire-specific evidence,Direct fire-specific evidence,Retrieved full report assessed 2026-08-24; minimum coding prepared from the complete report and with no independent author verification of detailed fields claimed.,Author approved eligibility decision — 2026-08-24,High,Minimum corpus coding prepared; detailed source-specific fields may remain unreported,https://doi.org/10.1109/igarss.2010.5654093
R17958,A new algorithm for temperature and spectral emissivity retrieval over active fires in the TIR spectral range,A. Barducci; D. Guzzi; P. Marcoionni; I. Pippi,2004,IEEE Transactions on Geoscience and Remote Sensing,10.1109/tgrs.2004.826785,Active wildland fire,Fire-specific interface/source-state evidence,"Fire temperature, emissivity and sub-pixel property retrieval",Airborne hyperspectral thermal remote sensing,MIVIS thermal-infrared and shortwave-infrared imagery,Similar-pixel-addition temperature-emissivity separation algorithm,Natural-fire/active-hot-target imagery in Northern Italy,Airborne observations plus retrieval experiments,Comparison with two alternative temperature-retrieval algorithms,Retrieved temperature/emissivity and algorithm agreement/error,Slow spatial emissivity-variation assumption and mixed-pixel effects,2,"Supports active-fire thermal-property retrieval on the evaluated hyperspectral data; these are source-state variables, not plume concentration or health-risk estimates.",Fire-specific interface or background evidence,Conditional fire-source/perimeter input,Retrieved full report assessed 2026-08-24; minimum coding prepared from the complete report and with no independent author verification of detailed fields claimed.,Author approved eligibility decision — 2026-08-24,High,Minimum corpus coding prepared; detailed source-specific fields may remain unreported,https://doi.org/10.1109/tgrs.2004.826785
R17973,Weather and bushfire observation using low cost X-band phased array radars,R. A. Palumbo; W. A. Al-Ashwal; B. Ferguson; C. McCarroll; D. J. McLaughlin,2013,2013 International Conference on Radar,10.1109/radar.2013.6652004,Bushfire,Fire-specific interface/source-state evidence,Low-cost radar observation of weather and fire signatures,X-band phase-tilt radar and proposed distributed network,Radar reflectivity/velocity observations,Radar-system development and preliminary field studies,Australian prototype and field demonstrations,Field/prototype evidence,Technical system description with initial weather/bushfire observations,"Radar sensitivity, scanning and observed signatures reported by the study",Preliminary single-radar evidence; coordinated network remained future work,3,Supports preliminary low-cost X-band observation of bushfire/weather phenomena; it does not demonstrate a validated radar network or smoke-concentration retrieval.,Fire-specific interface or background evidence,Conditional fire-source/perimeter input,Retrieved full report assessed 2026-08-24; minimum coding prepared from the complete report and with no independent author verification of detailed fields claimed.,Author approved eligibility decision — 2026-08-24,High,Minimum corpus coding prepared; detailed source-specific fields may remain unreported,https://doi.org/10.1109/radar.2013.6652004
R17991,Firemappertm: a thermal-imaging radiometer for wildfire research and operations,P. J. Riggan; J. W. Hoffman,2003,2003 IEEE Aerospace Conference Proceedings (Cat. No.03TH8652),10.1109/aero.2003.1235114,Wildland fire,Fire-specific interface/source-state evidence,"Airborne mapping of fire progress, intensity and flame properties",Manned-aircraft FireMapper thermal-imaging radiometer,Calibrated three-channel microbolometer thermal imagery,Airborne calibrated thermal imaging and fire-property retrieval,Airborne wildfire trials,Field remote sensing,Instrument calibration and flight-demonstration report,"Radiometric linearity, fire temperature/area/radiant-flux products and mapped progression","Saturation, mixed pixels, atmospheric correction and early prototype limitations",3,Supports calibrated airborne thermal mapping in the reported trials; it supplies fire-source state rather than smoke concentration or automated health-response evidence.,Fire-specific interface or background evidence,Conditional fire-source/perimeter input,Retrieved full report assessed 2026-08-24; minimum coding prepared from the complete report and with no independent author verification of detailed fields claimed.,Author approved eligibility decision — 2026-08-24,High,Minimum corpus coding prepared; detailed source-specific fields may remain unreported,https://doi.org/10.1109/aero.2003.1235114
R17996,Estimating fire properties by remote sensing,P. J. Riggan; J. W. Hoffman; J. A. Brass,2000,2000 IEEE Aerospace Conference. Proceedings (Cat. No.00TH8484),10.1109/aero.2000.879845,Wildland and agricultural fire,Fire-specific interface/source-state evidence,"Sub-pixel flame temperature, area and radiative-energy estimation",Simulated satellite/airborne multispectral remote sensing,"Concurrent radiances near 1.6, 3.9 and 12 micrometres",Synthetic-pixel inversion based on high-resolution observed fire data,Remote-sensing simulation and measurement-design study,Observed fire data plus simulation,Spectral-configuration sensitivity experiments,"Temperature, fractional area and radiant-energy retrieval error","Sub-pixel mixing, background and assumed spectral configuration",2,Supports the evaluated spectral combination for estimating active-fire properties; it does not validate operational emissions or smoke forecasting.,Fire-specific interface or background evidence,Conditional fire-source/perimeter input,Retrieved full report assessed 2026-08-24; minimum coding prepared from the complete report and with no independent author verification of detailed fields claimed.,Author approved eligibility decision — 2026-08-24,High,Minimum corpus coding prepared; detailed source-specific fields may remain unreported,https://doi.org/10.1109/aero.2000.879845
R18020,Capability of Vertical Information of Biomass Burning Aerosol Plumes from SGLI’s Simultaneous Observations with Radiance and Polarization,M. Nakata; S. Mukai,2023,IGARSS 2023 - 2023 IEEE International Geoscience and Remote Sensing Symposium,10.1109/igarss52108.2023.10282749,2019 Sumatra biomass-burning smoke,Direct fire-specific evidence,Vertical aerosol-plume information from radiance and polarisation,GCOM-C/SGLI and regional chemical-transport modelling,SGLI radiance/polarised radiance and modelled altitude-specific black carbon,Cross-comparison of satellite radiance/polarisation with vertical model distributions,September 2019 Sumatra wildfire-smoke case,Satellite observations plus modelling,Four-page conference case study,Spatial correspondence between radiance/polarisation and integrated/upper-layer aerosols,Single-event/model dependence and qualitative vertical inference,2,Supports the reported sensitivity of SGLI polarisation to upper-layer smoke in one Sumatra event; it is not a direct plume-height or concentration validation.,Direct fire-specific evidence,Direct fire-specific evidence,Retrieved full report assessed 2026-08-24; minimum coding prepared from the complete report and with no independent author verification of detailed fields claimed.,Author approved eligibility decision — 2026-08-24,High,Minimum corpus coding prepared; detailed source-specific fields may remain unreported,https://doi.org/10.1109/igarss52108.2023.10282749
R18025,Firebird― Small Satellites for Wild Fire Assessment,W. Halle; S. Asam; E. Borg; C. Fischer; O. Frauenberger; E. Lorenz; D. Klein; M. Nolde; C. Paproth; S. Plank; R. Richter; T. Sduberlich; A. Soszynska; C. Strobl,2018,IGARSS 2018 - 2018 IEEE International Geoscience and Remote Sensing Symposium,10.1109/igarss.2018.8519246,Wildfire,Fire-specific interface/source-state evidence,Satellite active-fire detection and fire-property products,FireBIRD TET-1 and BIROS small-satellite constellation,"MWIR, LWIR and red-band imagery","Bi-spectral detection and processing chain for fire size, FRP and temperature",Operational-mission product demonstrations and large-fire cases,Satellite observations,System/product description with cross-validation examples,"Geolocation, fire size, fire radiative power and temperature products","Revisit time, FRP algorithm and cross-sensor validation needs",4,Supports FireBIRD active-fire products and identified quality limitations; the products are source-state inputs and do not independently validate smoke impacts.,Fire-specific interface or background evidence,Conditional fire-source/perimeter input,Retrieved full report assessed 2026-08-24; minimum coding prepared from the complete report and with no independent author verification of detailed fields claimed.,Author approved eligibility decision — 2026-08-24,High,Minimum corpus coding prepared; detailed source-specific fields may remain unreported,https://doi.org/10.1109/igarss.2018.8519246
R18027,UAV based smoke plume detection system controlled via the short message service through the GSM network,P. Ramanatha; U. R. Nelakuditi; S. Ravishankar; V. Ranganathan,2016,2016 International Conference on Inventive Computation Technologies (ICICT),10.1109/inventive.2016.7824825,Forest-fire smoke,Direct fire-specific evidence,UAV smoke-plume detection and SMS alerting,Hexacopter with GSM/GPS communication,MQ-2/MQ-series smoke/gas sensing and waypoint/GPS data,Threshold-based airborne smoke detection and automated SMS notification,Prototype/preliminary experiments,Prototype testing,Four-page system demonstration,Preliminary detection and alert transmission results,"GPS/coverage dependence, fixed waypoints, endurance and limited validation",2,"Supports feasibility of the reported UAV-to-SMS smoke alert prototype; it does not establish concentration accuracy, false-alarm performance or deployment reliability.",Direct fire-specific evidence,Direct fire-specific evidence,Retrieved full report assessed 2026-08-24; minimum coding prepared from the complete report and with no independent author verification of detailed fields claimed.,Author approved eligibility decision — 2026-08-24,High,Minimum corpus coding prepared; detailed source-specific fields may remain unreported,https://doi.org/10.1109/inventive.2016.7824825
R18046,Discrimination of Biomass-Burning Smoke From Clouds Over the Ocean Using MODIS Measurements,Q. Wang; Y. Lu; C. Hu; Y. Hu; M. Zhang; J. Jiao; J. Xiong; Y. Liu; Z. Zhang,2022,IEEE Transactions on Geoscience and Remote Sensing,10.1109/tgrs.2021.3084042,California wildfire smoke over ocean,Direct fire-specific evidence,Smoke-cloud discrimination and relative smoke-concentration mapping,MODIS satellite remote sensing,Multi-band reflectance and water-vapour-sensitive channels,Spectral cloud/smoke discrimination and relative-concentration retrieval,November 2018 California fire-smoke transport over the Pacific,Satellite observations,Event-based algorithm development and validation,Classification/retrieval performance and relative plume concentration patterns,"Ocean-only evaluation, cloud type, aerosol optical properties and relative rather than calibrated concentration",2,Supports MODIS smoke-cloud discrimination and relative plume mapping over ocean for the evaluated event; it does not provide surface pollutant concentration.,Direct fire-specific evidence,Direct fire-specific evidence,Retrieved full report assessed 2026-08-24; minimum coding prepared from the complete report and with no independent author verification of detailed fields claimed.,Author approved eligibility decision — 2026-08-24,High,Minimum corpus coding prepared; detailed source-specific fields may remain unreported,https://doi.org/10.1109/tgrs.2021.3084042
R18067,Using Deep Learning for Spatial and Temporal Analysis of Wildfire Start and Progression,P. Muthukumar; J. Kalra; S. Pathak; D. Comer; N. Amini; J. Holm; M. Pourhomayoun,2023,2023 International Conference on Computational Science and Computational Intelligence (CSCI),10.1109/csci62032.2023.00056,Wildfire,Fire-specific interface/source-state evidence,Next-24-hour wildfire start/progression prediction,Remote-sensing and ground-data deep-learning workflow,"Meteorology, solar radiance, soil moisture, elevation, lightning, vegetation and infrastructure covariates",Spatiotemporal deep-learning architecture,Offline Los Angeles County prediction experiment,Retrospective/offline,Train/test prediction study,"Per-pixel RMSE, precision/recall and spatial-temporal prediction measures","Single-region dataset, class imbalance and real-time generalisation limitations",2,Supports the reported next-day fire-state prediction on the evaluated Los Angeles data; it does not validate smoke transport or operational deployment.,Fire-specific interface or background evidence,Conditional fire-source/perimeter input,Retrieved full report assessed 2026-08-24; minimum coding prepared from the complete report and with no independent author verification of detailed fields claimed.,Author approved eligibility decision — 2026-08-24,High,Minimum corpus coding prepared; detailed source-specific fields may remain unreported,https://doi.org/10.1109/csci62032.2023.00056
R18078,Spatially Refined Biomass and Combustion Efficiency Estimations in Support of Forest Fires Emissions Quantification,P. Oliva; L. Durán; A. Venegas; P. Vidal; C. Montoya,2019,IGARSS 2019 - 2019 IEEE International Geoscience and Remote Sensing Symposium,10.1109/igarss.2019.8899806,2017 Chilean megafires,Direct fire-specific evidence,Biomass-burning emissions/source-term estimation,"Field inventory, Sentinel-2 burn severity and emissions calculation",Tree/species measurements and differenced normalised burn ratio,Spatially refined biomass and combustion-completeness estimation,Native sclerophyll forest affected by the 2017 Chile fires,Field observations plus satellite modelling,Comparison with a classical emissions-estimation approach,"Biomass, combustion efficiency and greenhouse-gas emissions difference","Species/fuel inventory, severity-to-completeness mapping and emission factors",2,Supports improved source-term estimation for the evaluated Chilean ecosystem and reports overestimation by the classical approach; it does not validate plume concentration.,Direct fire-specific evidence,Direct fire-specific evidence,Retrieved full report assessed 2026-08-24; minimum coding prepared from the complete report and with no independent author verification of detailed fields claimed.,Author approved eligibility decision — 2026-08-24,High,Minimum corpus coding prepared; detailed source-specific fields may remain unreported,https://doi.org/10.1109/igarss.2019.8899806
R18083,A Deep Learning Framework: Predicting Fire Radiative Power From the Combination of Polar-Orbiting and Geostationary Satellite Data During Wildfire Spread,Z. Dong; C. Zheng; F. Zhao; G. Wang; Y. Tian; H. Li,2024,IEEE Journal of Selected Topics in Applied Earth Observations and Remote Sensing,10.1109/jstars.2024.3403146,California wildfire,Fire-specific interface/source-state evidence,Fire-radiative-power prediction during wildfire spread,Polar-orbiting/geostationary satellite and environmental-data workflow,"FRP, meteorology, terrain, vegetation and population covariates",Deep-learning spatiotemporal prediction framework,Retrospective California dataset from 2017 onward,Satellite observations plus offline modelling,Model/baseline and ablation evaluation,FRP prediction errors and spatial-temporal performance measures,"Satellite correction, sparse extremes, geographic transfer and dataset dependence",2,Supports FRP prediction on the constructed California dataset; FRP is a source/intensity proxy and does not by itself validate smoke emissions or health risk.,Fire-specific interface or background evidence,Conditional fire-source/perimeter input,Retrieved full report assessed 2026-08-24; minimum coding prepared from the complete report and with no independent author verification of detailed fields claimed.,Author approved eligibility decision — 2026-08-24,High,Minimum corpus coding prepared; detailed source-specific fields may remain unreported,https://doi.org/10.1109/jstars.2024.3403146
R18097,Wildfire Detection and Mapping by Satellite With an Enhanced Configuration of the Normalized Hotspot Indices: Results From Sentinel-2 and Landsat 8/9 Data Integration,G. Mazzeo; A. Falconieri; C. Filizzola; N. Genzano; N. Pergola; F. Marchese,2025,IEEE Transactions on Geoscience and Remote Sensing,10.1109/tgrs.2025.3528641,Wildfire,Fire-specific interface/source-state evidence,High-resolution active-fire detection and mapping,Sentinel-2 and Landsat 8/9 integration,NIR/SWIR multispectral imagery,Normalised Hotspot Indices algorithm tailored to fire mapping,"2023 fire cases across California, Hawaii, Canada, Spain, Greece and Australia",Satellite observations,Multi-event cross-sensor evaluation,"Detected area/features, cross-sensor consistency and mapping performance","Revisit time, multispectral misregistration, striping and cloud/smoke effects",3,Supports NHI-F wildfire mapping across the evaluated events and sensors; it is a fire-state product rather than a smoke-concentration forecast.,Fire-specific interface or background evidence,Conditional fire-source/perimeter input,Retrieved full report assessed 2026-08-24; minimum coding prepared from the complete report and with no independent author verification of detailed fields claimed.,Author approved eligibility decision — 2026-08-24,High,Minimum corpus coding prepared; detailed source-specific fields may remain unreported,https://doi.org/10.1109/tgrs.2025.3528641
R18119,First attempts at measuring widespread smoke with a mobile LIDAR system,M. Gelfusa; A. Malizia; A. Murari; S. Parracino; M. Lungaroni; E. Peluso; J. Vega; L. DeLeo; C. Perrimezzi; P. Gaudio,2015,2015 Fotonica AEIT Italian Conference on Photonics Technologies,10.1049/cp.2015.0187,Wildfire smoke,Direct fire-specific evidence,Mobile lidar detection of widespread/dilute smoke,Compact mobile lidar,Atmospheric backscatter profiles,Support-vector-regression filtering and signal-maximum detection,Initial experimental smoke observations,Prototype/field measurement,Four-page method and first-evidence report,Filtered-signal separation and smoke-presence detection examples,"Small sample, laser-output drift and need for wider statistical validation",2,Supports initial feasibility of SVR-filtered mobile-lidar detection of widespread smoke; it does not establish reliable field sensitivity or concentration.,Direct fire-specific evidence,Direct fire-specific evidence,Retrieved full report assessed 2026-08-24; minimum coding prepared from the complete report and with no independent author verification of detailed fields claimed.,Author approved eligibility decision — 2026-08-24,High,Minimum corpus coding prepared; detailed source-specific fields may remain unreported,https://doi.org/10.1049/cp.2015.0187
R18122,Community Challenges and Prospects in the Operational Forecasting of Extreme Biomass Burning Smoke,J. S. Reid; A. Benedetti; P. Colarco; T. Eck; A. Gumber; B. N. Holben; R. Holz; E. J. Hyer; W. Marais; J. McQueen; S. Miller; M. Oo; J. Rubin; T. Tanaka; J. Wang; P. Xian; J. Zhang,2021,2021 IEEE International Geoscience and Remote Sensing Symposium IGARSS,10.1109/igarss47720.2021.9555160,Extreme biomass-burning smoke,Evidence synthesis/guidance,Operational smoke-forecasting challenges and research priorities,International operational aerosol-forecast community,"Satellite, ground and model examples",Expert/community technical synthesis,Extreme smoke forecasting,Conference synthesis/positioning,Five-page community challenges paper,Not a common-benchmark evaluation,"Observation saturation/cloud, emissions, vertical allocation, model and verification gaps discussed",N/A,Supports identified operational forecasting challenges and priorities; it does not rank models or provide independent comparative validation.,Evidence synthesis or guidance,Fire-specific evidence synthesis,Retrieved full report assessed 2026-08-24; minimum coding prepared from the complete report and with no independent author verification of detailed fields claimed.,Author approved eligibility decision — 2026-08-24,High,Minimum corpus coding prepared; detailed source-specific fields may remain unreported,https://doi.org/10.1109/igarss47720.2021.9555160
R18134,Enhancing Satellite-Based Wildfire Monitoring: Advanced Contextual Model Using Environmental and Structural Information,T. Sung; Y. Kang; J. Im,2024,IEEE Transactions on Geoscience and Remote Sensing,10.1109/tgrs.2024.3418475,Wildfire,Fire-specific interface/source-state evidence,Geostationary-satellite active-fire detection,GK-2A satellite products,"Thermal context, baseline-environment and structural-similarity features",LightGBM and other machine-learning classifiers with advanced contextual features,South Korean wildfire cases,Satellite observations plus offline modelling,"Feature ablation, algorithm comparison and historic-fire spatial evaluation","Precision, recall, F1 and spatial detection results","Day/night differences, small-fire omission, false positives and regional transfer",2,Supports the added contextual features and LightGBM results on the evaluated GK-2A data; it does not establish general global or smoke-plume performance.,Fire-specific interface or background evidence,Conditional fire-source/perimeter input,Retrieved full report assessed 2026-08-24; minimum coding prepared from the complete report and with no independent author verification of detailed fields claimed.,Author approved eligibility decision — 2026-08-24,High,Minimum corpus coding prepared; detailed source-specific fields may remain unreported,https://doi.org/10.1109/tgrs.2024.3418475
R18138,Direct and Indirect Comparisons to Support Ongoing Validation of the Sentinel-3 Active Fire Products,T. Miraglio; B. Mota; M. Wooster; W. Xu; S. Clerc; S. Dransfeld,2024,IGARSS 2024 - 2024 IEEE International Geoscience and Remote Sensing Symposium,10.1109/igarss53475.2024.10642897,Landscape fire,Fire-specific interface/source-state evidence,Validation and anomaly monitoring of active-fire products,Sentinel-3A/3B SLSTR and MODIS,Fire radiative power products,Direct simultaneous-nadir and indirect twin-satellite comparisons,Global product-validation samples,Satellite observations,Cross-sensor and inter-satellite validation study,"FRP agreement, detection-threshold effects and relative RMSE","Reference-sensor dependence, matching and different detection thresholds",3,Supports equivalence/anomaly-monitoring claims for the evaluated SLSTR products; active-fire FRP is an upstream source input rather than smoke concentration.,Fire-specific interface or background evidence,Conditional fire-source/perimeter input,Retrieved full report assessed 2026-08-24; minimum coding prepared from the complete report and with no independent author verification of detailed fields claimed.,Author approved eligibility decision — 2026-08-24,High,Minimum corpus coding prepared; detailed source-specific fields may remain unreported,https://doi.org/10.1109/igarss53475.2024.10642897
R18146,Derivation of BBA Plume Properties by Taking Advantage of the Characteristics of GCOM-C/SGLI,S. Mukai; M. Nakata; I. Sano; T. Fujito,2024,IEEE Journal of Selected Topics in Applied Earth Observations and Remote Sensing,10.1109/jstars.2024.3390752,2020 western North American wildfire smoke,Direct fire-specific evidence,Biomass-burning aerosol detection and plume-property characterisation,"GCOM-C/SGLI, AERONET and regional numerical modelling",Near-UV/visible/NIR radiance and polarisation plus ground observations,Absorbing-aerosol and polarised-radiance indices with multi-view plume geometry,September 2020 North American smoke events,Satellite/ground observations plus modelling,Multi-day event retrieval and cross-source interpretation,"Index thresholds, plume geometry/optical properties and observational correspondence","Cloud, viewing geometry, polarisation resolution and retrieval assumptions",2,Supports SGLI-based aerosol/plume characterisation for the evaluated North American events; it does not directly validate surface exposure or operational forecasting.,Direct fire-specific evidence,Direct fire-specific evidence,Retrieved full report assessed 2026-08-24; minimum coding prepared from the complete report and with no independent author verification of detailed fields claimed.,Author approved eligibility decision — 2026-08-24,High,Minimum corpus coding prepared; detailed source-specific fields may remain unreported,https://doi.org/10.1109/jstars.2024.3390752
R18166,Swarm of Autonomous AAVs for Air Quality Estimation After an Industrial Fire,F. Germain; F. Guérin; B. Berthelot; N. Kerthe,2026,IEEE Transactions on Field Robotics,10.1109/tfr.2026.3688428,Industrial-fire smoke,Direct fire-specific evidence,"Autonomous plume-boundary sampling, composition characterisation and dispersion-oriented mapping",Swarm of autonomous aerial vehicles with decentralised navigation,"CO, CO2, particulate, temperature/environmental microsensors, canisters and particle samplers","Adaptive swarm formations, embedded sensing and dispersion-oriented reconstruction",Controlled industrial-fire field trials at a firefighter training centre,Field deployment,End-to-end hardware/software implementation and repeated experimental trials with complementary ground measurements,"Spatial-temporal sensing, plume-boundary behaviour, gas/particle measurements and platform robustness","Flight/safety constraints, nonidentical sampling locations, instantaneous canisters and qualitative particle composition explicitly reported",4,Supports the implemented and field-tested swarm framework in controlled industrial-fire trials; it does not establish performance during uncontrolled public incidents or clinical health outcomes.,Direct fire-specific evidence,Direct fire-specific evidence,Retrieved full report assessed 2026-08-24; minimum coding prepared from the complete report and with no independent author verification of detailed fields claimed.,Author approved eligibility decision — 2026-08-24,High,Minimum corpus coding prepared; detailed source-specific fields may remain unreported,https://doi.org/10.1109/tfr.2026.3688428
R18177,Thermal Anomaly Level Algorithm for Active Fire Mapping by Means of Sentinel-2 Data,S. Liangrocapart; S. Khetkeeree; B. Petchthaweetham,2020,"2020 17th International Conference on Electrical Engineering/Electronics, Computer, Telecommunications and Information Technology (ECTI-CON)",10.1109/ecti-con49241.2020.9158262,Active forest fire,Fire-specific interface/source-state evidence,Active-fire mapping and thermal-anomaly classification,Sentinel-2 satellite imagery,"NIR and SWIR bands 8A, 11 and 12",Normalised-difference indices and Planck-law-informed empirical thresholds,Satellite fire cases,Satellite observations,Four-page algorithm/case demonstration,Four thermal-anomaly levels and mapped fire areas,Five-day revisit limits real-time use and thresholds are empirically derived,2,Supports thermal-anomaly mapping on the evaluated Sentinel-2 scenes; revisit time prevents continuous incident tracking and no smoke concentration is inferred.,Fire-specific interface or background evidence,Conditional fire-source/perimeter input,Retrieved full report assessed 2026-08-24; minimum coding prepared from the complete report and with no independent author verification of detailed fields claimed.,Author approved eligibility decision — 2026-08-24,High,Minimum corpus coding prepared; detailed source-specific fields may remain unreported,https://doi.org/10.1109/ecti-con49241.2020.9158262
R18198,A Fire Monitoring Model of Unmanned Aerial Vehicle based on Geographic Information,J. Li; S. Yang; S. Zhang; X. Chen; E. Li,2022,"2022 IEEE 2nd International Conference on Electronic Technology, Communication and Information (ICETCI)",10.1109/icetci55101.2022.9832037,Wildfire,Fire-specific interface/source-state evidence,UAV monitoring/repeater resource configuration and route planning,Surveillance UAVs and airborne VHF/UHF repeaters,GIS fire/terrain/climate data,"ArcGIS visualisation, ant-colony routing and cost/quantity optimisation","Victoria, Australia modelling scenario",Simulation/planning model,Scenario-based optimisation and cost analysis,"Route length, resource combination, coverage and cost",Simplified fire/terrain assumptions and no operational field validation,1,Supports the reported planning model for surveillance/repeater allocation in Victoria scenarios; it does not validate actual fire monitoring or smoke response.,Fire-specific interface or background evidence,Conditional fire-source/perimeter input,Retrieved full report assessed 2026-08-24; minimum coding prepared from the complete report and with no independent author verification of detailed fields claimed.,Author approved eligibility decision — 2026-08-24,High,Minimum corpus coding prepared; detailed source-specific fields may remain unreported,https://doi.org/10.1109/icetci55101.2022.9832037
R18349,Atmospheric Transports of Wildfire Smoke from Moscow and Surrounding Regions in 2010 Summer,G. Huang; T. Cheng; L. Li; C. Leng; Z. Zhu,2012,2012 International Conference on Biomedical Engineering and Biotechnology,10.1109/icbeb.2012.86,Forest wildfire smoke,Direct fire-specific transport case,Forecasting / simulation; plume transport mapping,"MODIS fire detections, HYSPLIT trajectories, GDAS meteorology, and MOPITT carbon monoxide","2,097 wildfire sites from 20 July-20 August 2010, seven-day forward trajectories initiated at 500 m, GDAS, and monthly MOPITT CO",HYSPLIT forward-trajectory ensemble and potential-contribution-function mapping,"Moscow and surrounding-region wildfires, summer 2010",Retrospective trajectory simulation with satellite comparison,One-month transport mapping with qualitative MOPITT CO corroboration,"2,097 source sites and potential-contribution frequency maps; qualitative CO agreement","No trajectory-ensemble uncertainty, starting-height sensitivity, or concentration uncertainty quantified",2,"Supports broad transport pathways and potential-receptor mapping for the 2010 Moscow episode. It does not establish concentration forecast accuracy, health exposure, or operational readiness.",Direct fire-specific evidence,Direct fire-specific retrospective smoke-transport evidence,"Complete 4-page report supplied by author; identity, opening/closing pages, references, extractability and completeness validated; SHA256 e6245691f209e7457429253f3e59057cc9f7d9397b81806e899a8f1ad2a69254",Author verified — approved 23 Aug 2026,High,Minimum corpus coding reviewed; detailed source-specific fields may remain unreported,https://doi.org/10.1109/icbeb.2012.86
R18351,Distributed Spacecraft with Heuristic Intelligence to Monitor Wildfire Spread for Responsive Control,S. Nag; V. Ravindra; R. Levinson; M. Moghaddam; K. Nelson; J. Mandel; A. Kochanski; A. F. Caus; A. Melebari; A. Kannan; R. Ketzner,2024,IGARSS 2024 - 2024 IEEE International Geoscience and Remote Sensing Symposium,10.1109/igarss53475.2024.10640833,Wildfire,Fire-specific interface/source-state evidence,Adaptive satellite observation planning and fire-spread forecasting,Distributed GNSS-R spacecraft concept linked to WRFx,CYGNSS/Spire reflectometry and fuel/flammability/fire products,Heuristic observation-value scheduling and model assimilation framework,Mission/system simulation and product-development study,Simulation/prototype concept,Five-page architecture and verification report,Product/forecast and scheduling improvements reported by the study,"Pre-operational mission assumptions, model dependence and limited end-user validation",2,Supports a distributed-spacecraft/WRFx concept and prototype products; it does not establish operational fire or smoke forecast performance.,Fire-specific interface or background evidence,Conditional fire-source/perimeter input,Retrieved full report assessed 2026-08-24; minimum coding prepared from the complete report and with no independent author verification of detailed fields claimed.,Author approved eligibility decision — 2026-08-24,High,Minimum corpus coding prepared; detailed source-specific fields may remain unreported,https://doi.org/10.1109/igarss53475.2024.10640833
R18367,"NASA’s Technology Development Program for Wildfire Science, Management, and Disaster Mitigation",H. Riris; T. Kauffman; M. Falkowski; J. Shuman; J. Boland; M. M. Martin; B. Leffer; M. Seablom,2024,IGARSS 2024 - 2024 IEEE International Geoscience and Remote Sensing Symposium,10.1109/igarss53475.2024.10640639,Wildfire,Evidence synthesis/guidance,"Technology-program positioning across prediction, monitoring and mitigation",NASA FireSense technology programme,"Portfolio of proposed airborne, spaceborne, modelling and communications technologies",Programme overview and technology-roadmap description,US interagency wildfire-science and management programme,Programme synthesis/positioning,Four-page objectives and portfolio update,No common performance evaluation,Many technologies remained under development; operational outcomes not established,N/A,Supports description of NASA FireSense objectives and technology gaps; it is not empirical validation of the listed systems.,Evidence synthesis or guidance,Fire-specific evidence synthesis,Retrieved full report assessed 2026-08-24; minimum coding prepared from the complete report and with no independent author verification of detailed fields claimed.,Author approved eligibility decision — 2026-08-24,High,Minimum corpus coding prepared; detailed source-specific fields may remain unreported,https://doi.org/10.1109/igarss53475.2024.10640639
R18394,Observed Fire Behaviour Products from the Wildfiresat Mission,M. Crowley; J. M. Johnston; J. Harvie; D. K. Thompson; M. de Jong; A. S. Cantin; C. McFayden; S. DeBoer; M. Ansell; G. Goetz; L. Lefebvre; M. Micael; G. Houde; D. Dufour,2023,IGARSS 2023 - 2023 IEEE International Geoscience and Remote Sensing Symposium,10.1109/igarss52108.2023.10283091,Wildfire,Fire-specific interface/source-state evidence,Observed fire-behaviour and multi-source event products,Planned WildFireSat operational mission,WildFireSat and other Earth-observation satellite data,Tier-2 multi-sensor fusion and fire-event/product architecture,Pre-launch Canadian operational-product development,Mission/product design,Four-page product preview informed by end-user requirements,No post-launch operational evaluation,Mission not yet launched; product performance and near-real-time delivery remain prospective,2,Supports the planned WildFireSat Tier-2 products and co-design process; claims about twice-daily operational support remain prospective.,Fire-specific interface or background evidence,Conditional fire-source/perimeter input,Retrieved full report assessed 2026-08-24; minimum coding prepared from the complete report and with no independent author verification of detailed fields claimed.,Author approved eligibility decision — 2026-08-24,High,Minimum corpus coding prepared; detailed source-specific fields may remain unreported,https://doi.org/10.1109/igarss52108.2023.10283091
R18409,A System for Predicting Wildfire Spread Dynamics using Spatio-Temporal Graph Neural Networks,V. Samadhiya; U. Vignesh,2025,"2025 4th International Conference on Automation, Computing and Renewable Systems (ICACRS)",10.1109/icacrs67045.2025.11324387,Wildfire,Fire-specific interface/source-state evidence,Next-day wildfire occurrence/risk prediction,NASA FIRMS and meteorological spatiotemporal data pipeline,Daily 0.25-degree fire detections and environmental predictors,Reported spatiotemporal neural model with calibration and MC-dropout,Offline Indian wildfire-data evaluation,Retrospective/offline,Train/test risk-prediction study,"PR AUC, ROC AUC, precision, recall, F1 and Brier score","Coarse daily grid, FIRMS sensing limits and an internal mismatch between title/abstract perimeter-spread framing and the reported next-day-risk task",1,Only the reported next-day grid-risk results are charted; the complete report does not coherently establish high-resolution perimeter-spread prediction or operational deployment.,Fire-specific interface or background evidence,Conditional fire-source/perimeter input,Retrieved full report assessed 2026-08-24; minimum coding prepared from the complete report and with no independent author verification of detailed fields claimed.,Author approved eligibility decision — 2026-08-24,Medium,Minimum corpus coding prepared; detailed source-specific fields may remain unreported,https://doi.org/10.1109/icacrs67045.2025.11324387
R18413,Fire monitoring system based on Open Map API,Kyung Jun Gil; Radius Bhayu Prasetiyo; Hyun Ju Park; Sang Boem Lim; Yang Dam Eo,2010,The 6th International Conference on Networked Computing and Advanced Information Management,,Forest fire,Fire-specific interface/source-state evidence,UAV/GPS fire monitoring and map visualisation,"Quadrotor, environmental sensors and Open Map API","GPS, temperature/smoke-related sensor data and mapped coordinates",Prototype wireless data collection and web-map display,Short-range test-bed demonstration,Prototype testing,Six-page system implementation experiment,Communication range and visualisation/system behaviour,Approximately 10 m communication range without relay and simplistic fire visualisation,2,Supports a short-range UAV-to-map monitoring prototype; broad-area operation and accurate fire/plume products were future work.,Fire-specific interface or background evidence,Conditional fire-source/perimeter input,Retrieved full report assessed 2026-08-24; minimum coding prepared from the complete report and with no independent author verification of detailed fields claimed.,Author approved eligibility decision — 2026-08-24,High,Minimum corpus coding prepared; detailed source-specific fields may remain unreported,
R18431,Helicopter-based wildfire monitoring system software architecture,E. Pastor; M. Sole; J. Lopez; P. Royo; C. Barrado,2010,2010 IEEE Aerospace Conference,10.1109/aero.2010.5446807,Mediterranean wildfire,Fire-specific interface/source-state evidence,Manned-aircraft fire-front evolution and post-fire hotspot monitoring,Red-Eye helicopter-based remote-sensing system,Day/night imaging and avionics services,Distributed service-oriented avionics/software architecture,Mediterranean operational-system development,Prototype/system architecture,Architecture description and component integration report,No controlled end-to-end field-performance evaluation,"Integration with firefighting aircraft, airspace safety and deployment remained unresolved",3,Supports the Red-Eye architecture and intended monitoring functions; it does not demonstrate validated operational benefits or smoke concentration sensing.,Fire-specific interface or background evidence,Conditional fire-source/perimeter input,Retrieved full report assessed 2026-08-24; minimum coding prepared from the complete report and with no independent author verification of detailed fields claimed.,Author approved eligibility decision — 2026-08-24,High,Minimum corpus coding prepared; detailed source-specific fields may remain unreported,https://doi.org/10.1109/aero.2010.5446807
R18461,The FuegoSat system concept in the context of the GMES initiative,J. Bequignon,2003,"International Conference on Recent Advances in Space Technologies, 2003. RAST '03. Proceedings of",10.1109/rast.2003.1303959,Euro-Mediterranean forest fire,Fire-specific interface/source-state evidence,Satellite system concept for continuous fire-management information,Proposed FuegoSat mission within GMES/Earthwatch,Prospective spaceborne fire-observation products,Mission/service concept and policy-needs analysis,European pre-operational mission/system planning,Conceptual/system planning,Four-page mission concept,No deployed-system evaluation,"Funding, mission selection, continuity and service requirements remained prospective",0,Supports historical system requirements and the proposed FuegoSat concept; it is not evidence of an implemented monitoring service.,Fire-specific interface or background evidence,Conditional fire-source/perimeter input,Retrieved full report assessed 2026-08-24; minimum coding prepared from the complete report and with no independent author verification of detailed fields claimed.,Author approved eligibility decision — 2026-08-24,High,Minimum corpus coding prepared; detailed source-specific fields may remain unreported,https://doi.org/10.1109/rast.2003.1303959
R18501,Wildfire Spread Prediction Through Remote Sensing and UAV Imagery-Driven Machine Learning Models,M. R. Mohebbi; E. W. Sena; M. Döller; J. Klinger,2024,"2024 18th International Conference on Control, Automation, Robotics and Vision (ICARCV)",10.1109/icarcv63323.2024.10821545,Wildfire,Fire-specific interface/source-state evidence,Fire-spread vector distance/direction prediction,Remote-sensing and UAV-image-derived dataset,Fire imagery and extracted environmental/spread features,"Multiple regressors including decision tree, random forest and AdaBoost",Offline dataset/model comparison,Retrospective/offline,Within-dataset comparison across machine-learning models,"MAE, MSE and R-squared for spread distance and direction","Dataset size/representativeness, derived labels and no prospective incident evaluation",2,Supports within-dataset prediction of the two reported spread-vector variables; model rankings should not be transferred to other incidents or tasks.,Fire-specific interface or background evidence,Conditional fire-source/perimeter input,Retrieved full report assessed 2026-08-24; minimum coding prepared from the complete report and with no independent author verification of detailed fields claimed.,Author approved eligibility decision — 2026-08-24,High,Minimum corpus coding prepared; detailed source-specific fields may remain unreported,https://doi.org/10.1109/icarcv63323.2024.10821545
R19027,Towards applications of particle filters in wildfire spread simulation,"Gu, Feng and Hu, Xiaolin",2008,Proceedings of the 40th Conference on Winter Simulation,,Wildfire,Fire-specific interface/source-state evidence,Data assimilation and wind/state estimation in fire-spread simulation,DEVS-FIRE simulation,Synthetic/observed fire-state inputs,Sequential Monte Carlo/particle-filter framework,Simulation case study,Simulation only,Preliminary particle-filter wind-estimation experiment,State/shape estimation error and convergence behaviour,"Preliminary case, computational cost and synthetic observation assumptions",1,Supports feasibility of particle filtering with DEVS-FIRE in the preliminary simulation; it does not establish field-assimilated operational prediction.,Fire-specific interface or background evidence,Conditional fire-source/perimeter input,Retrieved full report assessed 2026-08-24; minimum coding prepared from the complete report and with no independent author verification of detailed fields claimed.,Author approved eligibility decision — 2026-08-24,High,Minimum corpus coding prepared; detailed source-specific fields may remain unreported,
R19040,State estimation using particle filters in wildfire spread simulation,"Gu, Feng and Yan, Xuefeng and Hu, Xiaolin",2009,Proceedings of the 2009 Spring Simulation Multiconference,,Wildfire spread,Direct fire-specific source/perimeter modelling,Fire-front state estimation; data assimilation; forecasting,DEVS-FIRE simulation with synthetic fire-sensor observations,"Synthetic fire-sensor data, GIS/fuel maps and weather inputs",Sequential Monte Carlo / particle filtering,Two identical-twin wildfire simulations,Simulation only,Synthetic truth compared with erroneous-input simulation and particle-filter estimate,Burned-area and fire-front comparisons; no standard probabilistic forecast metric,Particle representation of state uncertainty; no calibrated real-world uncertainty evaluation,1,"Supports feasibility of particle-filter state estimation in DEVS-FIRE only. It does not establish field accuracy, real-time scalability or operational readiness.",Fire-specific interface or background evidence,Direct fire-specific simulation proof of concept,Complete report assessed 22 Aug 2026; Applies particle filters to DEVS-FIRE in two identical-twin simulation experiments with imperfect wind or fuel inputs.,Author verified — approved 23 Aug 2026,High,Minimum corpus coding reviewed; detailed source-specific fields may remain unreported,
R19135,A dynamic data driven application system for wildfire spread simulation,"Yan, Xuefeng and Gu, Feng and Hu, Xiaolin and Guo, Song",2009,Winter Simulation Conference,,Wildfire spread,Direct fire-specific source/perimeter modelling,Fire-front state estimation; data assimilation; forecasting,Distributed client-server DEVS-FIRE system,"Synthetic temperature maps, GIS/fuel inputs and perturbed weather",Particle-filter dynamic data driven application system,Identical-twin Texas-map simulation,Simulation only,Synthetic truth versus static prediction and assimilated prediction at two sensor densities,Qualitative fire-front comparison; denser sensors produced visually better estimates,Particle filtering proposed; uncertainty generation remained future work,1,"Supports architectural feasibility in simulation. It does not show real-world accuracy, real-time operational performance or end-to-end smoke response.",Fire-specific interface or background evidence,Direct fire-specific simulation architecture evidence,Complete report assessed 22 Aug 2026; Demonstrates a client-server DEVS-FIRE architecture using synthetic real-time temperature observations at two sensor densities.,Author verified — approved 23 Aug 2026,High,Minimum corpus coding reviewed; detailed source-specific fields may remain unreported,
R19170,Estimation of new ignited fires using particle filters in wildfire spread simulation,"Xue, Haidong and Hu, Xiaolin",2011,Proceedings of the 44th Annual Simulation Symposium,,Wildfire,Fire-specific interface/source-state evidence,New-ignition estimation during assimilated fire-spread simulation,Particle-filter-coupled wildfire simulator,Simulated real-time fire observations,Observation-informed particle-filter proposal distribution,Simulation with newly ignited fires,Simulation only,Comparison with alternative proposal distributions,Relative state/perimeter error over time,Synthetic observations and scenario-specific proposal design,1,Supports improved simulated new-ignition tracking under the evaluated particle-filter design; field and smoke-forecast performance are untested.,Fire-specific interface or background evidence,Conditional fire-source/perimeter input,Retrieved full report assessed 2026-08-24; minimum coding prepared from the complete report and with no independent author verification of detailed fields claimed.,Author approved eligibility decision — 2026-08-24,High,Minimum corpus coding prepared; detailed source-specific fields may remain unreported,
R19171,Towards parameter estimation in wildfire spread simulation based on sequential Monte Carlo methods,"Bai, Fan and Guo, Song and Hu, Xiaolin",2011,Proceedings of the 44th Annual Simulation Symposium,,Wildfire,Fire-specific interface/source-state evidence,Dynamic parameter estimation for fire-spread simulation,DEVS-FIRE simulation,Simulated real-time fire observations,Sequential Monte Carlo parameter estimation,Single- and multiple-parameter simulation experiments,Simulation only,Fuel-moisture and fire-behaviour parameter-estimation tests,Parameter and fire-state estimation/prediction error,Multiple-parameter identifiability and computational complexity,1,Supports dynamic parameter estimation in the reported DEVS-FIRE experiments; it does not validate real-fire assimilation or downstream plume forecasts.,Fire-specific interface or background evidence,Conditional fire-source/perimeter input,Retrieved full report assessed 2026-08-24; minimum coding prepared from the complete report and with no independent author verification of detailed fields claimed.,Author approved eligibility decision — 2026-08-24,High,Minimum corpus coding prepared; detailed source-specific fields may remain unreported,
R19192,Dynamic data driven application system for wildfire spread simulation,"Gu, Feng",2010,Georgia State University,,Wildfire,Fire-specific interface/source-state evidence,Dynamic data-driven fire-front estimation and spread prediction,DEVS-FIRE dynamic data-driven application system,Simulated real-time fire-front observations,Particle-filter state assimilation,Simulation/computational experiment,Simulation only,Assimilated versus non-assimilated prediction experiments,Fire-front/state estimation and prediction error,"Synthetic data, particle convergence and uncertainty-generation limitations",1,Supports improved fire-front estimates in the reported simulations when real-time-like data are assimilated; operational data and smoke coupling were not tested.,Fire-specific interface or background evidence,Conditional fire-source/perimeter input,Retrieved full report assessed 2026-08-24; minimum coding prepared from the complete report and with no independent author verification of detailed fields claimed.,Author approved eligibility decision — 2026-08-24,High,Minimum corpus coding prepared; detailed source-specific fields may remain unreported,
R19195,The Australian National Bushfire model project,"Beer, Tom",1990,Math. Comput. Model.,,Bushfire / wildfire spread,Direct fire-specific system architecture,Fire-front forecasting; decision support; human-computer interface,Personal-computer decision-support shell with GIS and modem data acquisition,"GIS, weather stations, fuel/terrain data and proposed real-time observations",Huygens-principle fire-spread modelling in a modular decision-support architecture,Australian fire-management prototype,Prototype description; operational trial pending at publication,"Design rationale, planned beta testing and ongoing past-fire validation",No quantitative performance metrics reported,Dynamic optimisation/calibration was proposed but not implemented,1,Supports longstanding recognition of integration and human-interface needs. It does not establish operational effectiveness or modern autonomous-system viability.,Fire-specific interface or background evidence,Historical conceptual/prototype system evidence,"Complete report assessed 22 Aug 2026; Describes a real-time PC-based bushfire model shell with GIS, data acquisition, graphical output and planned user trials.",Author verified — approved 23 Aug 2026,High,Minimum corpus coding reviewed; detailed source-specific fields may remain unreported,
R19279,Uncertainty associated with model predictions of surface and crown fire rates of spread,"Cruz, Miguel G. and Alexander, Martin E.",2013,Environ. Model. Softw.,10.1016/j.envsoft.2013.04.004,Wildfire / wildland / forest fire,Fire-specific task-interface evidence,Fire-front / rate-of-spread forecasting; uncertainty quantification; operational decision support; evidence synthesis,Operational wildland fire-behaviour models,"49 independent fire-spread model evaluation datasets; 1,278 observed–predicted rate-of-spread pairs from outdoor experimental fires, operational prescribed fires, and wildfires",Comparative synthesis of independent model-evaluation datasets; error statistics recomputed where necessary,"Fire-specific synthesis of field, prescribed-fire, outdoor experimental-fire, and wildfire evaluations",Observed field/operational data and outdoor experiments; not simulation-only,"49 independent evaluation datasets; more than five paired observations required; model-development data, laboratory/narrow-front fires, and fine-tuned predictions excluded","RMSE, MAE, MAPE, MBE, and proportions of under-, exact-, and over-prediction; exact defined as within ±2.5% of the observation","Empirical error and bias distributions; ±35% interval proposed by the source authors as a reasonable operational performance standard; model, input, and data-quality uncertainty discussed",4,"Supports substantial, heterogeneous error and underprediction risk in evaluated operational fire-spread models and motivates explicit uncertainty at the source-state/decision interface. It does not evaluate smoke dispersion, concentration, health risk, autonomous sensing, or an integrated AI architecture; ±35% is a proposed standard, not a universal guarantee.",Fire-specific interface or background evidence,Fire-specific task-interface evidence,"Complete 13-page report supplied by author; identity, completeness and extractability validated; AI-assisted detailed charting proposal; SHA256 e1f43e7c9a36e45839d0bedef72f5b98f7eaa8b51e90da42ada457d9cc250575",Author verified — approved 23 Aug 2026,High,Minimum corpus coding reviewed; detailed source-specific fields may remain unreported,https://doi.org/10.1016/j.envsoft.2013.04.004
R19319,Adaptive particle filtering in data assimilation of wildfire spread simulation,"Gu, Feng and Butt, Mohammad and Ai, Chunyu and Shen, Xiaoke and Xiao, Jiehao",2015,Proceedings of the Conference on Summer Computer Simulation,,Wildfire,Fire-specific interface/source-state evidence,Adaptive particle allocation in fire-spread data assimilation,Wildfire-spread simulation,Simulated real-time state observations,Adaptive particle-filter algorithm using convergence/state information,Simulation/computational experiments,Simulation only,Adaptive versus fixed-particle comparisons,"Estimation error, particle count and computational performance",Runtime quantification and particle-number relationship remained future work,1,Supports adaptive particle allocation in the evaluated simulations; results do not establish field assimilation or end-to-end forecast benefit.,Fire-specific interface or background evidence,Conditional fire-source/perimeter input,Retrieved full report assessed 2026-08-24; minimum coding prepared from the complete report and with no independent author verification of detailed fields claimed.,Author approved eligibility decision — 2026-08-24,High,Minimum corpus coding prepared; detailed source-specific fields may remain unreported,
R19320,Adaptively perturbing localized state space in data assimilation of wildfire spread simulation,"Gu, Feng",2015,Proceedings of the 48th Annual Simulation Symposium,,Wildfire,Fire-specific interface/source-state evidence,Localised state-space perturbation in fire-spread data assimilation,Wildfire-spread simulation,Simulated real-time perimeter/state observations,Uncertainty-adaptive local noise/perturbation within sequential Monte Carlo,Simulation/computational experiments,Simulation only,Adaptive versus standard perturbation comparisons,Prediction/state-estimation error,"Noise-level tuning, segment uncertainty and particle-resource relationships",1,Supports uncertainty-adaptive perturbation in the reported fire-spread simulations; no field or smoke-transport validation is provided.,Fire-specific interface or background evidence,Conditional fire-source/perimeter input,Retrieved full report assessed 2026-08-24; minimum coding prepared from the complete report and with no independent author verification of detailed fields claimed.,Author approved eligibility decision — 2026-08-24,High,Minimum corpus coding prepared; detailed source-specific fields may remain unreported,
R19347,Geo-referenced image data assimilation for wildfire spread simulation,"Gu, Feng and Syeda, Rida and Ai, Chunyu",2016,Proceedings of the 49th Annual Simulation Symposium,,Wildfire spread,Direct fire-specific source/perimeter modelling,Fire-front state estimation; image data assimilation; forecasting,DEVS-FIRE with georeferenced-image observations,Real GIS/fuel layers and synthetic image-derived fire observations every 20 minutes,Sequential Monte Carlo / particle filtering,"Identical-twin simulation using Huntsville, Texas GIS and fuel data",Simulation only,Synthetic truth versus erroneous-wind simulation and assimilated estimate using 200 particles,Qualitative fire-front agreement; no standard quantitative accuracy or uncertainty metric,Sequential Monte Carlo state distribution; no real-world calibration,1,"Supports potential use of image observations in simulated assimilation. It does not validate public-image reliability, field accuracy or operational use.",Fire-specific interface or background evidence,Direct fire-specific simulation proof of concept,Complete report assessed 22 Aug 2026; Assimilates synthetic observations derived from georeferenced images into DEVS-FIRE with sequential Monte Carlo methods.,Author verified — approved 23 Aug 2026,High,Minimum corpus coding reviewed; detailed source-specific fields may remain unreported,
R19442,Firecast: leveraging deep learning to predict wildfire spread,"Radke, David and Hessler, Anna and Ellsworth, Dan",2019,Proceedings of the 28th International Joint Conference on Artificial Intelligence,,Wildfire,Fire-specific interface/source-state evidence,Near-future wildfire-spread risk mapping,GIS/historical-fire-data machine-learning system,"GeoMAC daily perimeters, Landsat-era environmental and weather variables",Supervised machine-learning FireCast model,Rocky Mountain Region fires since 2013,Retrospective/offline,Comparison with random prediction and FARSITE on selected historical fires,"Accuracy, recall and F-score","Limited regional training data, interpolation/augmentation and omitted suppression actions",2,Supports FireCast's within-study comparison on selected Rocky Mountain fires; it does not establish general superiority or validated two-week operational forecasts.,Fire-specific interface or background evidence,Conditional fire-source/perimeter input,Retrieved full report assessed 2026-08-24; minimum coding prepared from the complete report and with no independent author verification of detailed fields claimed.,Author approved eligibility decision — 2026-08-24,High,Minimum corpus coding prepared; detailed source-specific fields may remain unreported,
R19514,Mesogeos: a multi-purpose dataset for data-driven wildfire modeling in the Mediterranean,"Kondylatos, Spyros and Prapas, Ioannis and Camps-Valls, Gustau and Papoutsis, Ioannis",2023,Proceedings of the 37th International Conference on Neural Information Processing Systems,,Mediterranean wildfire,Fire-specific interface/source-state evidence,Benchmark data for fire-danger and burned-area prediction,Mesogeos cloud-friendly spatiotemporal datacube,"Meteorology, vegetation, human activity, ignitions and burned areas",Dataset harmonisation plus baseline machine-learning tracks,"Mediterranean region, 2006-2022 at 1 km/day resolution",Retrospective dataset/benchmark,Dataset documentation and two baseline prediction tasks,Task-specific danger-forecasting and burned-area baseline metrics,"Spatial/temporal aggregation, source heterogeneity and label quality documented",2,"Supports reproducible source-state benchmarking on Mesogeos; it does not itself validate smoke, exposure or intervention performance.",Fire-specific interface or background evidence,Conditional fire-source/perimeter input,Retrieved full report assessed 2026-08-24; minimum coding prepared from the complete report and with no independent author verification of detailed fields claimed.,Author approved eligibility decision — 2026-08-24,High,Minimum corpus coding prepared; detailed source-specific fields may remain unreported,
R19538,Sim2Real-fire: a multi-modal simulation dataset for forecast and backtracking of real-world forest fire,"Li, Yanzhi and Li, Keqiu and Li, Guohui and Wang, Zumin and Ji, Changqing and Wang, Lubo and Zuo, Die and Guo, Qing and Zhang, Feng and Wang, Manyu and Lin, Di",2024,Proceedings of the 38th International Conference on Neural Information Processing Systems,,Forest wildfire spread,Direct fire-specific source/perimeter benchmark,Fire-spread forecasting; backtracking; benchmark dataset,Multimodal simulated and remote-sensing dataset,"Topography, vegetation, fuel, weather, satellite image sequences, 1M simulated and 1K real-world scenarios",S2R-FireTr transformer compared with video-prediction networks and FARSITE/WFDS/WRF-SFIRE,Multi-country simulated training and real-world remote-sensing test scenarios,Simulation-trained models evaluated on real-world remote-sensing scenarios,"Common real-world test set, model/simulator comparison, modality ablations and architecture/sequence-length ablations","AUPRC, F1 and IoU; S2R-FireTr real-world forecast AUPRC 72.9 versus 55.9-63.0 for simulators",No calibrated predictive uncertainty; ablations and sequence-length sensitivity reported,2,"Supports comparative performance on the Sim2Real-Fire benchmark. It does not establish universal superiority, operational fire-response effectiveness or plume-pollution forecasting.",Fire-specific interface or background evidence,Direct fire-specific benchmark and comparative model evidence,Complete report assessed 22 Aug 2026; Introduces a 1M-simulation/1K-real-scenario multimodal benchmark and compares AI and physical models on real-world fire-area forecasting.,Author verified — approved 23 Aug 2026,High,Minimum corpus coding reviewed; detailed source-specific fields may remain unreported,
R19641,From Forests to the Remote Ocean to Smoke Plumes: Aerosol Microphysics in Diverse Environments,"Hodshire, Anna Lily",2020,Colorado State University,,Biomass-burning and wildfire smoke,Mixed direct wildfire-smoke and broader biomass-burning evidence,Pollutant / plume monitoring,BBOP aircraft plume transects; theoretical plume model; field/laboratory literature,Published field/laboratory aging datasets and BBOP aircraft aerosol and ozone measurements across six wildfire research flights,"Narrative evidence synthesis, TOMAS-VBS aerosol microphysics with Gaussian dilution, and within-plume edge/core observational analysis",Near-field biomass-burning smoke and Pacific Northwest wildfire aircraft observations,"Mixed literature synthesis, theoretical simulation, and retrospective field campaign",Field-versus-laboratory synthesis; sensitivity simulations across fire size and background aerosol; edge/core aircraft comparison,"Dilution-corrected organic-aerosol mass, SOA fraction, extinction, CCN, particle diameter/distribution width, ozone and plume gradients",Sensitivity analyses and competing mechanism hypotheses; no complete probabilistic uncertainty treatment,N/A,"Supports mechanism hypotheses and scale- and dilution-dependent smoke-aging patterns; it does not establish operational plume prediction, autonomous monitoring, or universal generalization across fires and environments.",Evidence synthesis or guidance,Direct fire-specific mixed synthesis/model/field evidence,Complete report text extracted and AI-assisted detailed charting proposal; no independent author verification of detailed fields claimed,Author verified — approved 23 Aug 2026,High,Minimum corpus coding reviewed; detailed source-specific fields may remain unreported,
R19655,Air Quality and Climate Impacts of Western US Wildfires,"Selimovic, Vanessa",2020,University of Montana,,Western U.S. wildfire and prescribed-fire smoke,Direct fire-specific evidence,Pollutant / plume monitoring,"Laboratory burn facility, fixed urban surface station, aircraft and mobile-platform comparisons","OP-FTIR/FTIR, photoacoustic extinction instruments, PM2.5, CO, NOx and O3 measurements across laboratory and field campaigns","Experimental emissions characterization, long-duration ambient time-series analysis, and cross-platform smoke-property synthesis",FIREX-AQ laboratory burns and 2017–2018 Missoula smoke seasons with aircraft/field-campaign comparisons,Laboratory and field observations; no autonomous-system simulation,"Comparisons across fuels, years, smoke intensity, wildfire versus prescribed fire, and surface versus aircraft/mobile sampling","Emission factors/ratios, delta-BC/delta-PM, delta-PM/delta-CO, SSA, AAE, PM2.5, O3 and trace-gas relationships",Measurement variability and cross-platform sampling biases discussed; no operational forecast uncertainty calibration,3,"Supports measurement and model-validation targets for the sampled western-US fires and platforms; it does not validate autonomous deployment, individual exposure estimates, or universal transfer to other regions and fire regimes.",Direct fire-specific evidence,Direct fire-specific laboratory and long-duration field evidence,Complete report text extracted and AI-assisted detailed charting proposal; no independent author verification of detailed fields claimed,Author verified — approved 23 Aug 2026,High,Minimum corpus coding reviewed; detailed source-specific fields may remain unreported,
R19780,Improving Wildfire Simulations by Estimation of Wildfire Wind Conditions from Fire Perimeter Measurements,"Tan, Li and de Callafon, Raymond A. and Block, Jessica and Crawl, Daniel and Alt{\i}nta{\c s}, Ilkay",2021,"Computational Science – ICCS 2021: 21st International Conference, Krakow, Poland, June 16–18, 2021, Proceedings, Part V",10.1007/978-3-030-77977-1_18,California wildfire,Fire-specific interface/source-state evidence,Wind-condition estimation from measured perimeters to improve spread simulation,FARSITE plus perimeter-measurement optimisation,Observed fire perimeters and associated uncertainty,Uncertainty-weighted polygon error and gradient-free wind optimisation,2019 Maria and 2020 Creek fire cases,Observed perimeters plus simulation,Two historical-fire calibration/prediction experiments,Weighted perimeter discrepancy and simulation accuracy,Measurement weighting represented; single prevailing-wind assumption limits large/complex fires,2,Supports wind calibration from perimeters for two FARSITE cases; it does not validate smoke forecasting or general incident performance.,Fire-specific interface or background evidence,Conditional fire-source/perimeter input,Retrieved full report assessed 2026-08-24; minimum coding prepared from the complete report and with no independent author verification of detailed fields claimed.,Author approved eligibility decision — 2026-08-24,High,Minimum corpus coding prepared; detailed source-specific fields may remain unreported,https://doi.org/10.1007/978-3-030-77977-1_18
R19807,Dynamic PCA Based Statistical Monitoring of Air Pollutant Concentrations in Wildfire Scenarios,"Osswald, Tobias and Fernandes, Ana Patr{\'i}cia and Miranda, Ana Isabel and Gouveia, S{\'o}nia",2022,"Pattern Recognition and Image Analysis: 10th Iberian Conference, IbPRIA 2022, Aveiro, Portugal, May 4–6, 2022, Proceedings",10.1007/978-3-031-04881-4_54,Mediterranean wildfire smoke,Direct fire-specific evidence,Continuous multivariate air-pollutant anomaly monitoring,Fixed air-quality monitoring stations,Time series of measured pollutant concentrations,Dynamic principal-component analysis with Hotelling T-squared and Q statistics,Retrospective 2021 Mediterranean wildfire scenarios,Field monitoring data plus statistical analysis,Event/anomaly identification relative to reference behaviour,Time-varying T-squared/Q deviations and event correspondence,"Station sparsity, smoke attribution and need for higher-resolution dispersion modelling",2,"Supports multivariate anomaly detection in the evaluated monitoring series; it does not directly map plumes, predict health effects or establish causal attribution.",Direct fire-specific evidence,Direct fire-specific evidence,Retrieved full report assessed 2026-08-24; minimum coding prepared from the complete report and with no independent author verification of detailed fields claimed.,Author approved eligibility decision — 2026-08-24,High,Minimum corpus coding prepared; detailed source-specific fields may remain unreported,https://doi.org/10.1007/978-3-031-04881-4_54
R19854,Wildfire Perimeter Detection via Iterative Trimming Method,"Tan, Li and Hu, Yangsheng and Tan, Shuo and de Callafon, Raymond A. and Alt{\i}nta{\c s}, Ilkay",2023,"Computational Science – ICCS 2023: 23rd International Conference, Prague, Czech Republic, July 3–5, 2023, Proceedings, Part I",10.1007/978-3-031-35995-8_22,Wildfire,Fire-specific interface/source-state evidence,Automatic perimeter extraction from thermal imagery,Aerial/satellite thermal-infrared image processing,Thermal-infrared wildfire images,Delaunay-triangulation iterative trimming method,Offline satellite-image case evaluation,Retrospective/offline,Comparison with edge-detection/image-segmentation methods,Closed-polygon formation and boundary representation,Spot fires can be removed/taken separately; limited image/event evaluation,2,Supports closed-perimeter extraction on the evaluated thermal image; it does not validate real-time field robustness or smoke prediction.,Fire-specific interface or background evidence,Conditional fire-source/perimeter input,Retrieved full report assessed 2026-08-24; minimum coding prepared from the complete report and with no independent author verification of detailed fields claimed.,Author approved eligibility decision — 2026-08-24,High,Minimum corpus coding prepared; detailed source-specific fields may remain unreported,https://doi.org/10.1007/978-3-031-35995-8_22
R19856,Impact of Mixed-Precision: A Way to Accelerate Data-Driven Forest Fire Spread Systems,"Carrillo, Carlos and Margalef, Tom{\'a}s and Espinosa, Antonio and Cort{\'e}s, Ana",2023,"Computational Science – ICCS 2023: 23rd International Conference, Prague, Czech Republic, July 3–5, 2023, Proceedings, Part II",10.1007/978-3-031-36021-3_5,Forest fire,Fire-specific interface/source-state evidence,Acceleration of data-driven fire-spread calibration,FARSITE two-stage genetic-algorithm workflow,Fire-evolution observations and uncertain simulation inputs,Mixed-precision computation in calibration and spread simulation,Computational benchmark experiments,Simulation only,Accuracy/runtime comparison across numeric-precision configurations,"Execution time, prediction quality and variable precision sensitivity",Simulator/input dependence and numerical-error trade-offs,1,"Supports mixed-precision acceleration in the evaluated FARSITE calibration workflow; it does not establish emissions reductions, smoke accuracy or operational deployment.",Fire-specific interface or background evidence,Conditional fire-source/perimeter input,Retrieved full report assessed 2026-08-24; minimum coding prepared from the complete report and with no independent author verification of detailed fields claimed.,Author approved eligibility decision — 2026-08-24,High,Minimum corpus coding prepared; detailed source-specific fields may remain unreported,https://doi.org/10.1007/978-3-031-36021-3_5
R19857,Human-Sensors & Physics Aware Machine Learning for Wildfire Detection and Nowcasting,"Lever, Jake and Cheng, Sibo and Arcucci, Rossella",2023,"Computational Science – ICCS 2023: 23rd International Conference, Prague, Czech Republic, July 3–5, 2023, Proceedings, Part IV",10.1007/978-3-031-36027-5_33,Wildfire,Fire-specific interface/source-state evidence,Human-sensor ignition localisation and rapid fire-spread nowcasting,Social-media pipeline coupled to a reduced-order physics model,Geolocated wildfire tweets and fire/environmental modelling inputs,Text-based ignition prediction plus machine-learning surrogate/reduced-order model,Retrospective major-wildfire case studies,Observational digital traces plus modelling,End-to-end retrospective demonstration,Ignition-location and burned-area prediction performance,"Population/reporting bias, tweet validity and limited event generalisation",2,Supports a lightweight social-data/source-state nowcasting demonstration; reporting bias and retrospective cases preclude claims of reliable operational deployment.,Fire-specific interface or background evidence,Conditional fire-source/perimeter input,Retrieved full report assessed 2026-08-24; minimum coding prepared from the complete report and with no independent author verification of detailed fields claimed.,Author approved eligibility decision — 2026-08-24,High,Minimum corpus coding prepared; detailed source-specific fields may remain unreported,https://doi.org/10.1007/978-3-031-36027-5_33
R19860,A Bi-objective Optimization Approach for Wildfire Detection,"Alvelos, Filipe and Moura, Sarah and Vieira, Ant{\'o}nio and Bento-Gon{\c c}alves, Ant{\'o}nio",2023,"Computational Science and Its Applications – ICCSA 2023 Workshops: Athens, Greece, July 3–6, 2023, Proceedings, Part II",10.1007/978-3-031-37108-0_27,Wildfire,Fire-specific interface/source-state evidence,Detection-resource purchasing and spatial placement,Municipal drone/sensor/vigilance-equipment planning,"Discretised land-use, fire-rate-of-spread and coverage-demand data",Bi-objective mixed-integer programming with epsilon-constraint and lexicographic optimisation,Municipality-level Portuguese drone-location case study,Optimisation case study,Cost-versus-coverage efficient-frontier evaluation with secondary objectives,"Coverage, budget, double coverage and maximum uncovered fire rate of spread","Discretisation, assumed demand/cost and no prospective detection-performance evaluation",2,Supports the reported efficient resource-location alternatives for one municipal case; it does not show that the planned equipment improves real-world detection or smoke response.,Fire-specific interface or background evidence,Conditional fire-source/perimeter input,Retrieved full report assessed 2026-08-24; minimum coding prepared from the complete report and with no independent author verification of detailed fields claimed.,Author approved eligibility decision — 2026-08-24,High,Minimum corpus coding prepared; detailed source-specific fields may remain unreported,https://doi.org/10.1007/978-3-031-37108-0_27
R19870,Real-Time Georeferencing of Fire Front Aerial Images Using Structure from Motion and Iterative Closest Point,"Sargento, Francisco and Ribeiro, Ricardo and Cherif, El Khalil and Bernardino, Alexandre",2022,"Pattern Recognition, Computer Vision, and Image Processing. ICPR 2022 International Workshops and Challenges: Montreal, QC, Canada, August 21–25, 2022, Proceedings, Part II",10.1007/978-3-031-37742-6_16,Forest fire,Fire-specific interface/source-state evidence,Fire-front georeferencing and three-dimensional scene reconstruction,Medium-altitude UAV or aircraft,"Aerial video, camera, IMU, GPS and digital elevation model",Structure-from-Motion plus Iterative Closest Point registration,Real forest-fire aerial video and sensor-noise experiments,Retrospective real imagery plus computational evaluation,Comparison with direct optic-ray georeferencing under telemetry noise,"Georeferencing/reconstruction accuracy, processing time and robustness to IMU/GPS error",Explicitly varies IMU and GPS error; live flight-pattern benchmarking remains future work,2,Supports real-video fire-front georeferencing and robustness in the reported scenario; it does not establish live operational plume or exposure mapping.,Fire-specific interface or background evidence,Conditional fire-source/perimeter input,Retrieved full report assessed 2026-08-24; minimum coding prepared from the complete report and with no independent author verification of detailed fields claimed.,Author approved eligibility decision — 2026-08-24,High,Minimum corpus coding prepared; detailed source-specific fields may remain unreported,https://doi.org/10.1007/978-3-031-37742-6_16
R19891,Generating Wildfire Heat Maps with Twitter and BERT,"Pinto, Jo{\~a}o Cabral and Gon{\c c}alo Oliveira, Hugo and Cardoso, Alberto and Silva, Catarina",2023,"Intelligent Data Engineering and Automated Learning – IDEAL 2023: 24th International Conference, {\'E}vora, Portugal, November 22–24, 2023, Proceedings",10.1007/978-3-031-48232-8_9,Wildfire reports in Portugal,Fire-specific interface/source-state evidence,"Fire-report classification, location extraction and heat-map generation",Social-media information pipeline,Portuguese Twitter posts and location names,"Fine-tuned BERTimbau classifier, spaCy geoparsing and DBSCAN aggregation",Offline Portuguese-language social-media dataset,Offline computational experiment,Classifier comparison with an SVM baseline and pipeline demonstration,"Accuracy, precision, recall and F1; geoparsing requires fuller event-area validation",Imbalanced and news-headline-derived training data; location-area annotations were unavailable,1,"Supports an offline social-media fire-report and location-mapping pipeline; it does not validate operational resource allocation, smoke mapping, or health action.",Fire-specific interface or background evidence,Conditional fire-source/perimeter input,Retrieved full report assessed 2026-08-24; minimum coding prepared from the complete report and with no independent author verification of detailed fields claimed.,Author approved eligibility decision — 2026-08-24,High,Minimum corpus coding prepared; detailed source-specific fields may remain unreported,https://doi.org/10.1007/978-3-031-48232-8_9
R19899,Autonomous Unmanned Aerial Vehicle Systems in Wildfire Detection and Management-Challenges and Opportunities,"Afghah, Fatemeh",2022,"Dynamic Data Driven Applications Systems: 4th International Conference, DDDAS 2022, Cambridge, MA, USA, October 6–10, 2022, Proceedings",10.1007/978-3-031-52670-1_38,Wildfire,Fire-specific evidence synthesis,UAV-based wildfire detection and monitoring,Single and multi-UAV systems,"Visible, thermal and multispectral imagery; communications and navigation data",Narrative synthesis of autonomous UAV approaches and deployment barriers,Review/chapter of wildfire-UAV research,Evidence synthesis / review,Narrative review and challenge taxonomy,No common quantitative synthesis; examples use study-specific detection and monitoring measures,"Highlights dataset scarcity, communications, endurance, airspace regulation and validation limitations",N/A,Supports a bounded synthesis of UAV opportunities and barriers as reported in 2022; it is not comparative proof that UAV systems outperform established monitoring.,Evidence synthesis or guidance,Fire-specific evidence synthesis,Retrieved full report assessed 2026-08-24; minimum coding prepared from the complete report and with no independent author verification of detailed fields claimed.,Author approved eligibility decision — 2026-08-24,High,Minimum corpus coding prepared; detailed source-specific fields may remain unreported,https://doi.org/10.1007/978-3-031-52670-1_38
R19974,Comparing Next-Day Wildfire Predictability of MODIS and VIIRS Satellite Data,"Karlsson, Justus and Xu, Yonghao and Berg, Amanda and Haglund, Leif",2025,"Image Analysis: 23rd Scandinavian Conference, SCIA 2025, Reykjavik, Iceland, June 23–25, 2025, Proceedings, Part II",10.1007/978-3-031-95918-9_5,Australian wildfires,Fire-specific interface/source-state evidence,Next-day fire-mask prediction and satellite-product comparison,Satellite remote sensing and deep-learning model,"MODIS/MOD14, VIIRS/VNP14, ERA5 and environmental covariates",U-Net with ResNet-50 backbone under matched input/target experiments,Retrospective mainland-Australia satellite dataset,Offline computational experiment,Repeated matched comparisons across MODIS/VIIRS input and target combinations,Pixel F1 and intersection-over-union,Product resolution and stochastic MOD14 masks are examined; no prospective event test,1,Supports the reported relative predictability of MOD14 and VNP14 within this model and Australian dataset; it does not establish universal product superiority or smoke-forecast skill.,Fire-specific interface or background evidence,Conditional fire-source/perimeter input,Retrieved full report assessed 2026-08-24; minimum coding prepared from the complete report and with no independent author verification of detailed fields claimed.,Author approved eligibility decision — 2026-08-24,High,Minimum corpus coding prepared; detailed source-specific fields may remain unreported,https://doi.org/10.1007/978-3-031-95918-9_5
R19975,Actionable Fire Modeling in Firemap for Extended Attack Decision Support,"Altintas, Ilkay and Purawat, Shweta and Crawl, Daniel and Block, Jessica and Lee, Jenny and Breland, Adrienne and Perez, Ismael and Combs, Jordan and Rawaf, Rawaf Al and Lautenberger, Chris and Johnson, Gary W. and Saah, David",2025,"Computational Science – ICCS 2025 Workshops: 25th International Conference, Singapore, Singapore, July 7–9, 2025, Proceedings, Part IV",10.1007/978-3-031-97567-7_26,2025 Los Angeles wildfires and wider operational wildfire response,Direct fire-specific evidence,Extended-attack fire-spread forecasting and operational decision support,WIFIRE Firemap with ELMFIRE and GridFire,"Field reports, satellite fire observations, weather, fuels and model outputs",Data-driven workflow integration and multi-day ensemble fire modelling,Experimental testing plus reported operational use during 2025 Los Angeles fires,Operational workflow and case examples,"System description, workflow lessons and incident examples","Operational timeliness, workflow usability and case-specific forecast products; no controlled comparative accuracy benchmark","Uses probabilistic products and identifies data-assimilation, interoperability and uncertainty-visualisation needs",4,Supports that Firemap delivered extended-attack modelling products in the described workflows and incidents; it does not prove improved suppression or community outcomes.,Direct fire-specific evidence,Direct fire-specific evidence,Retrieved full report assessed 2026-08-24; minimum coding prepared from the complete report and with no independent author verification of detailed fields claimed.,Author approved eligibility decision — 2026-08-24,High,Minimum corpus coding prepared; detailed source-specific fields may remain unreported,https://doi.org/10.1007/978-3-031-97567-7_26
R19992,Ontology-Based Forest Fire Management Using Complex Event Processing and Large Language Models,"Chandra, Ritesh and Agarwal, Sonali and Tiwari, Sadhana",2025,"Database and Expert Systems Applications: 36th International Conference, DEXA 2025, Bangkok, Thailand, August 25–27, 2025, Proceedings, Part I",10.1007/978-3-032-02049-9_7,Forest fire risk in Monfragüe/Monesterio-area environmental sensor data,Direct fire-specific evidence,"Real-time event detection, risk reasoning, alerts and decision support","Sensor-network, Kafka/Spark, CEP, ontology and LLM decision-support stack","Temperature, humidity, wind and other environmental sensor streams","SSN ontology, SWRL/SPARQL, Esper CEP, FAISS and LLM-assisted reasoning",Prototype evaluation with sensor data and increasing synthetic/event-stream loads,Computational prototype experiment,"Ontology, query, LLM-classification and CEP-throughput evaluations","Ontology metrics, query time, precision, recall, F1 and event-processing time",Remote WSN availability and reliability identified as limitations; no emergency deployment,1,Supports the reported prototype components and computational evaluations; it does not validate autonomous emergency recommendations or field decision outcomes.,Direct fire-specific evidence,Direct fire-specific evidence,Retrieved full report assessed 2026-08-24; minimum coding prepared from the complete report and with no independent author verification of detailed fields claimed.,Author approved eligibility decision — 2026-08-24,High,Minimum corpus coding prepared; detailed source-specific fields may remain unreported,https://doi.org/10.1007/978-3-032-02049-9_7
R20030,Spatiotemporal Prediction of Wildfires Spread Using Deep Learning,"Huizar Bretado, {\'A}ngel Itzcoatl and D{\'i}az Hern{\'a}ndez, Raquel and Ram{\'i}rez Guti{\'e}rrez, Kelsey Alejandra and Altamirano Robles, Leopoldo",2026,"Pattern Recognition: 18th Mexican Conference, MCPR 2026, Ciudad Ju{\'a}rez, Mexico, June 24–27, 2026, Proceedings",10.1007/978-3-032-28393-1_15,Wildfire spread in North America,Fire-specific interface/source-state evidence,Next-day spatiotemporal fire-spread prediction,Satellite-derived gridded dataset and deep-learning models,Next Day Wildfire Spread remote-sensing and environmental variables,"MobileNetV2, U-Net, ConvLSTM and xLSTM comparison",Offline standardised train/validation/test split,Offline computational experiment,Matched architecture comparison on a common dataset,"Intersection-over-union, Dice/F1 and pixel-level predictive measures",Performance varies with fire size and spatial complexity; geographic transfer not tested,1,Supports the within-dataset architecture comparison and reported small-fire behaviour; it does not establish operational or cross-region forecasting performance.,Fire-specific interface or background evidence,Conditional fire-source/perimeter input,Retrieved full report assessed 2026-08-24; minimum coding prepared from the complete report and with no independent author verification of detailed fields claimed.,Author approved eligibility decision — 2026-08-24,High,Minimum corpus coding prepared; detailed source-specific fields may remain unreported,https://doi.org/10.1007/978-3-032-28393-1_15
R20048,Zero-Shot Sim2Real Wildfire Frontline Estimation from UAV Imagery via VLM-Guided Learning,"Ko, Eun-Seong and Lee, Chang-Min and Kim, Won-Suk",2026,"Pattern Recognition: 28th International Conference, ICPR 2026, Lyon, France, August 17–22, 2026, Proceedings, Part XV",10.1007/978-3-032-31933-3_1,Wildfire frontline observed from UAVs,Fire-specific interface/source-state evidence,"Fire-frontline segmentation under smoke, terrain and vegetation occlusion",UAV imagery and synthetic wildfire simulator,Synthetic and real UAV wildfire imagery plus CLIP semantic heatmaps,CLIP-guided SegFormer zero-shot simulation-to-real transfer,Training on synthetic imagery and evaluation on real wildfire imagery,Simulation-trained model with retrospective real-image test,Ablation and baseline comparison of SegFormer and VLM-guided variants,Average Symmetric Surface Distance and frontline segmentation measures,No real imagery used for training; real-data scarcity and occlusion motivate the design,2,Supports zero-shot frontline estimation on the real-image test set and the reported ASSD reduction; it does not validate live UAV tracking or plume concentration mapping.,Fire-specific interface or background evidence,Conditional fire-source/perimeter input,Retrieved full report assessed 2026-08-24; minimum coding prepared from the complete report and with no independent author verification of detailed fields claimed.,Author approved eligibility decision — 2026-08-24,High,Minimum corpus coding prepared; detailed source-specific fields may remain unreported,https://doi.org/10.1007/978-3-032-31933-3_1
R20076,Half-duplex dynamic data driven application system for forest fire spread prediction,"Cort{\'e}s, Ana",2009,Proceedings of the Second International Conference on High Performance Computing and Applications,10.1007/978-3-642-11842-5_1,Wildland fire,Fire-specific interface/source-state evidence,Observation-updated real-time fire-spread prediction,High-performance-computing DDDAS prototype,Observed fire evolution and uncertain environmental/model inputs,Two-stage calibration and prediction with evolutionary/statistical parameter search,Prototype architecture and computational examples,Conceptual/prototype computational system,Architecture description with initial feasibility demonstration,Prediction error and execution-time feasibility,Input-data uncertainty is central; paper reports an early prototype rather than operational validation,1,Supports the proposed half-duplex DDDAS architecture and prototype feasibility only; it does not establish operational accuracy or downstream smoke prediction.,Fire-specific interface or background evidence,Conditional fire-source/perimeter input,Retrieved full report assessed 2026-08-24; minimum coding prepared from the complete report and with no independent author verification of detailed fields claimed.,Author approved eligibility decision — 2026-08-24,High,Minimum corpus coding prepared; detailed source-specific fields may remain unreported,https://doi.org/10.1007/978-3-642-11842-5_1
R20110,Forest Fire Detection and Localization with Wireless Sensor Networks,"Sabri, Yassine and Kamoun, Najib",2013,Revised Selected Papers of the First International Conference on Networked Systems - Volume 7853,10.1007/978-3-642-40148-0_32,Forest fire,Fire-specific interface/source-state evidence,Early fire detection and localisation,Large-scale wireless sensor network,"Distributed temperature, humidity and light measurements",Range-based localisation and convex-hull-related WSN protocol,Simulated sensor-network deployments,Simulation,Network-size and anchor-density simulation experiments,Detection/localisation response and convergence time; energy considerations,Simulation assumptions and future evolutionary detection algorithm; no field test,1,"Supports the reported fire-source, perimeter, detection, or spread task in its stated evaluation setting; it does not validate smoke concentration, health-risk estimation, or an end-to-end response system.",Fire-specific interface or background evidence,Conditional fire-source/perimeter input,Retrieved full report assessed 2026-08-24; minimum coding prepared from the complete report and with no independent author verification of detailed fields claimed.,Author approved eligibility decision — 2026-08-24,High,Minimum corpus coding prepared; detailed source-specific fields may remain unreported,https://doi.org/10.1007/978-3-642-40148-0_32
R20120,Physics-Guided Knowledge Graphs for Verifiable Wildfire Prediction,"Abu Zaid, Nahed and Vatsavai, Ranga Raju",2026,"Advances in Knowledge Discovery and Data Mining: 30th Pacific-Asia Conference on Knowledge Discovery and Data Mining, PAKDD 2026, Hong Kong, China, June 9–12, 2026, Proceedings, Part III",10.1007/978-981-92-1465-5_36,Western United States wildfire occurrence/spread,Fire-specific interface/source-state evidence,Physics-constrained wildfire probability prediction,Spatio-temporal knowledge graph and convex optimisation layer,"Fire perimeters, terrain, vegetation, weather and MODIS/VIIRS/FIRMS inputs",Baseline ML models projected through reachability and rate-of-spread constraints,One Western-US region and one evaluation year,Retrospective computational experiment,Four baseline models before/after physics-constrained projection,"AUC, constraint-violation rates and KKT residuals",One region/year; scale-dependent parameters and a simplified rate-of-spread cap omit spotting,1,"Supports improved AUC and solver-certified constraint compliance in the stated region/year; it does not establish portable wildfire, smoke, or operational decision performance.",Fire-specific interface or background evidence,Conditional fire-source/perimeter input,Retrieved full report assessed 2026-08-24; minimum coding prepared from the complete report and with no independent author verification of detailed fields claimed.,Author approved eligibility decision — 2026-08-24,High,Minimum corpus coding prepared; detailed source-specific fields may remain unreported,https://doi.org/10.1007/978-981-92-1465-5_36
R20134,MFiSP: A Multimodal Fire Spread Prediction Framework,"Sathiyamoorthy, Alec and Zhou, Wenhao and Zhou, Xiangmin and Li, Xiaodong and Gondal, Iqbal",2025,"AI 2025: Advances in Artificial Intelligence: 38th Australasian Joint Conference on Artificial Intelligence, AI 2025, Canberra, ACT, Australia, December 1–5, 2025, Proceedings, Part I",10.1007/978-981-95-4969-6_31,Wildfire spread,Fire-specific interface/source-state evidence,Multimodal observation assimilation for fire-spread prediction,MFiSP modelling framework,"Synthetic fire polygons, remote sensing and simulated/social-media observations",Fuel-map adjustment between assimilation cycles,Synthetically generated fire scenarios,Simulation,Scenario comparison of individual and combined observation inputs,Perimeter alignment/rate-of-spread fit reported for synthetic cases,No real-event validation; operational utility and generalisability remain future work,1,Supports the reported synthetic-scenario comparison only; claims of operational precision or superiority require real-world validation.,Fire-specific interface or background evidence,Conditional fire-source/perimeter input,Retrieved full report assessed 2026-08-24; minimum coding prepared from the complete report and with no independent author verification of detailed fields claimed.,Author approved eligibility decision — 2026-08-24,High,Minimum corpus coding prepared; detailed source-specific fields may remain unreported,https://doi.org/10.1007/978-981-95-4969-6_31
R20141,WSRNet: A Multi-task Learning Model for Satellite Image Recognition and Segmentation of Forest Wildfires,"Luo, Juan and Liu, Tianyang and Feng, Kexuan and Zeng, Guogen and Li, Fan",2026,"Algorithms and Architectures for Parallel Processing: 25th International Conference, ICA3PP 2025, Zhengzhou, China, October 30–November 2, 2025, Proceedings, Part III",10.1007/978-981-95-8405-5_18,Australian forest wildfire imagery,Fire-specific interface/source-state evidence,Wildfire-image classification and fire-region segmentation,Satellite-image multi-task model,WildfireForest-S2 satellite-image dataset,WSRNet multi-task U-Net-style shared encoder and task-specific decoders,Offline Australian image dataset,Offline computational experiment,Baseline comparison and component ablation,"Classification accuracy, F1 and mean intersection-over-union",Geographic coverage and computational efficiency for real-time use remain future work,1,"Supports classification/segmentation performance on WildfireForest-S2; it does not validate live monitoring, transport forecasting, or health action.",Fire-specific interface or background evidence,Conditional fire-source/perimeter input,Retrieved full report assessed 2026-08-24; minimum coding prepared from the complete report and with no independent author verification of detailed fields claimed.,Author approved eligibility decision — 2026-08-24,High,Minimum corpus coding prepared; detailed source-specific fields may remain unreported,https://doi.org/10.1007/978-981-95-8405-5_18
R20196,Toward real-time optimization through model reduction and model discrepancy sensitivities,"Hart, Joseph and McQuarrie, Shane A. and Morrow, Zachary and van Bloemen Waanders, Bart",2026,Struct. Multidiscip. Optim.,10.1007/s00158-025-04241-2,Wildland fire,Fire-specific source/perimeter simulation; atmospheric-contaminant example is adjacent,Forecasting / simulation,WRF-SFIRE coupled atmosphere–fire model and neural-operator reduced-order model,"Synthetic WRF-SFIRE fire-front observations generated under training, validation and shifted-wind test conditions","Nonintrusive reduced-order modelling, hyper-differential sensitivity to model discrepancy, Bayesian inverse estimation and trust-region optimization",Valles Caldera wildfire ignition-location inverse problem with deliberately inaccurate atmospheric training data,Simulation only,"15 training, five validation and five held-out shifted-wind tests; one online full-order-model correction","Relative full-order-model misfit, ignition-location error, percentage reduction and one illustrated 95% Gaussian confidence ellipse",Bayesian/model-discrepancy formulation; uncertainty illustration is limited and not field-calibrated,1,"Supports computational feasibility in five synthetic WRF-SFIRE test cases; it does not establish live-wildfire performance, robustness to noisy satellite data, operational runtime, smoke/PM forecasting, or decision benefit.",Fire-specific interface or background evidence,Fire-specific simulation evidence,Complete report text extracted and AI-assisted detailed charting proposal; no independent author verification of detailed fields claimed,Author verified — approved 23 Aug 2026,High,Minimum corpus coding reviewed; detailed source-specific fields may remain unreported,https://doi.org/10.1007/s00158-025-04241-2
R20497,Cloud-assisted green IoT-enabled comprehensive framework for wildfire monitoring,"Kaur, Harkiran and Sood, Sandeep K. and Bhatia, Munish",2020,Cluster Computing,10.1007/s10586-019-02981-7,Forest wildfire susceptibility/detection,Fire-specific interface/source-state evidence,IoT-based fire vulnerability prediction and monitoring,Fog-cloud IoT architecture,"Temperature, wind speed, humidity and precipitation from IoT/environmental datasets","Jaccard redundancy reduction, vulnerability index, ANN and self-organising-map visualisation",Simulation across multiple datasets,Simulation/offline experiment,Comparison with selected prior predictive techniques,"Prediction-classification performance, latency/resource and energy-related measures",Dataset and simulated-network evidence; security and real-time delivery require further evaluation,1,"Supports the reported fire-source, perimeter, detection, or spread task in its stated evaluation setting; it does not validate smoke concentration, health-risk estimation, or an end-to-end response system.",Fire-specific interface or background evidence,Conditional fire-source/perimeter input,Retrieved full report assessed 2026-08-24; minimum coding prepared from the complete report and with no independent author verification of detailed fields claimed.,Author approved eligibility decision — 2026-08-24,High,Minimum corpus coding prepared; detailed source-specific fields may remain unreported,https://doi.org/10.1007/s10586-019-02981-7
R20518,Decision support system for Forest fire management using Ontology with Big Data and LLMs,"Chandra, Ritesh and Kumar, Shashi Shekhar and Patra, Rushil and Agarwal, Sonali",2025,Cluster Computing,10.1007/s10586-025-05383-0,Forest fire,Fire-specific decision-support prototype; not smoke-specific,Intervention / decision support,"Ontology, Apache Spark streaming and LLM/RAG software pipeline","Montesinho weather/fire dataset, semantic-sensor inputs, survey documents and fire-management guidance","SSN ontology, more than 200 SWRL rules, Spark alerts, FAISS retrieval and LLM-generated recommendations",Retrospective software prototype and query examples,Prototype evaluation using existing data and documents; no live incident deployment,"Ontology metrics, 97 SPARQL queries and five LLM questions compared with predefined responses","Ontology richness/quality, query time, cosine similarity, precision, recall and F1 for five questions",No formal uncertainty propagation or calibration,1,"Supports prototype feasibility and limited query evaluation only; it does not establish reduced human intervention, operational reliability, real-time incident performance, external validity, or governance readiness.",Fire-specific interface or background evidence,Fire-specific prototype and decision-interface evidence,Complete report text extracted and AI-assisted detailed charting proposal; no independent author verification of detailed fields claimed,Author verified — approved 23 Aug 2026,High,Minimum corpus coding reviewed; detailed source-specific fields may remain unreported,https://doi.org/10.1007/s10586-025-05383-0
R20618,Modelling forest fire dynamics using conditional variational autoencoders,"Ribeiro, Tiago Filipe Rodrigues and Silva, Fernando Jos{\'e} Mateus da and Costa, Rog{\'e}rio Lu{\'i}s de Carvalho",2024,Information Systems Frontiers,10.1007/s10796-024-10507-9,Forest fire burned-area evolution,Fire-specific interface/source-state evidence,Region interpolation and fire-propagation forecasting,Deep generative model,Real-world sequential burned-area polygons,Conditional variational autoencoder,Retrospective real fire-region dataset,Offline computational experiment,Comparison with established interpolation/forecasting techniques,Geometric similarity and temporal consistency,Evaluation is restricted to two-dimensional region evolution and selected forecast horizons,1,"Supports CVAE interpolation/forecasting on the stated dataset and metrics; it does not model smoke, exposure, or operational intervention.",Fire-specific interface or background evidence,Conditional fire-source/perimeter input,Retrieved full report assessed 2026-08-24; minimum coding prepared from the complete report and with no independent author verification of detailed fields claimed.,Author approved eligibility decision — 2026-08-24,High,Minimum corpus coding prepared; detailed source-specific fields may remain unreported,https://doi.org/10.1007/s10796-024-10507-9
R20784,Decentralized estimation of forest fire spread using reactive and cognitive mobile sensors,"Schlotterbeck, Guillaume and Ra{\""i}evsky, Clement and Lef{\`e}vre, Laurent",2018,Natural Computing: An International Journal,10.1007/s11047-017-9627-0,Simulated forest fire,Fire-specific interface/source-state evidence,Decentralised mobile-sensor estimation of fire-spread state,Reactive and cognitive mobile-sensor multi-agent system,Local observations of a cellular-automaton fire field,Decentralised trajectory coordination with reactive/cognitive agent behaviours,GPGPU cellular-automaton simulations,Simulation,"Random, reactive and cognitive behaviour comparison",Coherence/distance error over the simulated fire state,Performance depends on simulated fire dynamics and behavioural parameters; no physical platform test,1,"Supports the reported fire-source, perimeter, detection, or spread task in its stated evaluation setting; it does not validate smoke concentration, health-risk estimation, or an end-to-end response system.",Fire-specific interface or background evidence,Conditional fire-source/perimeter input,Retrieved full report assessed 2026-08-24; minimum coding prepared from the complete report and with no independent author verification of detailed fields claimed.,Author approved eligibility decision — 2026-08-24,High,Minimum corpus coding prepared; detailed source-specific fields may remain unreported,https://doi.org/10.1007/s11047-017-9627-0
R20814,Enhancing computational efficiency on forest fire forecasting by time-aware Genetic Algorithms,"Art{\'e}s, Tom{\`a}s and Cencerrado, Andr{\'e}s and Cort{\'e}s, Ana and Margalef, Tom{\`a}s",2015,J. Supercomput.,10.1007/s11227-014-1365-9,2012 Catalonia wildfire,Fire-specific interface/source-state evidence,Deadline-aware calibration and fire-spread prediction,Hybrid MPI-OpenMP high-performance-computing system,Observed fire perimeter and uncertain simulator inputs,Time-aware genetic algorithm with adaptive core allocation and scheduling,Retrospective real-fire case with computational experiments,Retrospective incident simulation,Resource-allocation variants compared under imposed deadlines,"Execution time, core efficiency and calibration/prediction quality",Input uncertainty is calibrated; findings derive from one fire and computing environment,2,"Supports the reported fire-source, perimeter, detection, or spread task in its stated evaluation setting; it does not validate smoke concentration, health-risk estimation, or an end-to-end response system.",Fire-specific interface or background evidence,Conditional fire-source/perimeter input,Retrieved full report assessed 2026-08-24; minimum coding prepared from the complete report and with no independent author verification of detailed fields claimed.,Author approved eligibility decision — 2026-08-24,High,Minimum corpus coding prepared; detailed source-specific fields may remain unreported,https://doi.org/10.1007/s11227-014-1365-9
R21875,Metaheuristic algorithms for calibration of two-dimensional wildfire spread prediction model,"Pereira, Jorge and Mendes, J{\'e}r{\^o}me and J{\'u}nior, Jorge S.S. and Viegas, Carlos and Paulo, Jo{\~a}o Ruivo",2024,Eng. Appl. Artif. Intell.,10.1016/j.engappai.2024.108928,Two prescribed surface fires,Fire-specific interface/source-state evidence,Calibration of two-dimensional fire-spread prediction,Rothermel-based two-dimensional simulator,Observed prescribed-fire perimeters and fuel/environmental parameters,"Genetic algorithm, differential evolution and simulated annealing",Two prescribed-fire validation cases,Controlled field observations plus simulation,Three calibration algorithms compared with the uncalibrated model,Symmetric-difference/perimeter-fit measures and computational behaviour,Calibrates selected fuel parameters; evidence is limited to two prescribed fires,2,"Supports the reported fire-source, perimeter, detection, or spread task in its stated evaluation setting; it does not validate smoke concentration, health-risk estimation, or an end-to-end response system.",Fire-specific interface or background evidence,Conditional fire-source/perimeter input,Retrieved full report assessed 2026-08-24; minimum coding prepared from the complete report and with no independent author verification of detailed fields claimed.,Author approved eligibility decision — 2026-08-24,High,Minimum corpus coding prepared; detailed source-specific fields may remain unreported,https://doi.org/10.1016/j.engappai.2024.108928
R21976,A tool for simulation and geo-animation of wildfires with fuel editing and hotspot monitoring capabilities,"Bogdos, Nikos and Manolakos, Elias S.",2013,Environ. Model. Softw.,10.1016/j.envsoft.2013.03.009,European wildfires and hotspot-triggered scenarios,Fire-specific interface/source-state evidence,"Interactive fire simulation, geo-animation and hotspot-triggered monitoring",FLogA web-based service-oriented tool,"Public terrain, fuel, METAR weather and satellite hotspot services",Automated input-layer generation and multiple fire-spread simulations,Software demonstration and scenario tests,Computational prototype,"Tool architecture, generated scenarios and interactive demonstration","Functional capability, scenario outputs and qualitative usability; no incident-level accuracy benchmark",Samples wind direction/speed and supports what-if cases; operational validation is not shown,1,"Supports the reported fire-source, perimeter, detection, or spread task in its stated evaluation setting; it does not validate smoke concentration, health-risk estimation, or an end-to-end response system.",Fire-specific interface or background evidence,Conditional fire-source/perimeter input,Retrieved full report assessed 2026-08-24; minimum coding prepared from the complete report and with no independent author verification of detailed fields claimed.,Author approved eligibility decision — 2026-08-24,High,Minimum corpus coding prepared; detailed source-specific fields may remain unreported,https://doi.org/10.1016/j.envsoft.2013.03.009
R21982,Response time assessment in forest fire spread simulation: An integrated methodology for efficient exploitation of available prediction time,"Cencerrado, Andr{\'e}s and Cort{\'e}s, Ana and Margalef, Tom{\'i}s",2014,Environ. Model. Softw.,10.1016/j.envsoft.2014.01.008,2012 Catalonia wildfire,Fire-specific interface/source-state evidence,Response-time assessment for calibrated fire-spread prediction,Two-stage high-performance-computing prediction framework,Observed fire evolution and uncertain simulation inputs,Decision-tree screening and genetic-algorithm calibration,"Retrospective 13,000-hectare Catalonia fire",Retrospective incident simulation,Statistical evaluation of discarding lengthy simulations under deadlines,"Hit ratio, response time, prediction/calibration error and resource use",Explicit input and runtime uncertainty; generalisation beyond one incident not established,2,"Supports the reported fire-source, perimeter, detection, or spread task in its stated evaluation setting; it does not validate smoke concentration, health-risk estimation, or an end-to-end response system.",Fire-specific interface or background evidence,Conditional fire-source/perimeter input,Retrieved full report assessed 2026-08-24; minimum coding prepared from the complete report and with no independent author verification of detailed fields claimed.,Author approved eligibility decision — 2026-08-24,High,Minimum corpus coding prepared; detailed source-specific fields may remain unreported,https://doi.org/10.1016/j.envsoft.2014.01.008
R22011,Improving the reliability and utility of operational bushfire behaviour predictions in Australian vegetation,"Plucinski, Matt P. and Sullivan, Andrew L. and Rucinski, Chris J. and Prakash, Mahesh",2017,Environ. Model. Softw.,10.1016/j.envsoft.2017.01.019,Australian bushfires across multiple vegetation/fuel types,Direct fire-specific evidence,Human-in-the-loop operational fire-behaviour prediction and decision support,Amicus fire-behaviour prediction system,"User-entered weather, fuel, terrain and local/expert knowledge","Operational model library, domain warnings, scenario analysis and provenance capture",Operationally oriented software and practitioner workflow,Pilot/operational workflow system,System/functionality report grounded in operational models and practitioner requirements,"Model-domain warnings, scenario outputs, provenance and usability functions; no outcome-effect trial",Explicitly exposes model-domain limitations and input uncertainty and retains human responsibility,3,"Supports Amicus functions for uncertainty-aware, human-owned fire-behaviour predictions; it does not prove improved suppression, warning, evacuation or health outcomes.",Direct fire-specific evidence,Direct fire-specific evidence,Retrieved full report assessed 2026-08-24; minimum coding prepared from the complete report and with no independent author verification of detailed fields claimed.,Author approved eligibility decision — 2026-08-24,High,Minimum corpus coding prepared; detailed source-specific fields may remain unreported,https://doi.org/10.1016/j.envsoft.2017.01.019
R22023,Assessing improvements in models used to operationally predict wildland fire rate of spread,"Cruz, Miguel G. and Alexander, Martin E. and Sullivan, Andrew L. and Gould, James S. and Kilinc, Musa",2018,Environ. Model. Softw.,10.1016/j.envsoft.2018.03.027,Wildfires and prescribed fires in five fuel types,Fire-specific interface/source-state evidence,Evaluation of operational fire rate-of-spread models,Australian operational fire-behaviour models,Observed wildfire and prescribed-fire spread rates,Matched error analysis of newer and predecessor empirical models,Multi-fuel field-observation compilation,Retrospective field-observation evaluation,Old-versus-new model comparison within fuel types,"Mean absolute error, bias and related prediction-error statistics",Observation and model-domain variation across fuel types; does not evaluate smoke transport,2,Supports improved rate-of-spread errors for the evaluated newer models and fuel types; it does not imply accurate plume or health-risk prediction.,Fire-specific interface or background evidence,Conditional fire-source/perimeter input,Retrieved full report assessed 2026-08-24; minimum coding prepared from the complete report and with no independent author verification of detailed fields claimed.,Author approved eligibility decision — 2026-08-24,High,Minimum corpus coding prepared; detailed source-specific fields may remain unreported,https://doi.org/10.1016/j.envsoft.2018.03.027
R22043,Global sensitivity analysis for uncertainty quantification in fire spread models,"KC, Ujjwal and Aryal, Jagannath and Garg, Saurabh and Hilton, James",2021,Environ. Model. Softw.,10.1016/j.envsoft.2021.105110,Wildland/forest fire spread,Fire-specific interface/source-state evidence,Uncertainty quantification and input-sensitivity analysis,Dry Eucalypt and Rothermel fire-spread models,Model input distributions rather than live sensing,"Morris, Sobol, FAST and PAWN global sensitivity methods",Computational experiments on two empirical fire-spread models,Simulation/methodological comparison,"Convergence, robustness and computational-cost comparison","Sensitivity indices, convergence/robustness behaviour and computational cost",Uncertainty is the study target; methods differ in interaction coverage and computational burden,1,"Supports method-selection trade-offs for the two evaluated spread models; it does not quantify end-to-end forecast, smoke, or health uncertainty.",Fire-specific interface or background evidence,Conditional fire-source/perimeter input,Retrieved full report assessed 2026-08-24; minimum coding prepared from the complete report and with no independent author verification of detailed fields claimed.,Author approved eligibility decision — 2026-08-24,High,Minimum corpus coding prepared; detailed source-specific fields may remain unreported,https://doi.org/10.1016/j.envsoft.2021.105110
R22045,Derivation of a Bayesian fire spread model using large-scale wildfire observations,"Storey, Michael A. and Bedward, Michael and Price, Owen F. and Bradstock, Ross A. and Sharples, Jason J.",2021,Environ. Model. Softw.,10.1016/j.envsoft.2021.105127,Large Australian wildfires,Fire-specific interface/source-state evidence,Probabilistic fire rate-of-spread prediction,Bayesian statistical model,"Remotely sensed wildfire spread observations, weather and soil moisture",Bayesian rate-of-spread regression with predictive distributions,Large retrospective wildfire-observation dataset,Retrospective field/satellite observational modelling,"Model development, validation and comparison with operational deterministic models","Predictive distributions, error/fit and out-of-sample model-evaluation measures",Explicit Bayesian observation and predictive uncertainty,2,Supports probabilistic rate-of-spread predictions for the analysed wildfire data; downstream evacuation or smoke-risk benefits were not evaluated.,Fire-specific interface or background evidence,Conditional fire-source/perimeter input,Retrieved full report assessed 2026-08-24; minimum coding prepared from the complete report and with no independent author verification of detailed fields claimed.,Author approved eligibility decision — 2026-08-24,High,Minimum corpus coding prepared; detailed source-specific fields may remain unreported,https://doi.org/10.1016/j.envsoft.2021.105127
R22076,Rapid prediction of wildfire spread using ensemble Kalman filter and polyline simplification,"Yoo, Seungmin and Song, Junho",2023,Environ. Model. Softw.,10.1016/j.envsoft.2022.105610,Synthetic wildfire scenario using real Nevada inputs,Fire-specific interface/source-state evidence,Near-real-time perimeter prediction and data assimilation,FARSITE and ensemble Kalman filter,"Observed/synthetic fire perimeters plus climate, terrain and vegetation",Polyline simplification and ensemble Kalman filtering,Synthetic scenario generated from real environmental inputs,Simulation,Polyline-resolution and assimilation comparisons,Perimeter-prediction accuracy and computational time,Observation and ensemble errors represented; no actual incident assimilation test,1,"Supports the reported fire-source, perimeter, detection, or spread task in its stated evaluation setting; it does not validate smoke concentration, health-risk estimation, or an end-to-end response system.",Fire-specific interface or background evidence,Conditional fire-source/perimeter input,Retrieved full report assessed 2026-08-24; minimum coding prepared from the complete report and with no independent author verification of detailed fields claimed.,Author approved eligibility decision — 2026-08-24,High,Minimum corpus coding prepared; detailed source-specific fields may remain unreported,https://doi.org/10.1016/j.envsoft.2022.105610
R22079,Implementation of spatially-varying wind adjustment factor for wildfire simulations,"Sutherland, Duncan and Rashid, Mahmood A. and Hilton, James E. and Moinuddin, Khalid A.M.",2023,Environ. Model. Softw.,10.1016/j.envsoft.2023.105660,Historical Australian wildfires,Fire-specific interface/source-state evidence,Spatially varying wind adjustment for fire-spread simulation,Spark operational wildfire-prediction framework,"Remote-sensing-derived leaf-area index, vegetation height and historical fire extents",Spatial wind-adjustment-factor model coupled to fire simulation,Retrospective simulations of historical fires,Retrospective incident simulation,Simulations with and without spatially varying wind adjustment,Agreement with recorded fire extents and rate-of-spread behaviour,Vegetation-derived WAF inputs and historical reconstruction uncertainty; position paper evidence,2,"Supports the reported fire-source, perimeter, detection, or spread task in its stated evaluation setting; it does not validate smoke concentration, health-risk estimation, or an end-to-end response system.",Fire-specific interface or background evidence,Conditional fire-source/perimeter input,Retrieved full report assessed 2026-08-24; minimum coding prepared from the complete report and with no independent author verification of detailed fields claimed.,Author approved eligibility decision — 2026-08-24,High,Minimum corpus coding prepared; detailed source-specific fields may remain unreported,https://doi.org/10.1016/j.envsoft.2023.105660
R22106,Cloud-based urgent computing for forest fire spread prediction,"Fraga, Edigley and Cort{\'e}s, Ana and Margalef, Tom{\`a}s and Hern{\'a}ndez, Porfidio and Carrillo, Carlos",2024,Environ. Model. Softw.,10.1016/j.envsoft.2024.106057,2018 Camp Fire,Fire-specific interface/source-state evidence,Deadline-constrained cloud fire-spread calibration and prediction,Cloud-based urgent-computing two-stage framework,"Observed fire perimeters, GIS themes, weather and uncertain simulator inputs",Genetic-algorithm calibration with adaptive evaluation and cloud resource allocation,Retrospective Camp Fire case in a production-like cloud environment,Retrospective incident simulation,"Repeated timing, cost and goodness-of-fit experiments","Execution time, cloud cost, goodness-of-fit and forecast-perimeter trend",Ten-run variability and input calibration considered; one incident and no live operational trial,2,"Supports the reported fire-source, perimeter, detection, or spread task in its stated evaluation setting; it does not validate smoke concentration, health-risk estimation, or an end-to-end response system.",Fire-specific interface or background evidence,Conditional fire-source/perimeter input,Retrieved full report assessed 2026-08-24; minimum coding prepared from the complete report and with no independent author verification of detailed fields claimed.,Author approved eligibility decision — 2026-08-24,High,Minimum corpus coding prepared; detailed source-specific fields may remain unreported,https://doi.org/10.1016/j.envsoft.2024.106057
R22138,Evaluating Australian forest fire rate of spread models using VIIRS satellite observations,"Gale, Matthew G. and Cary, Geoffrey J.",2025,Environ. Model. Softw.,10.1016/j.envsoft.2025.106436,Australian forest wildfires,Fire-specific interface/source-state evidence,Evaluation of head-fire rate-of-spread models,Four Australian operational fire-behaviour models,"VIIRS satellite active-fire observations, weather and fuel variables",Satellite-derived spread-rate inference and model-error comparison,Retrospective 2019-2020 wildfire observations,Retrospective satellite/field evaluation,Four-model comparison against inferred spread rates,"Prediction error, bias and agreement with inferred rate of spread",Satellite timing/location and wind characterisation limitations are discussed,2,Supports the reported model-error comparison against VIIRS-derived rates of spread; it does not establish smoke-transport accuracy or universal model ranking.,Fire-specific interface or background evidence,Conditional fire-source/perimeter input,Retrieved full report assessed 2026-08-24; minimum coding prepared from the complete report and with no independent author verification of detailed fields claimed.,Author approved eligibility decision — 2026-08-24,High,Minimum corpus coding prepared; detailed source-specific fields may remain unreported,https://doi.org/10.1016/j.envsoft.2025.106436
R22159,"THU-Wildfire: A multitemporal, multimodal observation dataset for wildfire behavior dynamics","Zhou, Jiahao and He, Sen and Wu, Shanjunxia and Zhang, Jia and Wang, Qiuhua and Wang, Fei",2026,Environ. Model. Softw.,10.1016/j.envsoft.2026.106872,Controlled surface-wildfire experiments,Direct fire-specific evidence,"Full-lifecycle multimodal wildfire observation, pollutant measurement and model benchmarking","Multi-UAV relay, LiDAR/photogrammetry and ground environmental instruments","Optical/thermal UAV imagery, LiDAR, weather and ETAR7002 air-pollutant measurements","Synchronous multitemporal data fusion with fuel, spread and severity benchmark tasks",Controlled field burns with a released multimodal dataset,Controlled field observation plus modelling,"Dataset construction and benchmark demonstrations across pre-, active- and post-fire stages","Spatial/temporal coverage and task-specific fuel, spread and severity metrics","Preprint; limited fuels/regions, no fuel-moisture measurement and thermal-optical registration limitations",2,"Supports the reported controlled-burn dataset, pollutant/weather streams and benchmark demonstrations; it does not establish uncontrolled-wildfire plume forecasting or operational health protection.",Direct fire-specific evidence,Direct fire-specific evidence,Retrieved full report assessed 2026-08-24; minimum coding prepared from the complete report and with no independent author verification of detailed fields claimed.,Author approved eligibility decision — 2026-08-24,High,Minimum corpus coding prepared; detailed source-specific fields may remain unreported,https://doi.org/10.1016/j.envsoft.2026.106872
R22181,A data fusion framework with novel hybrid algorithm for multi-agent Decision Support System for Forest Fire,"Elmas, {\c C}etin and S{\""o}nmez, Yusuf",2011,Expert Syst. Appl.,10.1016/j.eswa.2011.01.125,"Forest fire danger, detection and spread",Direct fire-specific evidence,"Multi-agent decision support for fire danger, detection and spread estimation",FOFDESS multi-agent decision-support system,"Meteorological, environmental and image data","ANN, Naive Bayes, fuzzy switching, image processing and NABNEF fusion",Experimental datasets and system tests,Offline/prototype experiment,Algorithm and fusion-component comparisons within the proposed system,Classification/prediction accuracy and study-specific fire danger/detection measures,Evidence is prototype-level and predates contemporary operational validation practices,1,"Supports the reported FOFDESS component experiments; it does not validate real-time deployment, firefighting strategy improvement, smoke exposure or health outcomes.",Direct fire-specific evidence,Direct fire-specific evidence,Retrieved full report assessed 2026-08-24; minimum coding prepared from the complete report and with no independent author verification of detailed fields claimed.,Author approved eligibility decision — 2026-08-24,High,Minimum corpus coding prepared; detailed source-specific fields may remain unreported,https://doi.org/10.1016/j.eswa.2011.01.125
R22327,Cloud computing based bushfire prediction for cyberphysical emergency applications,"Garg, Saurabh and Aryal, Jagannath and Wang, Hao and Shah, Tejal and Kecskemeti, Gabor and Ranjan, Rajiv",2018,Future Gener. Comput. Syst.,10.1016/j.future.2017.02.009,Tasmanian bushfire risk/prediction,Fire-specific interface/source-state evidence,Deadline-aware scalable fire-prediction service,Cloud-based cyber-physical emergency framework,Regional environmental inputs and user/model requests,Model selection and deadline-aware cloud scheduling,Tasmania bushfire-model cloud case study,Computational prototype experiment,Scalability and scheduling evaluation under user deadlines,"Deadline satisfaction, resource use, scalability and cost/performance",Evaluates computing service delivery rather than incident forecast accuracy,1,"Supports cloud scheduling and scalability in the reported case study; it does not validate fire, smoke, or decision-outcome accuracy.",Fire-specific interface or background evidence,Conditional fire-source/perimeter input,Retrieved full report assessed 2026-08-24; minimum coding prepared from the complete report and with no independent author verification of detailed fields claimed.,Author approved eligibility decision — 2026-08-24,High,Minimum corpus coding prepared; detailed source-specific fields may remain unreported,https://doi.org/10.1016/j.future.2017.02.009
R22552,Data-driven surrogate model with latent data assimilation: Application to wildfire forecasting,"Cheng, Sibo and Prentice, I. Colin and Huang, Yuhan and Jin, Yufang and Guo, Yi-Ke and Arcucci, Rossella",2022,J. Comput. Phys.,10.1016/j.jcp.2022.111302,Three large California wildfires (2017-2020),Fire-specific interface/source-state evidence,Near-real-time fire-progression forecasting with latent data assimilation,Reduced-order surrogate and data-assimilation framework,Satellite-derived daily fire perimeters and simulated fire-spread fields,"POD/convolutional autoencoder, LSTM surrogate, latent assimilation and covariance tuning",Retrospective three-wildfire experiments,Retrospective incident modelling,"Ablation/comparison of surrogate, assimilation and covariance tuning","Relative RMSE, perimeter/latent error and computational speed-up","Error covariance is tuned; simple CA training model omits crown transition, spotting and fire weather",2,Supports speed and error reductions for three retrospective fires and the stated surrogate; it does not validate general operational or smoke forecasts.,Fire-specific interface or background evidence,Conditional fire-source/perimeter input,Retrieved full report assessed 2026-08-24; minimum coding prepared from the complete report and with no independent author verification of detailed fields claimed.,Author approved eligibility decision — 2026-08-24,High,Minimum corpus coding prepared; detailed source-specific fields may remain unreported,https://doi.org/10.1016/j.jcp.2022.111302
R22566,A review of forest fire surveillance technologies: Mobile ad-hoc network routing protocols perspective,"AL-Dhief, Fahad Taha and Sabri, Naseer and Fouad, S. and Latiff, N.M. Abdul and Albader, Musatafa Abbas Abbood",2019,J. King Saud Univ. Comput. Inf. Sci.,10.1016/j.jksuci.2017.12.005,Forest fire detection and surveillance,Fire-specific evidence synthesis,Communication and routing support for continuous fire surveillance,"MANET, WSN, drone and emergency communication networks",Environmental and imaging nodes discussed across reviewed systems,Narrative review of surveillance technologies and LAR/OLSR/LARRR routing protocols,Review of fire-surveillance communication literature,Evidence synthesis / review,Narrative technology and routing-protocol comparison,"Study-specific routing, coverage, latency, energy and detection measures; no pooled analysis",Heterogeneous applications and no common field benchmark,N/A,Supports a bounded synthesis of fire-surveillance communications through the review date; it does not demonstrate comparative operational superiority.,Evidence synthesis or guidance,Fire-specific evidence synthesis,Retrieved full report assessed 2026-08-24; minimum coding prepared from the complete report and with no independent author verification of detailed fields claimed.,Author approved eligibility decision — 2026-08-24,High,Minimum corpus coding prepared; detailed source-specific fields may remain unreported,https://doi.org/10.1016/j.jksuci.2017.12.005
R22719,A wildland fire model with data assimilation,"Mandel, Jan and Bennethum, Lynn S. and Beezley, Jonathan D. and Coen, Janice L. and Douglas, Craig C. and Kim, Minjeong and Vodacek, Anthony",2008,Math. Comput. Simul.,10.1016/j.matcom.2008.03.015,Wildland fire model and controlled/reference observations,Fire-specific interface/source-state evidence,State estimation and data assimilation for wildfire simulation,Reaction-diffusion fire model with ensemble Kalman filter,Temperature observations at selected points,Regularised ensemble Kalman filtering with spatial perturbations,Model-identification data and synthetic/reference assimilation experiments,Simulation with measured-model parameterisation,Erroneous-ignition and repeated assimilation demonstration,Temperature/state tracking and spatial agreement,Ensemble variance and perturbations represented; evidence is model/synthetic rather than operational,1,"Supports the reported fire-source, perimeter, detection, or spread task in its stated evaluation setting; it does not validate smoke concentration, health-risk estimation, or an end-to-end response system.",Fire-specific interface or background evidence,Conditional fire-source/perimeter input,Retrieved full report assessed 2026-08-24; minimum coding prepared from the complete report and with no independent author verification of detailed fields claimed.,Author approved eligibility decision — 2026-08-24,High,Minimum corpus coding prepared; detailed source-specific fields may remain unreported,https://doi.org/10.1016/j.matcom.2008.03.015
R22821,Emulation of wildland fire spread simulation using deep learning,"Allaire, Fr{\'e}d{\'e}ric and Mallet, Vivien and Filippi, Jean-Baptiste",2021,Neural Netw.,10.1016/j.neunet.2021.04.006,Corsican wildland fire simulations,Fire-specific interface/source-state evidence,Fast emulation of one-hour burned-area simulation,Hybrid deep neural-network surrogate,Landscape spatial fields and scalar environmental inputs from simulation scenarios,Hybrid convolutional/dense neural emulator,Large simulator-generated Corsica dataset,Simulation,Held-out simulation comparison and computational benchmark,"MAPE, physical-consistency checks and speed-up/runtime",Emulates a simulator and inherits its scope; no observed incident validation,1,"Supports the reported fire-source, perimeter, detection, or spread task in its stated evaluation setting; it does not validate smoke concentration, health-risk estimation, or an end-to-end response system.",Fire-specific interface or background evidence,Conditional fire-source/perimeter input,Retrieved full report assessed 2026-08-24; minimum coding prepared from the complete report and with no independent author verification of detailed fields claimed.,Author approved eligibility decision — 2026-08-24,High,Minimum corpus coding prepared; detailed source-specific fields may remain unreported,https://doi.org/10.1016/j.neunet.2021.04.006
R22891,Forest Fire Propagation Prediction Based on Overlapping DDDAS Forecasts,"Arts, Toms and Cardil, Adrin and Corts, Ana and Margalef, Toms and Molina, Domingo and Pelegrn, Lucas and Ramrez, Joaqun",2015,Procedia Comput. Sci.,10.1016/j.procs.2015.05.294,2005 Cardona Fire,Fire-specific interface/source-state evidence,Observation-updated fire-spread prediction,Two DDDAS forecasting systems on HPC,Observed fire perimeters and uncertain environmental inputs,Genetic-algorithm and maximum-rate-of-spread-path forecasts with overlap fusion,Retrospective Cardona Fire case,Retrospective incident simulation,Two individual methods and their overlapping forecast compared,Perimeter overlap/error and deadline delivery,Designed for changing conditions; one-fire validation and simulator limitations,2,"Supports the reported fire-source, perimeter, detection, or spread task in its stated evaluation setting; it does not validate smoke concentration, health-risk estimation, or an end-to-end response system.",Fire-specific interface or background evidence,Conditional fire-source/perimeter input,Retrieved full report assessed 2026-08-24; minimum coding prepared from the complete report and with no independent author verification of detailed fields claimed.,Author approved eligibility decision — 2026-08-24,High,Minimum corpus coding prepared; detailed source-specific fields may remain unreported,https://doi.org/10.1016/j.procs.2015.05.294
R22892,"Towards an Integrated Cyberinfrastructure for Scalable Data-driven Monitoring, Dynamic Prediction and Resilience of Wildfires","Altintas, Ilkay and Block, Jessica and de Callafon, Raymond and Crawl, Daniel and Cowart, Charles and Gupta, Amarnath and Nguyen, Mai and Braun, Hans-Werner and Schulze, Jurgen and Gollner, Michael and Trouve, Arnaud and Smarr, Larry",2015,Procedia Comput. Sci.,10.1016/j.procs.2015.05.296,Wildfire monitoring and prediction,Direct fire-specific evidence,"Integrated sensor, data, simulation, visualisation and command-centre infrastructure",WIFIRE cyberinfrastructure,"Heterogeneous satellites, remote sensors, weather and model data","Workflow orchestration, data assimilation and scalable simulation/visualisation",Early WIFIRE prototype and initial project results,Prototype/pilot architecture,System integration report and early demonstrations,"Workflow, scalability and data-integration outputs; no controlled operational outcome test",Explicitly work in progress; end-to-end accuracy and resilience not established,3,Supports the existence and early integration approach of WIFIRE; it does not validate a complete autonomous fire-pollution-to-health-action pipeline.,Direct fire-specific evidence,Direct fire-specific evidence,Retrieved full report assessed 2026-08-24; minimum coding prepared from the complete report and with no independent author verification of detailed fields claimed.,Author approved eligibility decision — 2026-08-24,High,Minimum corpus coding prepared; detailed source-specific fields may remain unreported,https://doi.org/10.1016/j.procs.2015.05.296
R22900,Error Function Impact in Dynamic Data-driven Framework Applied to Forest Fire Spread Prediction,"Carrillo, Carlos and Arts, Toms and Corts, Ana and Margalef, Toms",2016,Procedia Comput. Sci.,10.1016/j.procs.2016.05.342,2011 Arkadia wildfire,Fire-specific interface/source-state evidence,Error-function selection for calibrated fire-spread prediction,Two-stage DDDAS with FARSITE,Observed fire perimeters and uncertain simulator inputs,Genetic-algorithm calibration under alternative asymmetric error functions,Retrospective Arkadia fire,Retrospective incident simulation,Eight error-function variants compared in calibration and prediction,Perimeter/calibration error and under-versus-overprediction behaviour,Shows sensitivity to the error function; one incident and no human-intervention model,2,"Supports the reported fire-source, perimeter, detection, or spread task in its stated evaluation setting; it does not validate smoke concentration, health-risk estimation, or an end-to-end response system.",Fire-specific interface or background evidence,Conditional fire-source/perimeter input,Retrieved full report assessed 2026-08-24; minimum coding prepared from the complete report and with no independent author verification of detailed fields claimed.,Author approved eligibility decision — 2026-08-24,High,Minimum corpus coding prepared; detailed source-specific fields may remain unreported,https://doi.org/10.1016/j.procs.2016.05.342
R22977,Fire front path planning and tracking control of Uncrewed Aerial Vehicles using deep reinforcement learning,"Raoufi, Mona and Telikani, Akbar and Zhang, Tieling and Shen, Jun",2025,Robot. Auton. Syst.,10.1016/j.robot.2025.105076,Simulated wildfire fronts calibrated with real-world data,Fire-specific interface/source-state evidence,UAV fire-front path planning and trajectory tracking,Fixed-wing UAV controller and FARSITE environment,"Simulated fire-front state, UAV state and disturbance signals",DDPG high-level planner with adaptive low-level control and Lyapunov analysis,FARSITE simulation calibrated with real wildfire data,Simulation,"Comparison with vector-field, Q-learning and DQN methods under disturbances","Cumulative reward, tracking error, safety margin, velocity stability and disturbance rejection",Assumes smooth fire evolution; no flight or smoke-occlusion field test,1,Supports simulation performance for UAV navigation and fire-front tracking; it does not establish field deployment or pollutant mapping.,Fire-specific interface or background evidence,Conditional fire-source/perimeter input,Retrieved full report assessed 2026-08-24; minimum coding prepared from the complete report and with no independent author verification of detailed fields claimed.,Author approved eligibility decision — 2026-08-24,High,Minimum corpus coding prepared; detailed source-specific fields may remain unreported,https://doi.org/10.1016/j.robot.2025.105076
R23109,Research on Forest Fire Monitoring Quality Variation with Wireless Sensor Node Density,"Li, Hong and Li, Guang-hui and Feng, Hai-lin and Wang, Zhi",2010,Proceedings of the 2010 International Conference on Communications and Mobile Computing - Volume 03,10.1109/cmc.2010.74,Idealised spreading forest fire,Fire-specific interface/source-state evidence,Sensor-density design for detection coverage and timeliness,Regular-grid wireless sensor network,Idealised fire-detection nodes,Geometric analysis and Monte Carlo simulation,Idealised circular-propagation scenarios,Simulation/analytical study,Node-density sensitivity analysis,Expected detection time and burned area at detection,Idealised spread and deployment assumptions; no communication failures or field test,1,"Supports the reported fire-source, perimeter, detection, or spread task in its stated evaluation setting; it does not validate smoke concentration, health-risk estimation, or an end-to-end response system.",Fire-specific interface or background evidence,Conditional fire-source/perimeter input,Retrieved full report assessed 2026-08-24; minimum coding prepared from the complete report and with no independent author verification of detailed fields claimed.,Author approved eligibility decision — 2026-08-24,High,Minimum corpus coding prepared; detailed source-specific fields may remain unreported,https://doi.org/10.1109/cmc.2010.74
R23126,Wildfire Monitoring Using a Mixed Air-Ground Mobile Network,"barrado, cristina and Messeguer, Roc and Lopez, Juan and Pastor, Enric and Santamaria, Eduard and Royo, Pablo",2010,IEEE Pervasive Computing,10.1109/mprv.2010.54,Post-fire hotspot monitoring,Direct fire-specific evidence,"Air-ground hotspot imaging, communication and firefighter command support","UAS, tethered balloons, control station and firefighter mobile devices","Thermal/visible imagery, aircraft data and Wi-Fi network status",Mixed air-ground mobile ad-hoc communication network,Firefighting application/prototype with field-oriented system design,Pilot/prototype application,System architecture and application demonstration,"Connectivity, image delivery and mission-support functions; no controlled incident-outcome evaluation",COTS communication coverage and environmental robustness constrain transfer,3,"Supports the described air-ground hotspot and communications application; it does not establish plume concentration, health-risk or suppression-outcome improvements.",Direct fire-specific evidence,Direct fire-specific evidence,Retrieved full report assessed 2026-08-24; minimum coding prepared from the complete report and with no independent author verification of detailed fields claimed.,Author approved eligibility decision — 2026-08-24,High,Minimum corpus coding prepared; detailed source-specific fields may remain unreported,https://doi.org/10.1109/mprv.2010.54
R23129,Exploiting Sensor Spatial Correlation for Dynamic Data Driven Simulation of Wildfire,"Xue, Haidong and Hu, Xiaolin",2012,Proceedings of the 2012 ACM/IEEE/SCS 26th Workshop on Principles of Advanced and Distributed Simulation,10.1109/pads.2012.17,Simulated wildfire spread,Fire-specific interface/source-state evidence,Sensor-data assimilation with spatial correlation,DEVS-FIRE and particle-filter data-assimilation system,Spatially distributed simulated ground-temperature sensors,Multivariate-Gaussian spatial-correlation measurement model within a particle filter,Wildfire simulation experiments,Simulation,Correlated-versus-independent sensor-weighting comparison,Global fire-shape/simulation error and computational burden,Explicit spatial sensor correlation; larger state spaces require scalable parallel methods,1,"Supports the reported fire-source, perimeter, detection, or spread task in its stated evaluation setting; it does not validate smoke concentration, health-risk estimation, or an end-to-end response system.",Fire-specific interface or background evidence,Conditional fire-source/perimeter input,Retrieved full report assessed 2026-08-24; minimum coding prepared from the complete report and with no independent author verification of detailed fields claimed.,Author approved eligibility decision — 2026-08-24,High,Minimum corpus coding prepared; detailed source-specific fields may remain unreported,https://doi.org/10.1109/pads.2012.17
R23297,FireSenseTB: a wireless sensor networks testbed for forest fire detection,"Kosucu, Bilgin and Irgan, Kerem and Kucuk, Gurhan and Baydere, Sebnem",2009,Proceedings of the 2009 International Conference on Wireless Communications and Mobile Computing: Connecting the World Wirelessly,10.1145/1582379.1582636,Simulated fire over real outdoor WSN deployments,Fire-specific interface/source-state evidence,Forest-fire detection under network and environmental failures,FireSense outdoor WSN testbed coupled to a fire simulator,Outdoor sensor-node communication plus simulated temperature fields,Hybrid physical-network testbed and realistic fire-propagation workload,Outdoor WSN configurations with simulated fire events,Controlled testbed plus simulation,"Topology, node/link failure, ignition, wind and sampling-period experiments","Fire-detection success rate, packet reception and network-partition behaviour",Fire is simulated; testbed captures communication failures but not live-fire sensor response,2,"Supports the reported fire-source, perimeter, detection, or spread task in its stated evaluation setting; it does not validate smoke concentration, health-risk estimation, or an end-to-end response system.",Fire-specific interface or background evidence,Conditional fire-source/perimeter input,Retrieved full report assessed 2026-08-24; minimum coding prepared from the complete report and with no independent author verification of detailed fields claimed.,Author approved eligibility decision — 2026-08-24,High,Minimum corpus coding prepared; detailed source-specific fields may remain unreported,https://doi.org/10.1145/1582379.1582636
R23432,Data assimilation using sequential monte carlo methods in wildfire spread simulation,"Xue, Haidong and Gu, Feng and Hu, Xiaolin",2012,ACM Trans. Model. Comput. Simul.,10.1145/2379810.2379816,Simulated wildfire spread,Fire-specific interface/source-state evidence,Sequential data assimilation for wildfire-state estimation,DEVS-FIRE with Sequential Monte Carlo/particle filtering,Real-time-style simulated sensor observations,"Sampling, weighting and resampling within an SMC framework",Wildfire simulation experiments,Simulation,Assimilated-versus-unassimilated simulation experiments,Fire-state simulation error and algorithmic performance,Explicit particle-based uncertainty; observations and fires are simulated,1,"Supports the reported fire-source, perimeter, detection, or spread task in its stated evaluation setting; it does not validate smoke concentration, health-risk estimation, or an end-to-end response system.",Fire-specific interface or background evidence,Conditional fire-source/perimeter input,Retrieved full report assessed 2026-08-24; minimum coding prepared from the complete report and with no independent author verification of detailed fields claimed.,Author approved eligibility decision — 2026-08-24,High,Minimum corpus coding prepared; detailed source-specific fields may remain unreported,https://doi.org/10.1145/2379810.2379816
R23473,Performance evaluation of wireless sensor networks in realistic wildfire simulation scenarios,"Isik, Sinan and Donmez, Mehmet Yunus and Tunca, Can and Ersoy, Cem",2013,"Proceedings of the 16th ACM International Conference on Modeling, Analysis & Simulation of Wireless and Mobile Systems",10.1145/2507924.2507941,Simulated wildfire affecting a WSN,Fire-specific interface/source-state evidence,WSN performance for real-time fire monitoring,Network simulator coupled to realistic fire-propagation simulation,Temperature-reporting wireless sensor nodes and multiple sinks,Coupled fire/network simulation with sensor destruction and routing effects,Realistic simulated wildfire scenarios,Simulation,"Reporting rate, sinks, wind and ignition-point sensitivity experiments","Temperature-map freshness, reporting performance, connectivity and network lifetime/failure",Simulated fire and network; no live-burn field validation,1,"Supports the reported fire-source, perimeter, detection, or spread task in its stated evaluation setting; it does not validate smoke concentration, health-risk estimation, or an end-to-end response system.",Fire-specific interface or background evidence,Conditional fire-source/perimeter input,Retrieved full report assessed 2026-08-24; minimum coding prepared from the complete report and with no independent author verification of detailed fields claimed.,Author approved eligibility decision — 2026-08-24,High,Minimum corpus coding prepared; detailed source-specific fields may remain unreported,https://doi.org/10.1145/2507924.2507941
R23589,Sub-Network Coverage Method as an Efficient Method of Wireless Sensor Networks for Forest Fire Detection,"Alkhatib, Ahmad",2016,Proceedings of the International Conference on Internet of Things and Cloud Computing,10.1145/2896387.2896450,Forest fire,Fire-specific interface/source-state evidence,Energy-efficient fixed-sensor fire detection coverage,Wireless sensor network,Randomly distributed environmental sensor nodes,Three-subnetwork duty-cycling coverage scheme,Simulated forest-fire detection network,Simulation,Comparison with continuously operated fire-detection network,Network lifetime and energy performance,Random deployment and seasonal duty-cycle assumptions; no field reliability test,1,Supports the reported simulation result that duty-cycled subnetworks reduce energy use; it does not establish real-world fire-detection sensitivity or response benefit.,Fire-specific interface or background evidence,Conditional fire-source/perimeter input,Retrieved full report assessed 2026-08-24; minimum coding prepared from the complete report and with no independent author verification of detailed fields claimed.,Author approved eligibility decision — 2026-08-24,High,Minimum corpus coding prepared; detailed source-specific fields may remain unreported,https://doi.org/10.1145/2896387.2896450
R23651,Spatial Partition-Based Particle Filtering for Data Assimilation in Wildfire Spread Simulation,"Long, Yuan and Hu, Xiaolin",2017,ACM Trans. Spatial Algorithms Syst.,10.1145/3099471,Wildfire,Fire-specific interface/source-state evidence,Data assimilation for fire-spread state estimation,DEVS-FIRE discrete-event simulation,Synthetic spatial observations and boundary sensors,Spatial-partition particle filtering with automated two-level partitioning,Large-scale wildfire-spread simulation,Simulation,Comparison with standard particle-filter data assimilation,"Prediction accuracy, partition count and boundary-sensor/data-association behaviour",Particle representation and observation data are explicit; residual boundary data-association and observation-correlation issues remain,1,"Supports the reported fire-source, perimeter, detection, or spread task in its stated evaluation setting; it does not validate smoke concentration, health-risk estimation, or an end-to-end response system.",Fire-specific interface or background evidence,Conditional fire-source/perimeter input,Retrieved full report assessed 2026-08-24; minimum coding prepared from the complete report and with no independent author verification of detailed fields claimed.,Author approved eligibility decision — 2026-08-24,High,Minimum corpus coding prepared; detailed source-specific fields may remain unreported,https://doi.org/10.1145/3099471
R23988,An Effective Forest Fire Detection Framework Using Heterogeneous Wireless Multimedia Sensor Networks,"Kizilkaya, Burak and Ever, Enver and Yatbaz, Hakan Yekta and Yazici, Adnan",2022,ACM Trans. Multimedia Comput. Commun. Appl.,10.1145/3473037,Forest fire,Fire-specific interface/source-state evidence,Energy-efficient early fire detection at the network edge,Heterogeneous wireless multimedia sensor network,Scalar sensors and cameras in a physical testbed,Hierarchical sensor fusion and lightweight convolutional neural network,"Real testbed, OMNeT++ network simulation and image classification dataset",Controlled testbed plus simulation,Network comparison and ten-fold cross-validation against lightweight architectures,"Validation accuracy, energy saving, network lifetime, FLOPs and model size","Controlled evaluation; field smoke, weather and communications failures not prospectively tested",2,Supports the reported testbed/simulation accuracy and energy trade-off; it does not establish operational wildfire detection or smoke monitoring.,Fire-specific interface or background evidence,Conditional fire-source/perimeter input,Retrieved full report assessed 2026-08-24; minimum coding prepared from the complete report and with no independent author verification of detailed fields claimed.,Author approved eligibility decision — 2026-08-24,High,Minimum corpus coding prepared; detailed source-specific fields may remain unreported,https://doi.org/10.1145/3473037
R24023,The Future is Red: Visualizing Wildfire Predictions using Contactless Interaction,"Han, Yoon Chung and Khanduja, Amanbeer",2022,Extended Abstracts of the 2022 CHI Conference on Human Factors in Computing Systems,10.1145/3491101.3519903,Wildfire,Direct fire-specific evidence,Public-facing wildfire prediction communication and awareness,Interactive visualisation and sonification installation,Historical California and South Korea wildfire/environmental data,Machine-learning prediction with contactless multimodal interaction,Art-gallery installation and audience feedback,Prototype user-facing demonstration,System demonstration with qualitative audience feedback,Interaction and awareness feedback; no emergency-decision or prediction-accuracy outcome,Prediction and communication uncertainty are not formally evaluated,2,"Supports a public-engagement visualisation prototype; it does not validate emergency communication, protective action, or wildfire forecast skill.",Direct fire-specific evidence,Direct fire-specific evidence,Retrieved full report assessed 2026-08-24; minimum coding prepared from the complete report and with no independent author verification of detailed fields claimed.,Author approved eligibility decision — 2026-08-24,High,Minimum corpus coding prepared; detailed source-specific fields may remain unreported,https://doi.org/10.1145/3491101.3519903
R24046,Mazelink: Detecting and Predicting Forest Fires,"Pal, Rohan",2022,Proceedings of the 12th Indian Conference on Human-Computer Interaction,10.1145/3506469.3506481,Forest fire,Direct fire-specific evidence,"Detection, short-range prediction and mobile alerting","Sensor node, cloud service and mobile application",DHT temperature/humidity and MQ-2 gas sensor with wind information,"Rule-based sensing, wind-informed prediction and interface design",Design study and laboratory prototype informed by Indian forest officials,Prototype and small usability study,Five official interviews plus usability testing with twelve users,Prototype behaviour and usability feedback; no field detection or forecast benchmark,Small stakeholder sample and laboratory setting; no live incident validation,1,"Supports the described stakeholder-informed prototype and usability observations; it does not establish field detection, forecast accuracy, or operational effectiveness.",Direct fire-specific evidence,Direct fire-specific evidence,Retrieved full report assessed 2026-08-24; minimum coding prepared from the complete report and with no independent author verification of detailed fields claimed.,Author approved eligibility decision — 2026-08-24,High,Minimum corpus coding prepared; detailed source-specific fields may remain unreported,https://doi.org/10.1145/3506469.3506481
R24175,Paying Attention to Wildfire: Using U-Net with Attention Blocks on Multimodal Data for Next Day Prediction,"Fitzgerald, Jack and Seefried, Ethan and Yost, James E and Pallickara, Sangmi and Blanchard, Nathaniel",2023,Proceedings of the 25th International Conference on Multimodal Interaction,10.1145/3577190.3614116,Wildfire,Fire-specific interface/source-state evidence,Next-day fire-spread mask prediction,Offline multimodal deep-learning pipeline,"Twelve remote-sensing, weather, vegetation and topographic modalities",Attention U-Net and Wildfire Prediction Network,Retrospective gridded multimodal wildfire dataset,Offline computational experiment,Matched architecture comparison and attention ablation,"Precision, recall, F1, intersection-over-union and training time",One-kilometre resolution and omitted suppression actions limit event-level interpretation,1,Supports the within-dataset next-day mask comparison and reported computational trade-offs; it does not establish incident-scale operational fire or smoke forecasting.,Fire-specific interface or background evidence,Conditional fire-source/perimeter input,Retrieved full report assessed 2026-08-24; minimum coding prepared from the complete report and with no independent author verification of detailed fields claimed.,Author approved eligibility decision — 2026-08-24,High,Minimum corpus coding prepared; detailed source-specific fields may remain unreported,https://doi.org/10.1145/3577190.3614116
R24217,A new paradigm for forest fire spread prediction: Faster decisions at high resolution,"Gonz{\'a}lez, Irene and Carrillo, Carlos and Cort{\'e}s, Ana and Espinosa, Antonio and Margalef, Tom{\`a}s",2023,Proceedings of the 52nd International Conference on Parallel Processing Workshops,10.1145/3605731.3608933,Forest fire,Fire-specific interface/source-state evidence,Computationally efficient high-resolution perimeter reconstruction,FARSITE-based spread-prediction workflow,Simulated fire-spread outputs and perimeter geometry,Boundary alpha-shape reconstruction paradigm,Computational forest-fire spread experiments,Simulation,Runtime comparison with conventional full-domain processing across resolutions,Execution time and speed-up,No comparison against observed fire perimeters; accuracy-speed trade-off requires field validation,1,Supports the reported computational speed-up in the tested FARSITE workflow; it does not establish improved observed-fire accuracy or emergency decisions.,Fire-specific interface or background evidence,Conditional fire-source/perimeter input,Retrieved full report assessed 2026-08-24; minimum coding prepared from the complete report and with no independent author verification of detailed fields claimed.,Author approved eligibility decision — 2026-08-24,High,Minimum corpus coding prepared; detailed source-specific fields may remain unreported,https://doi.org/10.1145/3605731.3608933
R24260,Moving Region Representations on the Spread of a Forest Fire,"da Silva, Henrique Mac{\'i}as and Ribeiro, Tiago F. R. and de C. Costa, Rog{\'e}rio Lu{\'i}s and Moreira, Jos{\'e}",2024,Proceedings of the 33rd ACM International Conference on Information and Knowledge Management,10.1145/3627673.3679111,Controlled forest fire,Fire-specific interface/source-state evidence,Fire-perimeter moving-region representation and interpolation,UAV image sequence and spatial database representation,Aerial imagery from a controlled Portuguese burn,"Polygon correspondence, moving-region construction and interpolation",Controlled field-burn imagery,Controlled field observational dataset with offline analysis,Construction and qualitative comparison of polygon sequences,Polygon match/representation quality; twenty-four unusable polygons reported,Image and polygon quality exclusions are explicit; no autonomous tracking test,2,Supports a controlled-burn perimeter dataset and representation method; it does not validate autonomous operational tracking or smoke forecasting.,Fire-specific interface or background evidence,Conditional fire-source/perimeter input,Retrieved full report assessed 2026-08-24; minimum coding prepared from the complete report and with no independent author verification of detailed fields claimed.,Author approved eligibility decision — 2026-08-24,High,Minimum corpus coding prepared; detailed source-specific fields may remain unreported,https://doi.org/10.1145/3627673.3679111
R24264,Performance Evaluation of LoRaWAN Forest Fire Monitoring Network in the Wild,"Mukhia, Raunak and Sarambage Jayarathna, Kalana Gayashan and Lertsinsrubtavee, Adisorn",2023,Proceedings of the 18th Asian Internet Engineering Conference,10.1145/3630590.3630602,Forest/wildland fire,Fire-specific field-monitoring network evidence,Pollutant / plume monitoring; sensing-platform reliability,SEA-HAZEMON LoRaWAN fixed multi-sensor network and cloud platform,"Six nodes measuring PM1, PM2.5/PM10, CO/CO2, temperature, humidity and pressure; LoRaWAN RSSI, SNR, PDR and DCR",Real-world network deployment and communication-performance evaluation with application-layer retransmission,"Four forested and semi-urban sites in Thailand, including Mae Sot fire-prone area",Field deployment,Range/configuration tests plus a 15-day data-completeness experiment using four nodes,"PDR 92.7%, 87.4%, 84.1%, and 73% across tested configurations; DCR 0.892-0.935; 91.5% PDR at 9.34 km",Repeated field measurements and site/configuration comparisons; no statistical uncertainty intervals,3,"Supports LoRaWAN connectivity and data-completeness feasibility in the reported deployments. It does not establish fire-detection accuracy, pollutant-sensor validity, decision effectiveness, or generalisation to all terrains.",Direct fire-specific evidence,Direct fire-specific field-monitoring/network evidence,"Complete 9-page report supplied by author; identity, opening/closing pages, references, extractability and completeness validated; SHA256 9394bcaf6bc5c784bf2c4e8cdd3f1b4fc6135a05fef555fdff6fd00cf294d1ba",Author verified — approved 23 Aug 2026,High,Minimum corpus coding reviewed; detailed source-specific fields may remain unreported,https://doi.org/10.1145/3630590.3630602
R24381,Ontology Data Insights and Alerts for Wildfire Protection,"Iacovou, Marios and Kontogiannis, Stelios and Avgerinakis, Konstantinos",2024,Proceedings of the 13th Hellenic Conference on Artificial Intelligence,10.1145/3688671.3688737,Wildfire,Direct fire-specific evidence,"Semantic integration, anomaly detection and severity alerting",SILVANUS IoT and semantic knowledge-graph platform,"Temperature, humidity, gas and air-quality sensor data","Ontology, semantic knowledge graph and rule-based alerts",Wildfire-protection platform scenarios and pilot-site preparation,Pilot/workflow demonstration,Ontology/data integration and fire-detection/gas-leakage scenario demonstrations,Semantic integration and alert outputs; no controlled incident-outcome comparison,Further pilot validation is planned; sensor and rule uncertainty are not comprehensively quantified,3,Supports semantic integration and scenario-based alert generation within SILVANUS; it does not prove operational health or response outcomes.,Direct fire-specific evidence,Direct fire-specific evidence,Retrieved full report assessed 2026-08-24; minimum coding prepared from the complete report and with no independent author verification of detailed fields claimed.,Author approved eligibility decision — 2026-08-24,High,Minimum corpus coding prepared; detailed source-specific fields may remain unreported,https://doi.org/10.1145/3688671.3688737
R24431,Designing an Immersive Wildfire Visualization System for Firefighters,"Tirado Cortes, Carlos Alfredo and Flores Gonzalez, Mario and Hurley, Richard J. and Del Favero, Dennis",2025,Proceedings of the Extended Abstracts of the CHI Conference on Human Factors in Computing Systems,10.1145/3706599.3719903,Wildfire,Direct fire-specific evidence,Immersive firefighter visualisation and training,iFire immersive 360-degree cinema,SPARK fire-spread simulations and geospatial context,Immersive visual analytics and interaction design,Prototype evaluated with firefighter-domain experts,Controlled practitioner evaluation,Iterative design and interviews with three firefighter experts,"Qualitative usability, comprehension and training feedback",Very small expert sample and simulated content; operational decision improvement untested,2,Supports the reported immersive prototype and expert feedback; it does not establish improved real-world command decisions or safety outcomes.,Direct fire-specific evidence,Direct fire-specific evidence,Retrieved full report assessed 2026-08-24; minimum coding prepared from the complete report and with no independent author verification of detailed fields claimed.,Author approved eligibility decision — 2026-08-24,High,Minimum corpus coding prepared; detailed source-specific fields may remain unreported,https://doi.org/10.1145/3706599.3719903
R24467,Smart Forest Fire Monitoring and Detection System using Microservices and Container-based Virtualization,"Ioannidis, Ioannis and Anagnostopoulos, Apostolos and Mamalis, Basilis",2025,Proceedings of the 28th Pan-Hellenic Conference on Progress in Computing and Informatics,10.1145/3716554.3716610,Forest fire,Fire-specific interface/source-state evidence,Modular environmental monitoring and alert infrastructure,"Microservices, containers, LoRa gateway and web dashboard",BME680 environmental sensor and connected field nodes,"Node-RED, MQTT and containerised service architecture",Laboratory/prototype smart-forest system,Prototype demonstration,End-to-end architecture implementation and functional demonstration,Functional connectivity and service behaviour; no field detection benchmark,"Large-scale integration, coverage, faults and field validation remain future work",1,"Supports the reported fire-source, perimeter, detection, or spread task in its stated evaluation setting; it does not validate smoke concentration, health-risk estimation, or an end-to-end response system.",Fire-specific interface or background evidence,Conditional fire-source/perimeter input,Retrieved full report assessed 2026-08-24; minimum coding prepared from the complete report and with no independent author verification of detailed fields claimed.,Author approved eligibility decision — 2026-08-24,High,Minimum corpus coding prepared; detailed source-specific fields may remain unreported,https://doi.org/10.1145/3716554.3716610
R24549,Knowledge-Guided Large Language Models for Enhancing Agent-Based Wildfire Spatial Simulation,"Nie, Ying and Gao, Song",2025,Proceedings of the 8th ACM SIGSPATIAL International Workshop on Geospatial Simulation,10.1145/3764921.3770152,Wildfire,Fire-specific interface/source-state evidence,Knowledge-guided agent-based spatial simulation,Large-language-model agent simulation,"Knowledge retrieval, terrain/weather context and 2024 Corral Fire data",Claude 3.7 Sonnet with retrieval-augmented generation,Offline simulation and retrospective case comparison,Computational experiment,RAG versus model-only comparison with FARSITE and an observed incident,Scenario similarity and qualitative/quantitative spread behaviour,LLM stochasticity and knowledge/data coverage remain; no prospective forecast test,1,Supports an exploratory knowledge-guided agent simulation and retrospective comparison; it does not validate an operational wildfire or smoke forecast.,Fire-specific interface or background evidence,Conditional fire-source/perimeter input,Retrieved full report assessed 2026-08-24; minimum coding prepared from the complete report and with no independent author verification of detailed fields claimed.,Author approved eligibility decision — 2026-08-24,High,Minimum corpus coding prepared; detailed source-specific fields may remain unreported,https://doi.org/10.1145/3764921.3770152
R24572,FireSentry: A Multi-Modal Spatio-temporal Benchmark Dataset for Fine-Grained Wildfire Spread Forecasting,"Zhou, Nan and Wang, Huandong and Li, Jiahao and Li, Han and Song, Yali and Wang, Qiuhua and Li, Yong and Chen, Xinlei",2026,Proceedings of the 32nd ACM SIGKDD Conference on Knowledge Discovery and Data Mining V.1,10.1145/3770854.3785696,Prescribed fire and wildfire-like spread,Fire-specific interface/source-state evidence,Fine-grained multimodal spread forecasting benchmark,Ground/aerial multimodal data and generative forecasting models,"Infrared and RGB imagery, masks, weather and other prescribed-burn measurements",Curated benchmark with baseline video/image-generation models,Prescribed-burn field data at sub-metre and sub-second scales,Controlled field dataset plus offline model benchmarking,Dataset validation and matched baseline-model comparison,"PSNR, SSIM, LPIPS, FVD, AUPRC, F1, IoU, MSE and fire-point/line tolerance accuracy",Prescribed-burn transfer and baseline generalisation to uncontrolled incidents remain untested,2,Supports the FireSentry dataset and its reported baseline benchmarks; it does not establish generalisation to operational wildfires or downstream smoke/health tasks.,Fire-specific interface or background evidence,Conditional fire-source/perimeter input,Retrieved full report assessed 2026-08-24; minimum coding prepared from the complete report and with no independent author verification of detailed fields claimed.,Author approved eligibility decision — 2026-08-24,High,Minimum corpus coding prepared; detailed source-specific fields may remain unreported,https://doi.org/10.1145/3770854.3785696
R24615,A Conceptual Model of Systems-of-Systems for Wildfire Response: Insights from a Rapid Review Applied to the Cerrado Biome,"da Silva, Ana Clara Ara{\'u}jo Gomes and Teixeira J{\'u}nior, Gilmar and Paes, Carlos Eduardo de Barros and Lima, Eliomar Ara{\'u}jo de and Neto, Valdemar Vicente Graciano",2026,Proceedings of the 14th IEEE/ACM International Workshop on Software Engineering for Systems-of-Systems and Software Ecosystems,10.1145/3786163.3788451,Wildfire in the Cerrado biome,Fire-specific evidence synthesis,Systems-of-systems wildfire-response architecture,"Conceptual observation, communication, coordination and resilience layers",Evidence reported across twenty-four reviewed studies,Rapid review and conceptual systems-of-systems model,Evidence synthesis applied to the Cerrado context,Evidence synthesis / review,Rapid-review synthesis and conceptual mapping,Study characteristics and qualitative capability/gap mapping; no quantitative meta-analysis,Review coverage and conceptual transfer are discussed; architecture not empirically validated,N/A,Supports a rapid-review-derived conceptual response model and gap framing; it is not evidence that the proposed system is implemented or effective.,Evidence synthesis or guidance,Fire-specific evidence synthesis,Retrieved full report assessed 2026-08-24; minimum coding prepared from the complete report and with no independent author verification of detailed fields claimed.,Author approved eligibility decision — 2026-08-24,High,Minimum corpus coding prepared; detailed source-specific fields may remain unreported,https://doi.org/10.1145/3786163.3788451
R24708,"Forest Fire Prevention, Detection, and Fighting Based on Fuzzy Logic and Wireless Sensor Networks","Toledo-Castro, Josu{\'e} and Caballero-Gil, Pino and Rodr{\'i}guez-P{\'e}rez, Nayra and Santos-Gonz{\'a}lez, Iv{\'a}n and Hern{\'a}ndez-Goya, Candelaria and Aguasca-Colomo, Ricardo",2018,Complex.,10.1155/2018/1639715,Forest fire,Direct fire-specific evidence,"Risk estimation, detection, secure alerting and response support","Wireless sensor network, web service and mobile alert interface","Meteorology, pollutant gases and oxygen sensors","Fuzzy logic, analytic hierarchy process and rule-based communications",Prototype and experimental rule evaluation,Controlled computational/prototype experiment,Rule-system and communications architecture evaluation,Risk/detection outputs and communication behaviour; no incident-level outcome test,Membership/rule choices and field sensor reliability are not prospectively validated,1,"Supports the described fuzzy-rule and alert prototype; it does not establish operational detection, public-health, or suppression outcomes.",Direct fire-specific evidence,Direct fire-specific evidence,Retrieved full report assessed 2026-08-24; minimum coding prepared from the complete report and with no independent author verification of detailed fields claimed.,Author approved eligibility decision — 2026-08-24,High,Minimum corpus coding prepared; detailed source-specific fields may remain unreported,https://doi.org/10.1155/2018/1639715
R24754,Thermal-image-based wildfire spread simulation using a linearized model of an advection-diffusion-reaction equation,"Kim, Eun Heui and Tran, Minh N and Yang, Karen",2012,Simulation,10.1177/0037549712440519,Wildfire in Cleveland National Forest,Fire-specific interface/source-state evidence,Short-horizon fire-spread simulation from thermal imagery,Thermal-image data-assimilation model,Real airborne thermal imagery and sparse wind observations,Linearised advection-diffusion-reaction partial differential equation,Retrospective real-fire image sequences,Retrospective observational data with computational modelling,Four data-availability scenarios and horizon/runtime comparison,Spread-prediction error and computation time,Sparse wind and initial-condition scenarios are varied; linear model degrades over longer horizons,2,"Supports the reported fire-source, perimeter, detection, or spread task in its stated evaluation setting; it does not validate smoke concentration, health-risk estimation, or an end-to-end response system.",Fire-specific interface or background evidence,Conditional fire-source/perimeter input,Retrieved full report assessed 2026-08-24; minimum coding prepared from the complete report and with no independent author verification of detailed fields claimed.,Author approved eligibility decision — 2026-08-24,High,Minimum corpus coding prepared; detailed source-specific fields may remain unreported,https://doi.org/10.1177/0037549712440519
R24759,Localized recursive spatial-temporal state quantification method for data assimilation of wildfire spread simulation,"Gu, Feng",2017,Simulation,10.1177/0037549717692457,Wildfire,Fire-specific interface/source-state evidence,Localised spatiotemporal state estimation for spread simulation,Wildfire-spread simulation with particle filtering,Synthetic spatial observations,Recursive state quantification and adaptive particle filter,Wildfire-spread simulations,Simulation,"Convergence, accuracy and runtime experiments across particle settings","Prediction accuracy, convergence, execution time and particle count",Particle representation is explicit; observation/model mismatch in real fires is not tested,1,"Supports the reported fire-source, perimeter, detection, or spread task in its stated evaluation setting; it does not validate smoke concentration, health-risk estimation, or an end-to-end response system.",Fire-specific interface or background evidence,Conditional fire-source/perimeter input,Retrieved full report assessed 2026-08-24; minimum coding prepared from the complete report and with no independent author verification of detailed fields claimed.,Author approved eligibility decision — 2026-08-24,High,Minimum corpus coding prepared; detailed source-specific fields may remain unreported,https://doi.org/10.1177/0037549717692457
R24775,Wildfire risk weighting and behaviour prediction using open geospatial data and ontologies,"Brys, Carlos and Navas-Delgado, Ismael and Aldana-Montes, Jos{\'e} F",2026,J. Inf. Sci.,10.1177/01655515231202757,Wildfire in the Guaraní reserve,Direct fire-specific evidence,"Risk weighting, behaviour prediction and interactive geospatial decision support",Open-data geospatial workflow and interactive map,"FIRMS, OpenStreetMap, OpenWeather and OpenTopoData","Weighted risk model, fuzzy rules, behaviour prediction and ontology",Retrospective analysis of ten hotspot cases,Retrospective case study,Case-based validation of terrain and six-hour displacement estimates,Topographic error and fire displacement error,Small regional sample and open-data quality limit generalisation,2,Supports the reported reserve-specific retrospective estimates and interactive workflow; it does not establish transfer to other regions or improved emergency decisions.,Direct fire-specific evidence,Direct fire-specific evidence,Retrieved full report assessed 2026-08-24; minimum coding prepared from the complete report and with no independent author verification of detailed fields claimed.,Author approved eligibility decision — 2026-08-24,High,Minimum corpus coding prepared; detailed source-specific fields may remain unreported,https://doi.org/10.1177/01655515231202757
R25079,Assimilating UAV-Based Observation Data for Wildfire Spread Simulation,"Ge, Mu and Hu, Xiaolin",2026,Proceedings of the 2024 Annual Modeling and Simulation Conference,10.22360/annsim.2024.anss.196,Wildfire,Fire-specific interface/source-state evidence,Assimilation of UAV observations into spread simulation,UAV observation and discrete-event wildfire simulator,Synthetic UAV-based partial fire observations,Particle-filter data assimilation,Wildfire-spread simulation experiments,Simulation,Experiments across observation coverage and revisit conditions,Prediction accuracy and assimilation behaviour,Sparse revisits and observation uncertainty are studied in simulation; real UAV errors remain future work,1,"Supports the reported fire-source, perimeter, detection, or spread task in its stated evaluation setting; it does not validate smoke concentration, health-risk estimation, or an end-to-end response system.",Fire-specific interface or background evidence,Conditional fire-source/perimeter input,Retrieved full report assessed 2026-08-24; minimum coding prepared from the complete report and with no independent author verification of detailed fields claimed.,Author approved eligibility decision — 2026-08-24,High,Minimum corpus coding prepared; detailed source-specific fields may remain unreported,https://doi.org/10.22360/annsim.2024.anss.196
R25202,Towards an Efficient Fog-Based Forest Fire Management Architecture,"Boughouas, Mohamed Lamine and Kissoum, Yacine and Mazouzi, Smaine and Boussouf, Walida",2023,Int. J. Organ. Collect. Intell.,10.4018/ijoci.317137,Forest fire,Direct fire-specific evidence,"Low-latency monitoring, alerting and proposed intervention coordination","Wireless sensors, fog/cloud computing and proposed UAV response layer",IoT environmental sensor streams,Fog-cloud task allocation evaluated in iFogSim,Architecture design and simulator-based evaluation,Simulation/prototype architecture,Cloud-only versus fog-cloud comparison,"Latency, bandwidth and energy consumption","Security, privacy, connectivity and field operation remain future work; extinguishing-ball intervention is not tested",1,Supports the reported fog-computing resource comparison and integrated architecture concept; it does not validate the proposed UAV intervention or real incident outcomes.,Direct fire-specific evidence,Direct fire-specific evidence,Retrieved full report assessed 2026-08-24; minimum coding prepared from the complete report and with no independent author verification of detailed fields claimed.,Author approved eligibility decision — 2026-08-24,High,Minimum corpus coding prepared; detailed source-specific fields may remain unreported,https://doi.org/10.4018/ijoci.317137
R25263,Discovery and integration of web 2.0 content into geospatial information infrastructures: a use case in wild fire monitoring,"N\'u\~nez-Red\'o, Manuela; D\'iaz, Laura; Gil, Jos\'e; Gonz\'alez, David; Huerta, Joaqu\'in",2011,"Proceedings of the IFIP WG 8.4/8.9 International Cross Domain Conference on Availability, Reliability and Security for Business, Enterprise and Health Information Systems",,Wildfire,Direct fire-specific evidence,Citizen/social-sensing discovery and geospatial information integration,Web 2.0 Broker and geospatial information infrastructure,Volunteer/citizen-generated web content and service metadata,OpenSearch spatial-temporal query federation and content integration,Wildfire-monitoring use-case prototype,Computational prototype,Cross-service query demonstrations and preliminary relevance assessment,Query/result counts and relevance observations,"Content credibility, completeness and operational decision value are not established",1,Supports the technical feasibility of federated citizen-content discovery in the demonstration; it does not validate content reliability or emergency outcomes.,Direct fire-specific evidence,Direct fire-specific evidence,Retrieved full report assessed 2026-08-24; minimum coding prepared from the complete report and with no independent author verification of detailed fields claimed.,Author approved eligibility decision — 2026-08-24,High,Minimum corpus coding prepared; detailed source-specific fields may remain unreported,
R25507,A knowledge-driven service composition framework for wildfire prediction,"Taktak, Hela; Boukadi, Khouloud; Zouari, Firas; Ghedira Gu\'egan, Chirine; Mrissa, Michael; Gargouri, Faiez",2023,Cluster Computing,10.1007/s10586-023-03997-w,Wildfire,Direct fire-specific evidence,Knowledge-driven service selection and prediction workflow composition,Semantic service-composition decision-support framework,"Weather, environmental and service metadata used by available prediction services","Ontology, ELECTRE III and machine-learning service composition",Prototype evaluation with open-source-software experts and datasets,Computational prototype experiment,"Reasoning-time, service-ranking, composition and classifier comparisons","Execution time, ranking/composition measures and prediction accuracy",Service/data availability and operational workflow integration are not field tested,1,Supports the reported prototype service-selection and within-experiment classifier results; it does not establish operational forecast or decision benefit.,Direct fire-specific evidence,Direct fire-specific evidence,Retrieved full report assessed 2026-08-24; minimum coding prepared from the complete report and with no independent author verification of detailed fields claimed.,Author approved eligibility decision — 2026-08-24,High,Minimum corpus coding prepared; detailed source-specific fields may remain unreported,https://doi.org/10.1007/s10586-023-03997-w
R25674,Social Data Assimilation of Human Sensor Networks for Wildfires,"Lever, Jake; Arcucci, Rossella; Cai, Jaiying",2022,Proceedings of the 15th International Conference on PErvasive Technologies Related to Assistive Environments,10.1145/3529190.3534735,California wildfires,Direct fire-specific evidence,Social-sensor analysis and assimilation for wildfire situational awareness,Twitter/Reddit analytics and data-assimilation pipeline,2016 social-media posts and related spatiotemporal signals,"Sentiment/topic models, LSTM/ARIMA and Optimal Interpolation/Ensemble Kalman Filter",Retrospective California social-media dataset,Offline computational experiment,Time-series and assimilation method comparison,Prediction/assimilation error and social-signal characteristics,"Social-media sampling, geolocation and representativeness limit inference; no emergency-decision outcome",2,"Supports retrospective social-signal and assimilation comparisons; it does not validate operational alerts, public-health action, or response outcomes.",Direct fire-specific evidence,Direct fire-specific evidence,Retrieved full report assessed 2026-08-24; minimum coding prepared from the complete report and with no independent author verification of detailed fields claimed.,Author approved eligibility decision — 2026-08-24,High,Minimum corpus coding prepared; detailed source-specific fields may remain unreported,https://doi.org/10.1145/3529190.3534735
R25972,Short communication: Forest Fires Mapping and Monitoring of current and past forest fire activity from Meteosat Second Generation Data,"Carvalheiro, L. C.; Bernardo, S. O.; Orgaz, M. D. M.; Yamazaki, Y.",2010,Environ. Model. Softw.,10.1016/j.envsoft.2010.06.003,Forest fire in Portugal,Fire-specific interface/source-state evidence,Near-real-time and historical satellite fire mapping,FOMA operational web mapping service,Meteosat Second Generation SEVIRI fire-radiative-product data,Operational visualisation and archive of satellite fire activity,Portuguese fire events confirmed by the forestry service,Operational monitoring service and case examples,System description with confirmed-event demonstrations,Product availability and mapped detections; no independent algorithm sensitivity/specificity study,Small fires are limited by satellite spatial resolution,4,Supports operational availability of the FOMA satellite mapping service and illustrated confirmed detections; it does not independently validate the detection algorithm or smoke exposure.,Fire-specific interface or background evidence,Conditional fire-source/perimeter input,Retrieved full report assessed 2026-08-24; minimum coding prepared from the complete report and with no independent author verification of detailed fields claimed.,Author approved eligibility decision — 2026-08-24,High,Minimum corpus coding prepared; detailed source-specific fields may remain unreported,https://doi.org/10.1016/j.envsoft.2010.06.003
R25976,FireWatch: g.i.s.-assisted wireless sensor networks for forest fires,"Andreou, Panayiotis G.; Constantinou, George; Zeinalipour-Yazti, Demetrios; Samaras, George",2012,Proceedings of the 24th International Conference on Scientific and Statistical Database Management,10.1007/978-3-642-31235-9_46,Forest fire,Direct fire-specific evidence,"Sensor-network detection, GIS visualisation and collaborative response support","FireWatch wireless sensor, GIS and CSCW interface",Environmental sensor nodes and geospatial data,Multi-modal monitoring and collaborative interface architecture,Prototype designed for planned Cyprus deployment,Prototype/system design,Functional architecture demonstration,System functionality; no reported field deployment or decision-outcome metrics,"Field communications, false alarms and human-workflow effects remain untested",1,Supports the FireWatch prototype design and integration concept; it does not establish field detection or collaborative-response effectiveness.,Direct fire-specific evidence,Direct fire-specific evidence,Retrieved full report assessed 2026-08-24; minimum coding prepared from the complete report and with no independent author verification of detailed fields claimed.,Author approved eligibility decision — 2026-08-24,High,Minimum corpus coding prepared; detailed source-specific fields may remain unreported,https://doi.org/10.1007/978-3-642-31235-9_46
R26201,Autonomous Decisional High-level Planning for UAVs-based Forest-fire Localization,"Belbachir, Assia; Escareno, Juan-Antonio",2016,"Proceedings of the 13th International Conference on Informatics in Control, Automation and Robotics",10.5220/0005972501530159,Forest fire,Fire-specific interface/source-state evidence,Autonomous UAV planning for fire localisation,Single/cooperative UAV simulation,Probabilistic temperature-distance observations,High-level decisional planning and probabilistic fire map,Simulated fire-localisation missions,Simulation,Single and cooperative planning experiments,Localisation/planning performance in simulation,Sensor probability is modelled; experimental vehicle and real-fire validation remain future work,1,"Supports the reported fire-source, perimeter, detection, or spread task in its stated evaluation setting; it does not validate smoke concentration, health-risk estimation, or an end-to-end response system.",Fire-specific interface or background evidence,Conditional fire-source/perimeter input,Retrieved full report assessed 2026-08-24; minimum coding prepared from the complete report and with no independent author verification of detailed fields claimed.,Author approved eligibility decision — 2026-08-24,High,Minimum corpus coding prepared; detailed source-specific fields may remain unreported,https://doi.org/10.5220/0005972501530159
R26206,A web based DSS for the management of floods and wildfires (FLIRE) in urban and periurban areas,"Kochilakis, Giorgos; Poursanidis, Dimitris; Chrysoulakis, Nektarios; Varella, Vassiliki; Kotroni, Vassiliki; Eftychidis, Giorgos; Lagouvardos, Kostas; Papathanasiou, Chrysoula; Karavokyros, George; Aivazoglou, Maria; Makropoulos, Christos; Mimikou, Maria",2016,Environ. Model. Softw.,10.1016/j.envsoft.2016.09.016,Wildfire and flood in urban/peri-urban areas,Direct fire-specific evidence,"Scenario simulation, what-if analysis and web/mobile decision support",FLIRE web-based decision-support system,"Real-time weather, geospatial layers and fire-model outputs",Integrated hazard simulation and interactive decision-support workflow,Rafina and related urban/peri-urban pilot context,Pilot/workflow demonstration,System implementation and scenario/case demonstrations,Functional decision-support outputs; no controlled action-outcome comparison,Scenario/model limitations are present; user and operational impact not formally evaluated,3,Supports an implemented FLIRE pilot/workflow and scenario products; it does not establish improved emergency outcomes.,Direct fire-specific evidence,Direct fire-specific evidence,Retrieved full report assessed 2026-08-24; minimum coding prepared from the complete report and with no independent author verification of detailed fields claimed.,Author approved eligibility decision — 2026-08-24,High,Minimum corpus coding prepared; detailed source-specific fields may remain unreported,https://doi.org/10.1016/j.envsoft.2016.09.016
R26391,Uncertainty-Aware Visualization for Analyzing Heterogeneous Wildfire Detections,"Preston, Annie; Gomov, Maksim; Ma, Kwan-Liu",2019,IEEE Comput. Graph. Appl.,10.1109/mcg.2019.2918158,Wildfire,Direct fire-specific evidence,Uncertainty-aware fusion and visual analysis of heterogeneous fire detections,Interactive visual analytics system,Multiple satellite fire-detection products,"Detection-algorithm tuning, kernel-density estimation and uncertainty visualisation",Wildfire case examples and prototype development with emergency-management collaborators,Computational prototype/case analysis,Algorithm and visualisation demonstrations on heterogeneous detections,Detection/aggregation and visual outputs; formal usability or decision study not reported,"Uncertainty representation is central, but human interpretation and decision effects remain future work",1,Supports a prototype for exposing disagreement and uncertainty among satellite detections; it does not establish improved emergency decisions.,Direct fire-specific evidence,Direct fire-specific evidence,Retrieved full report assessed 2026-08-24; minimum coding prepared from the complete report and with no independent author verification of detailed fields claimed.,Author approved eligibility decision — 2026-08-24,High,Minimum corpus coding prepared; detailed source-specific fields may remain unreported,https://doi.org/10.1109/mcg.2019.2918158
R26647,Examining the Relationship between Converged-Network Architecture and Remote Grassfire Alert Transmission Delay in Southeast Colorado,"Wagoner, Mark Paul",2021,Colorado Technical University,,Grassfire,Direct fire-specific evidence,Remote alert transmission over converged communications networks,Wireless sensor/cellular converged-network architectures,Simulated remote fire alerts,Network simulation and statistical delay comparison,Southeast Colorado grassfire alert scenario,Simulation,Three hundred eighty-eight simulation runs across two architectures,Alert transmission delay and statistical comparisons,"Physical devices, coverage failures and firefighter endpoints were not tested",1,"Supports the reported simulated transmission-delay comparison; it does not validate field alert delivery, detection accuracy, or response benefit.",Direct fire-specific evidence,Direct fire-specific evidence,Retrieved full report assessed 2026-08-24; minimum coding prepared from the complete report and with no independent author verification of detailed fields claimed.,Author approved eligibility decision — 2026-08-24,High,Minimum corpus coding prepared; detailed source-specific fields may remain unreported,
R26736,Flying Wing Wildfire Tracking Using Visual Servoing and Gimbal Control,"Nunes, Ant\'onio Peres; Moutinho, Alexandra; Azinheira, Jos\'e Raul",2022,"Pattern Recognition, Computer Vision, and Image Processing. ICPR 2022 International Workshops and Challenges: Montreal, QC, Canada, August 21–25, 2022, Proceedings, Part II",10.1007/978-3-031-37742-6_13,Wildfire,Fire-specific interface/source-state evidence,UAV visual tracking of a fire target,Flying-wing UAV with gimbal control,Simulated onboard visual target observations,Image-based visual servoing and gimbal control,Realistic wildfire-target simulation,Simulation,Tracking-control simulations under target/UAV motion,Image-plane and target-tracking error,Target detection is assumed; experimental aircraft and real-fire validation remain future work,1,"Supports the reported fire-source, perimeter, detection, or spread task in its stated evaluation setting; it does not validate smoke concentration, health-risk estimation, or an end-to-end response system.",Fire-specific interface or background evidence,Conditional fire-source/perimeter input,Retrieved full report assessed 2026-08-24; minimum coding prepared from the complete report and with no independent author verification of detailed fields claimed.,Author approved eligibility decision — 2026-08-24,High,Minimum corpus coding prepared; detailed source-specific fields may remain unreported,https://doi.org/10.1007/978-3-031-37742-6_13
R26846,Creating a Safety Assurance Case for a Machine Learned Satellite-Based Wildfire Detection and Alert System,"Hawkins, Richard; Picardi, Chiara; Donnell, Lucy; Ireland, Murray",2023,J. Intell. Robotics Syst.,10.1007/s10846-023-01905-3,Wildfire,Direct fire-specific evidence,Safety assurance for machine-learned satellite detection and alerting,Satellite-based wildfire detection and alert system,Landsat-8 imagery and curated validation datasets,AMLAS safety-assurance case with machine-learning testing,Predeployment safety evaluation,Retrospective/controlled model evaluation,Safety-requirement derivation and validation/testing against specified thresholds,False-negative and false-positive rates plus assurance-argument completeness,Dataset adequacy and operational changes remain; critical validation marginally missed a false-positive requirement,2,Supports the reported predeployment assurance case and measured test performance; it does not establish operational alert safety or real-world response outcomes.,Direct fire-specific evidence,Direct fire-specific evidence,Retrieved full report assessed 2026-08-24; minimum coding prepared from the complete report and with no independent author verification of detailed fields claimed.,Author approved eligibility decision — 2026-08-24,High,Minimum corpus coding prepared; detailed source-specific fields may remain unreported,https://doi.org/10.1007/s10846-023-01905-3
